# Resource object code (Python 3)
# Created by: object code
# Created by: The Resource Compiler for Qt version 6.10.1
# WARNING! All changes made in this file will be lost!

from PySide6 import QtCore

qt_resource_data = b"\
\x00\x00,c\
\x89\
PNG\x0d\x0a\x1a\x0a\x00\x00\x00\x0dIHDR\x00\
\x00\x02\x00\x00\x00\x02\x00\x08\x06\x00\x00\x00\xf4x\xd4\xfa\
\x00\x00\x00\x09pHYs\x00\x00\x0e\xc3\x00\x00\x0e\xc3\
\x01\xc7o\xa8d\x00\x00\x00\x19tEXtSof\
tware\x00www.inksca\
pe.org\x9b\xee<\x1a\x00\x00 \x00ID\
ATx\x9c\xed\xddy\xb8eUy\xae\xfd\xfb-\xaa\
\xe8\x15P\x04\x91FAD@\x05D:E#\xa2\x12\
\x8c\xa81FMP\x94\xc4\xc4\xfe\xd8$\x1a59'\
\x91t$\xea\xa7\x01\xd3`\x17O0j\x22\xa2\xb1\x8f\
G\x04\xa2( \x8d&\x02\xa2\xa0\x80\xf4\x88\x22\x88\xf4\
\xd4\xfb\xfd1WAUQ\xcd\xde\xb5\xd7\x5c\xefl\xee\
\xdfu\xedk\x17P\xec\xfdP\x9b\xb5\xc63\xc7\x98s\
\x8c@\x12\x99\xb91\xf00`\xfb\xc9\xc7V\xc0\x03\x80\
-V\xfa\xbc\x09\xb0\x08\xd8l\xf2\xaf.\xff\xeb\xbb\x81\
\x9bV\xf1\xeb\x1b\x80\x9f\xad\xe2\xf35\xc0\xa5\xc0\xe5\xc0\
U\x11qg\x1b\xffm\x92\xb4*Q\x1d@\x9a\x95\xcc\
\xdc\x00\xd8\x15\xd8\x0dx\xf4\xe4\xf3N4\x03\xfe\x03\x0b\
\xa3AS\x18\xae\x01.\x03.\x02.\x00\xce\x9f|\xbe\
4\x22\xb20\x9b\xa4\x01\xb2\x00h\x902s#`o\
`\xff\xc9\xc7^4\x83\xfd\xe2\xca\x5c\xeb\xe8\x97\xc0\xf7\
\x80s\x803'\x1f\x17F\xc4\xd2\xd2T\x92z\xcd\x02\
\xa0A\xc8\xcc-\x81\x83\x81_\xa1\x19\xf0\xf7\x04\x96\x94\
\x86j\xd7\x8d\xc0\xb7\x803\x80S\x80oD\xc4\x1d\xb5\
\x91$\xf5\x89\x05@\xbd\x94\x99\x8bi\x06\xf9\xa7M>\
\x0e\xa2\x9fW\xf7\xd3r\x0b\xf0M\xe0\xa4\xc9\xc7\xb9.\
\x1bHZ\x13\x0b\x80z#3\xef\x07\x1c\x06<\x0f8\
\x94\xe6\x86<\xad\xda\x15\xc0\xa7\x81\x13\x81\xd3\x22\xe2\xee\
\xe2<\x92:\xc6\x02\xa0N\xcb\xcc\xcd\x81g\xd3\x0c\xfa\
\x87\x00\x1b\xd6&\xea\xa5k\xb9\xb7\x0c\x9c\x1a\x11w\x15\
\xe7\x91\xd4\x01\x16\x00uNf.\x02\x9e\x00\x1c\x01\xbc\
\x18\xd8\xb86\xd1\xa0\x5c\x03|\x02\xf8`D|\xb7:\
\x8c\xa4:\x16\x00uFfnK3\xe0\xbf\x9c\xe6\x8e\
}\xb5\xeb\x1c\xe0\xfd\xc0\xc7\x22\xe2\xe6\xea0\x92f\xcb\
\x02\xa0r\x99y\x10\xf0F\x9a\xf5\xfdE\xb5iF\xe9\
&\xe0C\xc0\xb1\x11qiq\x16I3b\x01P\x89\
\xcc\x5c\x02\xfc:\xf0\x07\xc0\x01\xc5q\xd4X\x0a|\x11\
8&\x22N\xaa\x0e#\xa9]\x16\x00\xcdTfn\x02\
\xbc\x06x=\xf0\x90\xe28Z\xbd3\x80\xbf\x01>\xeb\
\xe3\x84\xd20Y\x004\x13\x93mx_\x0a\x1c\x05<\
\xb88\x8e\xe6\xee\xbb\xc0_\x00\x9f\xb4\x08H\xc3b\x01\
P\xab2s}\xe0H\xe0\xcf\xf0\x8a\xbf\xcf\xce\x04\xfe\
*\x22>W\x1dD\xd2tX\x00\xd4\x8a\xcc\x0c\x9a;\
\xfa\x8f\x06\xb6-\x8e\xa3\xe9\xf9\x1a\xf0\xc6\x888\xb7:\
\x88\xa4\x85\xb1\x00h\xea2s_\xe0\xefh\x9e\xe5\xd7\
\xf0$\xf0\xaf\xc0\x1fE\xc45\xd5a$\xad\x1b\x0b\x80\
\xa6f\xf2\x1c\xff\x9f\x02\xbf\x87\x8f\xf3\x8d\xc1/\x81w\
\x01\x7f\x13\x11\xb7U\x87\x914?\x16\x00-Xf\xae\
\x07\xbc\x01\xf8s\xdc\xb5o\x8c.\x02^\x11\x11\xa7T\
\x07\x914w\x16\x00-Hf>\x06\xf8 \xb0_u\
\x16\x95Z\xb6,\xf0\xc6\x88\xf8iu\x18Ik\xe74\
\xad\xd6If.\xc9\xcc\xb7\x00g\xe3\xe0\xaf\xe6b\xe2\
\x08\xe0\xbc\xcc|Iu\x18Ik\xe7\x0c\x80\xe6-3\
\xf7\x03\x8e\x07\x1eY\x9dE\x9du\x22\xcd\xb2\x80\xb3\x01\
RG9\x03\xa09\xcb\xcc\xc8\xcc\xd7\x03_\xc7\xc1_\
k\xf6<\xe0\xfc\xcc|Fu\x10I\xab\xe6\x0c\x80\xe6\
$3\xb7\x07>\x02<\xb9:\x8bz%\x81\xf7\xd2<\
2x{u\x18I\xf7\xb2\x00h\xad2\xf3\x05\xc0q\
\xc0\x16\xd5Y\xd4[\xe7\x02\x87G\xc4\xf7\xab\x83Hj\
\xb8\x04\xa0\xd5\xca\xcc\xc5\x99\xf97\xc0\xbf\xe3\xe0\xaf\x85\
\xd9\x1b8;3\x9f_\x1dDR\xc3\x19\x00\xadRf\
>\x08\xf87\xe0\xe0\xea,\x1a\x94eK\x02\x7f\x18\x11\
wU\x87\x91\xc6\xcc\x02\xa0\xfb\xc8\xcc\xc7\xd1\xdc\xc5\xfd\
\xd0\xea,\x1a\xacS\x81\x17F\xc4u\xd5A\xa4\xb1r\
\x09@+\xc8\xcc\xdf\x07\xbe\x81\x83\xbf\xdau\x10pf\
f\xeeY\x1dD\x1a+\x0b\x80\x80{\x1e\xf1{;\xf0\
~`\x83\xe28\x1a\x87\x87\x01\xa7e\xe6a\xd5A\xa4\
1r\x09@d\xe6\x06\xc0?\x03\x87Wg\xd1(\xdd\
\x0d\xfc\xaf\x88\xf8\xa7\xea \xd2\x98X\x00F.3\x1f\
\x00|\x1a\xf8\x95\xea,\x1a\xbdci\xce\x12XZ\x1d\
D\x1a\x03\x0b\xc0\x88e\xe6N\xc0\x97\x80]\xaa\xb3H\
\x13\x1f\x07\x8e\x8c\x88;\xaa\x83HCg\x01\x18\xa9\xcc\
\xdc\x158\x09\xd8\xb6:\x8b\xb4\x92\xff\x04~#\x22n\
\xad\x0e\x22\x0d\x99\x05`\x842\xf3Q\xc0W\x80m\xaa\
\xb3H\xab\xf15\xe0Y\x11qSu\x10i\xa8,\x00\
#3y\xc6\xff\xcb\xc0\x03\xab\xb3Hkq6p\xa8\
'\x0aJ\xed\xf01\xc0\x11\xc9\xcc'\x01'\xe3\xe0\xaf\
~\xd8\x078i\xb2+\xa5\xa4)s\x06`$&\x83\
\xff\x7f\x02\x1bWg\x91\xe6\xe9<\xe0)\x11q}u\
\x10iH,\x00#\x90\x99\x8f\xa5\xb9\xf2\xdf\xbc:\x8b\
\xb4\x8e\xbe\x03\x1c\x1c\x117T\x07\x91\x86\xc2%\x80\x81\
\xcb\xcc=hn\xf8s\xf0W\x9f\xed\x05|137\
\xad\x0e\x22\x0d\x85\x05`\xc02s\x17\xbc\xe1O\xc3q\
\x00\xf0\x99\xcc\xdc\xb0:\x884\x04\x16\x80\x81\xca\xcc\x1d\
i\xa6\xfd\x1f\x5c\x9dE\x9a\xa2\x83\x81\x132sIu\
\x10\xa9\xef,\x00\x034\xd9\xde\xf7K\xb8\xc9\x8f\x86\xe9\
0\xe0\xb8\xea\x10R\xdfY\x00\x06&3\xd7\x07N\x00\
\x1eY\x9dEj\xd1\xeff\xe6\x9fT\x87\x90\xfa\xcc\xa7\
\x00\x06$3\x038\x1exqu\x16i\x06\x92\xe6\xdc\
\x80\xe3\xab\x83H}\xe4\x0c\xc0\xb0\x1c\x8d\x83\xbf\xc6#\
\x80\x0ff\xe6S\xab\x83H}\xe4\x0c\xc0@d\xe6\xcb\
\x80\x0fV\xe7\x90\x0a\xdc\x00\x1c\x10\x11?\xa8\x0e\x22\xf5\
\x89\x05`\x002s\x7f\xe0\xbf\x80\x0d\xaa\xb3HE\xbe\
\x0f\xec\xe7\xe1A\xd2\xdc\xb9\x04\xd0s\x99\xb9\x15\xf0I\
\x1c\xfc5n\x8f\x04\xfeer\x1f\x8c\xa49\xb0\x00\xf4\
Xf.\x06\xfe\x1d\xd8\xae:\x8b\xd4\x01\xbf\x0e\xbc\xb9\
:\x84\xd4\x17\x16\x80~{\x17pPu\x08\xa9C\x8e\
\xce\xccC\xabCH}\xe0tYOe\xe6\xf3h\xa6\
\xfe%\xad\xe8'\xc0\x9e\x11quu\x10\xa9\xcb,\x00\
=\x94\x99\xdb\x02\xff\x8d{\xfcK\xab\xf3\x15\xe0W#\
\x22\xab\x83H]\xe5\x12@\xcfd\xe6\x22\x9a\xcd~\x1c\
\xfc\xa5\xd5{:\xf0\x86\xea\x10R\x97Y\x00\xfa\xe7\xcd\
4\x07\xa2HZ\xb3\xa33s\xaf\xea\x10RW\xb9\x04\
\xd0#\x99\xb97p:\xb0~u\x16\xa9'\xbe\x07\xec\
\x13\x11\xb7T\x07\x91\xba\xc6\x19\x80\x9e\xc8\xcc\x0d\x80\x8f\
\xe0\xe0/\xcd\xc7n\xc0_U\x87\x90\xba\xc8\x02\xd0\x1f\
\x7f\x0c\xec^\x1dB\xea\xa1\xd7e\xe6\x13\xaaCH]\
\xe3\x12@\x0fd\xe6\xae\xc0wp\xb7?i]}\x97\
f)\xe0\x8e\xea RW8\x03\xd0q\x93\xbb\xfe?\
\x84\x83\xbf\xb4\x10\x8f\x01\xfe\xa8:\x84\xd4%\xce\x00t\
\x5cf\xbe\x01xOu\x0ei\x00n\x07\xf6\x8e\x88\x0b\
\xaa\x83H]`\x01\xe8\xb0\xcc|\x08\xcd)g\x9bV\
g\x91\x06\xe2\xd4\x88xJu\x08\xa9\x0b\x5c\x02\xe8\xb6\
\xa3q\xf0\x97\xa6\xe9\xa0\xcc\xfc\x8d\xea\x10R\x178\x03\
\xd0Q\x93g\xfe\xcf\xc2\x92&M\xdb%\xc0\xee\x11q\
[u\x10\xa9\x92\x83K\x07M\xce4?\x06\x7f>R\
\x1bv\xc4m\x82%g\x00\xba(3\x0f\x07>Z\x9d\
C\x1a\xb0\x9b\x81]<1Pc\xe6\x15f\xc7Lv\
\xfc;\xba:\x874p\x9b\x02GU\x87\x90*Y\x00\
\xba\xe7\xf7\x80\x1d\xaaCH#pdf\xeeT\x1dB\
\xaab\x01\xe8\x90\xcc\xdc\x10xku\x0ei$\x96\x00\
\x7fR\x1dB\xaab\x01\xe8\x96W\x00\xdbU\x87\x90F\
\xe4\xa5\x99\xf9\xc8\xea\x10R\x05\x0b@GL\xae\xfe\xdf\
\x5c\x9dC\x1a\x99\xf5h\x0e\xda\x92F\xc7\x02\xd0\x1d\xaf\
\x02\xb6\xad\x0e!\x8d\xd0\x8b2s\x97\xea\x10\xd2\xacY\
\x00: 3\x17\xe3s\xc9R\x95\xf5\x807V\x87\x90\
f\xcd\x02\xd0\x0d\xbf\x89w\xfeK\x95^\x9a\x99[V\
\x87\x90f\xc9\x02\xd0\x0d^\xfdK\xb56\x02^Y\x1d\
B\x9a%w\x02,\x96\x99\x07\x02\xa7U\xe7\x90\xc4u\
\xc0C=#@c\xe1\x0c@=\xd7\x1e\xa5n\xd8\x0a\
\xf8\xad\xea\x10\xd2\xac8\x03P(3\x1f\x0c\x5c\x0e,\
\xae\xce\x22\x09\x80oE\xc4\xfe\xd5!\xa4Yp\x06\xa0\
\xd6\xef\xe0\xe0/u\xc9~\x99\xb9Gu\x08i\x16,\
\x00E&G\xfe\xfeNu\x0eI\xf7\xf1\xd2\xea\x00\xd2\
,\xb8\x04P$3\x9f\x0c\x9cZ\x9dC\xd2}\xfc\x14\
\xd86\x22n\xaf\x0e\x22\xb5\xc9\x19\x80:/\xab\x0e \
i\x95\x1e\x08\x1cV\x1dBj\x9b\x05\xa0@f\xde\x0f\
x^u\x0eI\xab\xe5\xf2\x9c\x06\xcf\x02P\xe30`\
\xe3\xea\x10\x92V\xeb\x90\xcc\xdc\xa2:\x84\xd4&\x0b@\
\x0d\xaf\xfe\xa5n[\x82\xcb\x00\x1a8\x0b\xc0\x8ce\xe6\
\xc6\xc0\xa1\xd59$\xad\x95E]\x83f\x01\x98\xbd_\
\x036\xa9\x0e!i\xad\x0e\xcd\xcc\xfbW\x87\x90\xdab\
\x01\x98=\xaf*\xa4~\xd8\x80\xa6\xb0K\x83d\x01\x98\
\xa1\xcc\x5c\x0c<\xa3:\x87\xa49{vu\x00\xa9-\
\x16\x80\xd9\xda\x1f\xd8\xac:\x84\xa49{zf\xfa>\
\xa9A\xf2\x7f\xec\xd9zzu\x00I\xf3\xb2%\xb0g\
u\x08\xa9\x0d\x16\x80\xd9\xb2\x00H\xfdsHu\x00\xa9\
\x0d\x16\x80\x19\x99\xdcM\xbcou\x0eI\xf3fq\xd7\
 Y\x00f\xe7`\x9a\xcdE$\xf5\xcb\x81\x93\xfd;\
\xa4A\xb1\x00\xcc\xce\xafT\x07\x90\xb4N6\xc4\xd9;\
\x0d\x90\x05`v\x0e\xa8\x0e i\x9d\xf9\xfa\xd5\xe0X\
\x00f 3\x97\x00{U\xe7\x90\xb4\xce\xf6\xaf\x0e \
M\x9b\x05`6\x1e\x0blT\x1dB\xd2:s\x06@\
\x83c\x01\x98\x0d\xdf<\xa4~\xdb&3w\xa8\x0e!\
M\x93\x05`6\xbc\x81H\xea?\x8b\xbc\x06\xc5\x020\
\x1b\xee$&\xf5\xdfc\xaa\x03H\xd3d\x01h\xd9\xe4\
\x00\xa0]\xaasHZ\xb0\xdd\xab\x03H\xd3d\x01h\
\xdf\xce4\xc7\x8aJ\xea\xb7GU\x07\x90\xa6\xc9\x02\xd0\
>\xdf4\xa4axxfZ\xe65\x18\x16\x80\xf6Y\
\x00\xa4ap9O\x83b\x01h\xdfn\xd5\x01$M\
\x8d\xf7\x01h0,\x00\xed\xdb\xa9:\x80\xa4\xa9\xd9\xb1\
:\x804-\x16\x80\xf6\xb9y\x884\x1c\xbe\x9e5\x18\
\x16\x80\x16e\xe6\xfa\xc0V\xd59$M\x8d\x05@\x83\
a\x01h\xd7\xf6\xf8g,\x0d\x89\x05@\x83\xe1\xe0\xd4\
.\xdf,\xa4ayhu\x00iZ,\x00\xed\xda\xae\
:\x80\xa4\xa9\xba\x7ffnV\x1dB\x9a\x06\x0b@\xbb\
\xb6\xae\x0e i\xea\xbc\xafG\x83`\x01h\xd7\x16\xd5\
\x01$M\x9d\xafk\x0d\x82\x05\xa0]\xbeQH\xc3\xf3\
\x80\xea\x00\xd24X\x00\xda\xe5\x1b\x854<\xbe\xae5\
\x08\x16\x80v\xf9F!\x0d\x8f3{\x1a\x04\x0b@\xbb\
|\xa3\x90\x86\xc7b\xafA\xb0\x00\xb4k\x93\xea\x00\x92\
\xa6n\xe3\xea\x00\xd24X\x00\xda\xb5~u\x00IS\
\xe7\xebZ\x83`\x01h\x97o\x14\xd2\xf0lP\x1d@\
\x9a\x06\x0b@\xbb,\x00\xd2\xf0\xf8\xba\xd6 X\x00\xda\
\xb5\xa4:\x80\xa4\xa9\xb3\x00h\x10,\x00\xed\xf2\x8dB\
\x1a\x1e_\xd7\x1a\x04\x0b@\xbb\xfc\xf3\x95\x86gqu\
\x00i\x1a\x1c\xa0\xdauWu\x00ISw{u\x00\
i\x1a,\x00\xed\xba\xa3:\x80\xa4\xa9\xf3u\xadA\xb0\
\x00\xb4\xcb7\x0aix|]k\x10,\x00\xed\xba\xb3\
:\x80\xa4\xa9\xb3\x00h\x10,\x00\xed\xf2\x8dB\x1a\x1e\
_\xd7\x1a\x04\x0b@\xbb\xbcYH\x1a\x1e\x0b\x80\x06\xc1\
\x02\xd0\xae\x1b\xab\x03H\x9a\xba\x9fW\x07\x90\xa6\xc1\x02\
\xd0\xae\x9fU\x07\x904u7T\x07\x90\xa6\xc1\x02\xd0\
.\x0b\x804<\xbe\xae5\x08\x16\x80vy\xa5 \x0d\
\x8f\x05@\x83`\x01h\x97\x05@\x1a\x1e_\xd7\x1a\x04\
\x0b@\xbb\xbcR\x90\x86\xc7\x02\xa0A\xb0\x00\xb4\xeb\xaa\
\xea\x00\x92\xa6j)pMu\x08i\x1a,\x00\xed\xfa\
qu\x00ISuuD\xb8\x0f\x80\x06\xc1\x02\xd0\xae\
\xcb\xab\x03H\x9a*K\xbd\x06\xc3\x02\xd0\xae\xeb\x80[\
\xabCH\x9a\x1a\x0b\x80\x06\xc3\x02\xd0\xa2\x88H\xe0\x8a\
\xea\x1c\x92\xa6\xc6\x02\xa0\xc1\xb0\x00\xb4\xcf7\x0ci8\
\x5c\xd6\xd3`X\x00\xdawQu\x00IS\xf3\x83\xea\
\x00\xd2\xb4X\x00\xdawAu\x00IS\xe3\xebY\x83\
a\x01h\xdf\xf9\xd5\x01$M\xc5MxO\x8f\x06\xc4\
\x02\xd0>\xaf\x18\xa4a\xb8`rc\xaf4\x08\x16\x80\
\x96E\xc45\xc0\xf5\xd59$-\x98e^\x83b\x01\
\x98\x0d\xdf8\xa4\xfe\xfb^u\x00i\x9a,\x00\xb3q\
Nu\x00I\x0bvvu\x00i\x9a,\x00\xb3qf\
u\x00I\x0br7\x16\x00\x0d\x8c\x05`6\xce\xa8\x0e\
 iA\xce\x8b\x88\x9b\xabCH\xd3d\x01\x98\x81\x88\
\xb8\x0c\x8f\x06\x96\xfa\xcc\x12\xaf\xc1\xb1\x00\xcc\xce\xb7\xaa\
\x03HZg.\xe3ip,\x00\xb3\xe3\x15\x84\xd4_\
\xbe~58\x16\x80\xd99\xa5:\x80\xa4ur\x0dp\
au\x08i\xda,\x00\xb3s\x0e\xf0\xb3\xea\x10\x92\xe6\
\xed\xff\xb9\x03\xa0\x86\xc8\x020#\x11q7pru\
\x0eI\xf3\xf6\x95\xea\x00R\x1b,\x00\xb3\xe5\x1b\x89\xd4\
/\x09|\xb5:\x84\xd4\x06\x0b\xc0l}\xb9:\x80\xa4\
y\xf9nD\x5c]\x1dBj\x83\x05`\x86&\xfb\x01\
|\xbf:\x87\xa49\xb3\xb4k\xb0,\x00\xb3\xf7\xa9\xea\
\x00\x92\xe6\xec\xc4\xea\x00R[,\x00\xb3\xe7\x1b\x8a\xd4\
\x0fW\xe0\x06^\x1a0\x0b\xc0\x8cE\xc49\xc0\x8f\xaa\
sHZ\xab\x13}\xfcOCf\x01\xa8\xe12\x80\xd4\
}\xce\xd6i\xd0,\x005|c\x91\xba\xed\x1a\xe0\x9b\
\xd5!\xa46Y\x00j\x9c\x89\xcb\x00R\x97\xfd\xfbd\
\xf3.i\xb0,\x00\x05&\xeb\x8a\x1f\xae\xce!i\xb5\
|}j\xf0\xa2:\xc0Xe\xe6\xb6\xc0e\xc0z\xd5\
Y$\xad\xe0\xec\x88\xd8\xb7:\x84\xd46g\x00\x8aD\
\xc4\x95\xb85\xb0\xd4E\xff\x5c\x1d@\x9a\x05\x0b@\xad\
\x0fU\x07\x90\xb4\x82\xdb\x80\x7f\xab\x0e!\xcd\x82\x05\xa0\
\xd6g\x81\xeb\xaaCH\xba\xc7'#\xe2\x86\xea\x10\xd2\
,X\x00\x0aE\xc4\x1d\xc0q\xd59$\xdd\xe3\xbd\xd5\
\x01\xa4Y\xf1&\xc0b\x99\xb9\x15\xcd\xcd\x80\x1bVg\
\x91F\xeek\x11\xf1\xe4\xea\x10\xd2\xac8\x03P,\x22\
\xae\x03>V\x9dC\x12\xef\xa9\x0e \xcd\x923\x00\x1d\
\x90\x99\x8f\x06\xfe\x07\x7f\x1eR\x95K\x80G\xb8\xf9\x8f\
\xc6\xc4\x19\x80\x0e\x88\x88\xf3\x80\x93\xaasH#\xf6n\
\x07\x7f\x8d\x8dW\x9c\x1d\x91\x99\x07\x03_\xad\xce!\x8d\
\xd0O\x80\x9d\x22\xe2\xe6\xea \xd2,9\x03\xd0\x11\x11\
q2pju\x0ei\x84\x8ev\xf0\xd7\x189\x03\xd0\
!\x99y pZu\x0eiD\xae\x06v\x8e\x88[\
\xaa\x83H\xb3\xe6\x0c@\x87D\xc47\xf0^\x00i\x96\
\x8ev\xf0\xd7X9\x03\xd01\x99\xf9x<\x87\x5c\x9a\
\x85\xabh\xae\xfeo\xad\x0e\x22Up\x06\xa0c\x22\xe2\
t\xe0\xf3\xd59\xa4\x11x\xbb\x83\xbf\xc6\xcc\x19\x80\x0e\
\xca\xcc\x9d\x81\xf3\x80\x0d\xaa\xb3H\x03\xf5\xdf\xc0\xe3|\
\xf4Oc\xe6\x0c@\x07E\xc4\xc5\xc0?V\xe7\x90\x06\
\xecM\x0e\xfe\x1a;g\x00:*37\x07~\x00<\
\xa8:\x8b40'F\xc4oV\x87\x90\xaa9\x03\xd0\
Q\x11\xf1s\xe0\xcf\xaasH\x03s\x07\xf0\xd6\xea\x10\
R\x17X\x00\xba\xed\xfd4k\x95\x92\xa6\xe3\x9d\x93%\
6i\xf4\x5c\x02\xe8\xb8\xcc\xdc\x0b8\x0bX\x5c\x9dE\
\xea\xb9\x8b\x80=\xbd\xf3_j8\x03\xd0q\x11\xf1\x1d\
\xe0\x98\xea\x1cR\xcf%\xf0*\x07\x7f\xe9^\xce\x00\xf4\
@fnLs\x5c\xf0\xc3\xab\xb3H=\xf5\xfe\x88x\
Eu\x08\xa9K,\x00=\x91\x99O\xa19-\xd0\x9f\
\x994?W\x03\x8f\x8a\x88\x1b\xaa\x83H]\xe2\x12@\
OD\xc4)\xc0\x87\xabsH=\xf4*\x07\x7f\xe9\xbe\
\xbc\x9a\xec\x91\xcc\xdc\x048\x17\xd8\xa5:\x8b\xd4\x13N\
\xfdK\xaba\x01\xe8\x99\xcc\xdc\x87\xe6\xb0\xa0%\xd5Y\
\xa4\x8e\xbb\x18xlD\xdc\x5c\x1dD\xea\x22\x97\x00z\
&\x22\xce\x06\x8e\xaa\xce!u\xdc\x9d\xc0\x8b\x1c\xfc\xa5\
\xd5\xb3\x00\xf4\xd3\xd1\xc0)\xd5!\xa4\x0e{[D|\
\xab:\x84\xd4e.\x01\xf4Tf\xee@s?\xc0\x03\
\xab\xb3H\x1d\xf3\x9f\xc03#biu\x10\xa9\xcb,\
\x00=\x96\x99O\xa5y\xb3s\x97@\xa9q\x19\xb0O\
D\x5c_\x1dD\xea:\x97\x00z,\x22\xbe\x0a\xfc\xef\
\xea\x1cRG\xdc\x06<\xcf\xc1_\x9a\x1b\x0b@\xff\xbd\
\x03\xf8Du\x08\xa9\x03^\x15\x11\xe7T\x87\x90\xfa\xc2\
%\x80\x01\xc8\xccM\x81\xd3\x81GWg\x91\x8a\x1c\x1b\
\x11\xaf\xaf\x0e!\xf5\x89\x05` 2\xf3\x114\xfb\x03\
lY\x9dE\x9a\xb1\x93\x81C#\xe2\xce\xea R\x9f\
X\x00\x06$3\xf7\xa3y<p\xe3\xea,\xd2\x8c\x5c\
\x00<\xd1\xad~\xa5\xf9\xf3\x1e\x80\x01\x99<\xf7|$\
\xe0\xe3O\x1a\x83\xab\x81_s\xf0\x97\xd6\x8d\x05``\
\x22\xe2\x04\xe0\xad\xd59\xa4\x96\xdd\x02<7\x22.\xab\
\x0e\x22\xf5\x95\x05`\x80\x22\xe2\x9d\xc0?V\xe7\x90Z\
r\x17\xf0\x82\x888\xb3:\x88\xd4g\x16\x80\xe1\xfa_\
\xc0\xc7\xabCHS\x96\xc0+#\xe2\x0b\xd5A\xa4\xbe\
\xb3\x00\x0c\xd4d\x1b\xd4#\x80\x13\xaa\xb3HS\x92\xc0\
k\x22\xe2C\xd5A\xa4!\xb0\x00\x0cXD\xdc\x0d\xbc\
\x18\xf8bu\x16i\x0a\xde\x16\x11\xffT\x1dB\x1a\x0a\
\x0b\xc0\xc0E\xc4\x1d\xc0o\x02\xffU\x9dEZ\x80\xa3\
\x22\xe2o\xabCHC\xe2>\x00#\x91\x99\xf7\x07\xbe\
\x0c\x1cP\x9dE\x9a\xa7wD\xc4[\xaaCHC\xe3\
\x0c\xc0HD\xc4M\xc0\xd3\x80\x93\xaa\xb3H\xf3\xf0\xb7\
\x0e\xfeR;,\x00#\x12\x11\xbf\x04\x0e\x03>S\x9d\
EZ\x8b\x04\xde\x1c\x11\xeei!\xb5\xc4%\x80\x11\xca\
\xcc\xf5\x81\x8f\xd2\xdc\x1b uM\x02o\x88\x88c\xab\
\x83HCf\x01\x18\xa9\xcc\x5c\x0c|\x98\xe6)\x01\xa9\
+\xee\x02^\x16\x11\xc7W\x07\x91\x86\xce%\x80\x91\x8a\
\x88\xbb\x80\x97\x00GUg\x91&~I\xb3\xbd\xaf\x83\
\xbf4\x03\xce\x00\x88\xcc|\x19p\x1c\xb0\xb8:\x8bF\
\xebj\xe0Y\x11qNu\x10i,,\x00\x02 3\
\x0f\xa1\xd95\xf0\xfe\xd5Y4:\xe7\x03\xcf\xf4`\x1f\
i\xb6,\x00\xbaGf>\x0e\xf8\x1c\xb0Mu\x16\x8d\
\xc6W\x81\xe7E\xc4\x8d\xd5A\xa4\xb1\xf1\x1e\x00\xddc\
2\xfd\xba/pzu\x16\x8d\xc2\xfb\x81g8\xf8K\
5,\x00ZAD\x5c\x09<\x05\xf0\x11,\xb5\xe56\
\xe0w#\xe2\x15\x11qgu\x18i\xac\x5c\x02\xd0j\
e\xe6\x11\xc0\xfb\x80\x8d\xaa\xb3h0~L3\xe5\x7f\
vu\x10i\xec,\x00Z\xa3\xcc\xdc\x17\xf8$\xb0C\
u\x16\xf5\xde\x97\x80\x17G\xc4\xcf\xaa\x83Hr\x09@\
k\x11\x11g\x01\x8f\xa1\xd99PZ\x17w\xd2\xec7\
q\x98\x83\xbf\xd4\x1d\xce\x00h\xce2\xf3\xf947n\
m^\x9dE\xbdq!pxD|\xbb:\x88\xa4\x15\
9\x03\xa09\x8b\x88\x13\x80\xc7\x02\xdf\xa8\xce\xa2^\xf8\
\x08\xb0\x8f\x83\xbf\xd4M\x16\x00\xcdKD\x5cJ\xf3\x94\
\xc0\x9f\x01\xb7\xd7\xa6QG]\x09<;\x22^29\
\x81RR\x07\xb9\x04\xa0u\x96\x99;\x03\x1f\x00\x0e*\
\x8e\xa2nH\xe0_iN\xf2s\xad_\xea8\x0b\x80\
\x16$3\x03\xf8}\xe0\x9d\xb8\x8d\xf0\x98]\x0c\xbc\x22\
\x22N\xae\x0e\x22in,\x00\x9a\x8a\xcc\xdc\x01\xf8;\
\xe0\xb9\xd5Y4S\xb7\xd2\x94\xbf\xa3#\xe2\xb6\xea0\
\x92\xe6\xce\x02\xa0\xa9\xca\xcc\xa7\x00\xef\x01\xf6\xac\xce\xa2\
\xd6}\x1ex]D\x5cR\x1dD\xd2\xfcy\x13\xa0\xa6\
*\x22N\x01\xf6\x06^\x0a\x5c[\x1cG\xed8\x17x\
rD<\xcb\xc1_\xea/g\x00\xd4\x9a\xcc\xdc\x1c\xf8\
c\xe05\xc0\xc6\xc5q\xb4p\x97\xd1l\xe8\xf3/\x11\
\xb1\xb4:\x8c\xa4\x85\xb1\x00\xa8u\x99\xb9%\xf0&\xe0\
ux\xae@\x1f]\x01\xbc\x0bx\x9f\xeb\xfc\xd2pX\
\x0043\x99\xb9\x15\xf0\x07X\x04\xfa\xe2:\xe0\xdd\xc0\
1\x0e\xfc\xd2\xf0X\x004s\x99\xb9-M\x09x9\
n+\xdcE\x17\xd2<\xd1q|D\xdcZ\x1dFR\
;,\x00*\x93\x99\x9b\x02\x87\x03o\x04v-\x8e\xa3\
f\x8b\xe7c\x80OE\xc4\xdd\xd5a$\xb5\xcb\x02\xa0\
r\x99\xb9\x08x\x0e\xf0j\xe0`|:e\x96~\x09\
|\x0286\x22\xbeS\x1dF\xd2\xecX\x00\xd4)\x99\
\xb9\x1d\xf0\x22\x9a\xe5\x81\x9d\x8a\xe3\x0c\xd994';\
~<\x22~Q\x1dF\xd2\xecY\x00\xd4I\x93Y\x81\
\xa7\x01G\x02\xcf\x026-\x0d4\x0c\x97\x03\xff\x06|\
8\x22\xbeW\x1dFR-\x0b\x80:/37\x04\x9e\
\x0e<\x1fx6\xb0Ym\xa2^\xb9\x0c\xf8\x0cp\x02\
\xf0\x8d\x88\xc8\xe2<\x92:\xc2\x02\xa0^\xc9\xcc\x0dh\
f\x06\x9e\x0d\x1c\x02<\xac4P\xf7,\xa5\x99\xde\xff\
2\xf0\xe9\x888\xb78\x8f\xa4\x8e\xb2\x00\xa8\xd72s\
'\x9aB\xb0\xecc\x8b\xdaD%\xae\x06N\xa3\xd9\x9b\
\xff\x0b\x11\xf1\xd3\xe2<\x92z\xc0\x02\xa0\xc1\xc8\xcc\xc5\
4\x87\x10\x1d\x00\xec?\xf9\xd8\xa54\xd4\xf4\xdd\x01|\
\x1b8s\xf2q\xba\xfb\xf1KZ\x17\x16\x00\x0dZf\
>\x90\xa6\x08\xec\x01\xec>\xf9\xd8\x8d~\x9cMp=\
p\x1e\xf0=\xe0|\x9aCx\xce\x8d\x88\xdbKSI\
\x1a\x04\x0b\x80Fg\xf2\x84\xc1\xc3h\x8a\xc0\xc3\x81\x1d\
\x80\xed'\x9fw\x00\xb6a6\xaf\x8d;h\xee\xcc\xbf\
\x1c\xf81p\xe9\xe4\xd7\x17\x03\xe7E\xc4\xf53\xc8 \
i\xa4,\x00\xd2J2s}`K\xe0\x014\xf7\x14\
,\xffyc\xee}$qCV}\xa6\xc1M\xc0\xb2\
\x9d\xf4n\x00n\x01~6\xf9\xf5\xf2\x9f\xaf\xf7\xae|\
IU,\x00\x1d3\x19|\x1e\x02lG3\x08mN\
3\xf8l1\xf9\xf5\x06\x93\xdf\xba\x19\xf7\xee\x98w;\
\xf0s\xe0\xfb4S\xc6gxx\x8b\xc6jr/\xc8\
>4\xcb>\xbb\xd1\xbcn6\x99\xfc\xe3\xbbi\x0a\x1a\
430?\xa7)d\xcb>_\x0f\x5c\x05\x5c\xe1R\
\x8b\x86\xce\x02P 37\x06\x1e9\xf9\xd8\x8df\x1f\
\xfc\x9dh\x06\xfd\xadY\xf8\xcf\xe5\x16\xe0\xbf\x80\x8f\xd2\
\xec\xeb\xee\x81.\x1a\xb4\xc9\xa0\xff\x0c\xe0\x08\x9a=#\
\xa6q\xc8\xd4u\xc0\x95\xc0%4\x07$]Hs?\
\xc6\xf7\xdd=QC`\x01h\xd9d\x13\x9b\xc7\xd2\x5c\
\x91,\xfb\xd8\x95\xd9\xedw\x7f#\xf0A\xe0=\x11q\
\xe5\x8c\xbe\xa74\x13\x99\xb9\x05\xcd\x19\x12\xaf\x05\x1e<\
\xc3o}1p\xf6r\x1f\xe7D\xc4\xcd3\xfc\xfe\xd2\
\x82Y\x00\xa6,3\x97\x00\xfb\xd1\x1cjs0\xf0x\
\xee\x9d\xb6\xaft\x07\xf0/\xc0Q\x16\x01\xf5\xddd\xe0\
\x7f\x0b\xf0\x1a\xba\xb1M\xf4]\xc0Y\xc0)\xc0\xc9\xc0\
7\x9dyS\xd7Y\x00\xa6 3\x1f\x00\x1cF\xb3;\
\xdd\xaf\xd2\x8d7\xa4\xd5\xb9\x158\x168:\x22n\xac\
\x0e#\xcd\xc7d'\xc8\xd7\x01o\xa3\xdb\x9b>\xdd\x0e\
\x9c\x0a\xfc\x07\xf09K\xb7\xba\xc8\x02\xb0\x8e&\x83\xfe\
o\x01\xbf\x09<\x09X\x5c\x9bh\xde\xae\x06\xfe0\x22\
>^\x1dD\x9a\x8b\xcc|*\xf0\x8f\xf4os\xa7\xa4\
Y&8\x11\xf8hD\x5cQ\x9cG\x02,\x00\xf3\x92\
\x99\xeb\x01O\x01^B3\xf0\xaf\xea\x11\xb0\xbe9\x15\
x\xb5\xa7\xc3\xa9\xab2sk\xe0\x9d\xc0\x8b\xe9\xff{\
\xd6R\xe0t\xe0x\xe0c\xde7\xa0J}\x7f1\xcd\
DfnC3\xe8\xbf\x96\xe6N\xfd\xa1\xb9\x13x7\
\xf0v\x1f\x1fTWdf\xd0\xdc\xd5\xffn\xe0\x81\xc5\
q\xda\xf0\x0b\xe0\xe3\xc0{#\xe2\xbc\xea0\x1a\x1f\x0b\
\xc0\x1ad\xe6A4\x83\xfes\xe8\xdf\x14\xff\xba\xf8\x01\
\xcdl\xc0W\xab\x83h\xdc2s/\xe08\x9am\x9c\
\x87.in\x1c\xfc{\xe0\xb3\x11\xb1\xb48\x8fF\xc2\
\x02\xb0\x92\xc9U\xc7a47\x19=\xbe8N\x95\x13\
h\x8a\x80[\xd1j\xa6&\x8f\xcd\xbe\x95\xe6\xf5\xb7~\
q\x9c\x0a?\x04\xde\x0b\x1c\xe7FDj\x9b\x05`b\
\xb2?\xfc\x0b\x81?\x06\x1e]\x1c\xa7\x0b\xae\x01^\x17\
\x11'T\x07\xd18d\xe6\x93\x81\x0f\x00\x8f\xa8\xce\xd2\
\x01\x97\xd1\xdc\xf7\xf0\x81\x88\xb8\xa3:\x8c\x86\xc9\x02\x00\
d\xe6\xd3\x80w\xd0l\xd8\xa3\x15}\x01xUD\x5c\
^\x1dD\xc3\x94\x99\x9b\x01\x7fN\xb3\xdc6\xab\x0d\xb2\
\xfa\xe2r\xe0/\x81\x0fE\xc4\xddk\xfb\xcd\xd2|\x8c\
\xba\x00d\xe6\x014\x03\xff\x93\xaa\xb3t\xdc\x8d\xc0\x1f\
\xd1\x5c\x8dxx\x8d\xa6&3\x9f\x03\xfc\x03\xb0mu\
\x96\x8e\xfb.\xf0\xb6\x88\xf8Bu\x10\x0d\xc7(\x0b\xc0\
\xe4\x8c\xf8?\xc5+\x8e\xf9:\x0d\xf8\xfd\x88\xb8\xb0:\
\x88\xfam\xb9G\xfb\x8e\xa8\xce\xd23'\xd1,\xcd\xf9\
\xd8\xae\x16lT\x05`r`\xc8\xabi\xa6\x1b7+\
\x8e\xd3W\xb7\x02G\x01\xff_D\xdcU\x1dF\xfd2\
\xb9\xc9\xf6%4\x8f\xf6=\xa08N_\xdd\x0e\xbc\x0b\
\xf8\xeb\x88\xb8\xa5:\x8c\xfak4\x05 3\x1f\x05|\
\x18\xd8\xb7:\xcb@\xfc\x0f\xf0{\x11qVu\x10\xf5\
Cf>\x0cx\x1fpHq\x94\xa1\xb8\x84\xe65x\
ru\x10\xf5\xd3\xe0\xa7\xbf3sqf\xbe\x058\x07\
\x07\xffi\xda\x03\xf8ff\x1e\x93\x99\x9b\xac\xf5wk\
\xb42sQf\xbe\x9cf\x1d\xdb\xc1\x7fzv\x04N\
\xca\xcc\xf7e\xe6\xfd\xaa\xc3\xa8\x7f\x06=\x03\x90\x99\x8f\
\x04>\x06\xec]\x9de\xe0.\xa2\xb97\xe0\xbf\xaa\x83\
\xa8[2\xf3\xd14\xc7Q\x8faC\x9fJ?\x02^\
\x14\x11gT\x07Q\x7f\x0cv\x06 3_Bs\x00\
\x87\x83\x7f\xfb\x1e\x01\x9c\x92\x99\xc7O\x0eI\xd2\xc8e\
\xe6\x92\xc9\xcc\xdb\xd98\xf8\xcf\xc2N\xc0\xd73\xf3\xed\
\x93=M\xa4\xb5\x1a\xdc\x0c\xc0d:\xfa\x1f\x80\x97V\
g\x19\xa9\xabhv\x11\xfcLu\x10\xd5\xc8\xcc'\xd0\
l\xe8\xb3{u\x96\x91\xfa2pDD\xfc\xa4:\x88\
\xbamP\x05 3\xb7\x03>\x0d\xecS\x9dE|\x1e\
x\xa5\xe7\xa0\x8fGfnL\xf3x\xed\x9b\x80\xf5\x8a\
\xe3\x8c\xdd\x15\xc0s#\xe2\xec\xea \xea\xae\xc1L\x15\
e\xe6\x814\xd3\x8d\x0e\xfe\xddp\x18p^f\xbe|\
\xf2\xe8\x97\x06,3\x0f\x05.\x00\xde\x82\x83\x7f\x17l\
G\xb3$\xf0\xe2\xea \xea\xaeA\x14\x80\xcc<\x92\xe6\
4\xad\xad\x8b\xa3hE\x9b\xd3<\xf6\xf5\x95\xc9c\x98\
\x1a\x98\xcc\xdc>3?\x06|\x09xhu\x1e\xad`\
C\xe0\xf8\xcc\xfc\xd3\xea \xea\xa6\xde_\x99e\xe6\xeb\
\x81\xf70\x80\xff\x96\x81[\x0a|\x14\xf8C\xd7&\xfb\
/37\x02^\x07\xfc\x09\xe0#h\xdd\xf7a\xe0\xe5\
n\xde\xa5\xe5\xf5v\xd0\x9cL+\xff-\xf0\xe6\xea,\
\x9a\x97\x1bh~n\xef\xf1\x94\xb3~\xca\xccg\x01\xc7\
\x02\x0f+\x8e\xa2\xf9\xf9\x0c\xf0\xdb\x11qku\x10u\
C/\x0b\xc0\xe41\x97\x0f\x01G\x16G\xd1\xba\xbb\x00\
\xf8?\xc0\x7fD\xc4\xd2\xea0Z\xbb\xcc<\x18\xf8\x0b\
\xe0\x09\xd5Y\xb4\xce\xbe\x0a<\xdb-\x84\x05=,\x00\
\x99\xb9\x1e\xcd\xe0\xefc~\xc3\xf0C\x9a\x13\x19\xff\xd9\
\xe9\xc9n\x9a\x1c\x97\xfd\xe7\xc0\xe3\xab\xb3h*\xbe\x0e\
\xfcZD\xdc\x5c\x1dD\xb5zU\x00&\x83\xff?\xd3\
\x1c&\xa2a\xb9\x14\xf8;\xe0\xfdNQ\xd6\x9b\xcc\xb2\
=\x93\xe6\xb1>\x9f\xac\x19\x1eK\x80\xfaS\x00&k\
\xfe\x1f\x00^V\x9dE\xad\xba\x128\x06\xf8pD\x5c\
_\x1dfl&{\xca\x1f\x0e\xfc\x01\xb0Kq\x1c\xb5\
\xeb+\xc0a\xde\x8b3^}*\x00\xef\xc0\x1b\xfe\xc6\
\xe4\x0e\x9a\x9b\x96\xde\x0f|5\x22\xb28\xcf\xa0e\xe6\
n4\xcbj/\x07\xb6(\x8e\xa3\xd9\xf9\x0f\xe0\xf9.\
\xbf\x8dS/\x0a@f\xbe\x0d\xf8\xeb\xea\x1c*s>\
p\x1c\xf0\x91\x88\xb8\xb1:\xccPL\x1e\xe5{\x01\xf0\
J\xe0\x80\xe28\xaa\xf3A\x9aG\x04-\xd9#\xd3\xf9\
\x0209\xd4\xe7\xff\xd2\x83\xacj\xdd/\x81O\xd0\xec\
'pjD\xdc]\x9c\xa7w&Ki\xfb\xd3L\xf3\
\xbf\x18\xaf\xf6\xd58*\x22\xde^\x1dB\xb3\xd5\xe9A\
53\x7f\x05\xf8\x7f\xc0\x06\xd5Y\xd49?\x05N\x04\
>\x02|\xc3\xab\x975\x9b\xec\xc4\xf8|\x9a\x81\xff\x11\
\xc5q\xd4=\x09\x1c\x19\x11\xc7W\x07\xd1\xect\xb6\x00\
d\xe6\xae\xc07\xf1\x0aEk\xf7c\x9a\xb5\xcc\xe3#\
\xe2\x9c\xea0]\x91\x99\xdb\x03\xbfA3\xf0\x1fX\x1c\
G\xddw'\xf0\x8c\x88\xf8ju\x10\xcdF'\x0b@\
fn\x0e\x9c\x05\xec\x5c\x9dE\xbds>\xcd\xcd\x83\x9f\
\x03\xbe5\xb6M\x862s\x0f\x9a\x83\x98\x9e\x03\xecK\
G_\xe3\xea\xac\x9f\x02\xfbF\xc4%\xd5A\xd4\xbe\xce\
\xbd9L\x9e?\xfe,\xcd3\xc8\xd2B\x5c\x0b|\x01\
8\x0989\x22\xae-\xce3u\x93\xb2|\x10\xf04\
\x9a\x81\xdf\x03y\xb4P\xdf\x01\x0et\xb7\xc0\xe1\xebb\
\x018\x8af\xf3\x11i\x9a\x128\x8f\xe6\xd4\xc8\xd3\x80\
\xd3#\xe2\xca\xdaH\xf3\x97\x99\x0f\xa2\xb9c\xff\x09\xc0\
\xc1\xc0\xe3\xf0\xf8]M\xdfG#\xc2\xa3\x84\x07\xaeS\
\x05 3\x9fAs\xc5\xd6\xa9\x5c\x1a\xac+\x80\xd3\x81\
s\x80\xff\x06\xfe'\x22\xae\xaa\x8dt\xaf\xcc| \xb0\
\x17\xb0\x07\xb07\xcd\xc0\xef\xb2\x98f\xe5\xb5\x11\xf1\x0f\
\xd5!\xd4\x9e\xce\x0c\xb4\x99\xb9\x15\xcd\x9b\xf0\x83\xab\xb3\
h\xd4\xae\xa7\xb9\x8f\xe0\x87\xc0\xc5\x93\x8fKiv(\
\xbcv\x9a\x8f\x1eN\x1e\xc9\xdb\x9a\xe6\xff\xf9\x1d\x81\x87\
\xd3\x0c\xf0;\x03\xbb\x02\xdbN\xeb{I\xeb\xe0V\x9a\
\xfb\x01\xce\xaf\x0e\xa2vt\xa2\x00L\xde\x08?K\xb3\
\x86)u\xd5\xdd4\xf7\x15\x5c\x07\xfc\x0c\xb8q\xf2\xf1\
s\xe0\xf6\xc9\xef\xb9\x15\xb8\x0dX\x1f\xd8d\xf2\xf7\x96\
\x00\x9b\x03\x9bM>\xb6\xa0\x19\xf8\xb7\x9e\xfc3\xa9\xab\
\xfe\x1b\xd8?\x22n_\xeb\xefT\xeft\xa5\x00\xbc\x06\
\xf8\xfb\xea\x1c\x92\xa4\xfbxwD\xfcau\x08M_\
y\x01\xc8\xcc\xdd\x81\xb3\x81\x8d\xaa\xb3H\x92\xee#i\
\x0e\x0d\xfabu\x10MWi\x01\xc8\xcc\x0d\x803h\
nt\x92$u\xd3\xb5\xc0\x9eC|\x94v\xcc\x16\x15\
\x7f\xff\xbf\xc6\xc1_\x92\xbank\xe0}\xd5!4]\
e3\x00\x99y \xf0\xf5\xca\x0c\x92\xa4yyID\
|\xa4:\x84\xa6\xa3d\xf0\xcd\xcc\xc54\xeb\xfe{V\
|\x7fI\xd2:\xb9\x0e\xd85\x22n\xa8\x0e\xa2\x85\xab\
Z\x02x\x03\x0e\xfe\x92\xd47[\xd1,\xddj\x00f\
>\x03\x90\x99\xdb\x01\xdf\x036\x9d\xf5\xf7\x96$-\xd8\
R\xe0\x89\x11qzu\x10-L\xc5\x0c\xc018\xf8\
KR_-\x02\x8e\x9b,\xe5\xaa\xc7fZ\x002\xf3\
Wi\xce'\x97$\xf5\xd7\x1e\xc0\xab\xabChaf\
\xb6\x04\x90\x99\x1b\x01\xdf\xa5\xd9\xef\x5c\x92\xd4o\xbf\x00\
v\xeb\xe3\xa9\x9aj\xccr\x06\xe0-8\xf8K\xd2P\
\xdc\x0fxgu\x08\xad\xbb\x99\xcc\x00LN\xfa\xbb\x98\
\xe6\x7f\x18I\xd20$\xcd\x89\x81\xe7T\x07\xd1\xfc\xcd\
j\x06\xe0\xed8\xf8K\xd2\xd0\x04ptu\x08\xad\x9b\
\xd6g\x002sG\xe0B\x9a\xe3Q%I\xc3\xf3\xf4\
\x888\xa9:\x84\xe6g\x163\x00G\xe3\xe0/IC\
vtf\xba\xad{\xcf\xb4Z\x002sO\xe0\xf9m\
~\x0fIR\xb9}\xf0\xbd\xbewZml\x99\xf9\x15\
\xe0im~\x0fIR'\x5c\x04<*\x22\xee\xac\x0e\
\xa2\xb9im\x06 3\x9f\x86\x83\xbf$\x8d\xc5#\x80\
\x97U\x87\xd0\xdc\xb56\x03\x90\x99_\x07\x9e\xd8\xd6\xd7\
\x97$u\xce\x15\xc0\xc3#\xe2\x8e\xea Z\xbbVf\
\x002\xf3\x00\x1c\xfc%il\xb6\x03~\xbb:\x84\xe6\
\xa6\x95\x19\x80\xcc\xfc<\xf0\xcc6\xbe\xb6$\xa9\xd3.\
\xa4\xb9\x17`iu\x10\xad\xd9\xd4g\x002s\x0f\xe0\
\xd7\xa6\xfdu%I\xbd\xb0+\xf0\x9c\xea\x10Z\xbb6\
\x96\x00\xde\xca\x0c\x0f\x19\x92$u\xce\xdb\xaa\x03h\xed\
\xa6:Pg\xe6N\xc0\xf7\x01\xcf\x89\x96\xa4q{j\
D\x9c\x5c\x1dB\xab7\xed\x19\x807\xe3\xe0/Ir\
\x16\xa0\xf3\xa66\x0309\xf1\xef2`\xc3i}M\
IR\xaf=.\x22\xce\xad\x0e\xa1U\x9b\xe6\x0c\xc0\xef\
\xe2\xe0/I\xba\xd7\xab\xab\x03h\xf5\xa62\x03\x90\x99\
\x8b\x80\x8b\x81\x1d\xa7\xf1\xf5$I\x83p+\xb0mD\
\xdcP\x1dD\xf75\xad\x19\x80Cq\xf0\x97$\xadh\
#\xe0\x88\xea\x10Z\xb5i\x15\x80WM\xe9\xebH\x92\
\x86\xe5U\x1e\x15\xdcM\x0b\xfe\xa1d\xe6\x0e\xc0\x8f\x80\
\xf5\x16\x1eG\x924@O\x89\x88S\xabChE\xd3\
\x98\x01x\x05\x0e\xfe\x92\xa4\xd5s\x96\xb8\x83\x164\x03\
\x90\x99K\x80K\x81\x87L%\x8d$i\x88\xee\x04\x1e\
\x16\x11WU\x07\xd1\xbd\x16:\x03\xf0L\x1c\xfc%I\
k\xb6\x04xQu\x08\xadh\xa1\x05\xe0\xf0\xa9\xa4\x90\
$\x0d\x9d\xc7\x04w\xcc:/\x01d\xe6\xfd\x80ki\
\x1e\xf3\x90$im\x1e\x1d\x11\xe7W\x87Pc!3\
\x00\xbf\x8e\x83\xbf$i\xee^X\x1d@\xf7ZH\x01\
p:G\x924\x1f\x87\xbb'@w\xac\xd3\x0f\x223\
\xb7\x04\xae\xa2\xb9\xb1C\x92\xa4\xb9\xda/\x22\xce\xaa\x0e\
\xa1u\x9f\x01x\x01\x0e\xfe\x92\xa4\xf9s\xf6\xb8#\xd6\
\xb5\x00\xfc\xd6TSH\x92\xc6\xe2\x85\x93\x03\xe4Tl\
\xde?\x84\xcc\xdc\x0a8\xb0\x85,\x92\xa4\xe1{\x08\xb0\
\x7fu\x08\xad\xdb\x0c\xc03\xd7\xf1\xdf\x93$\x09\xe0Y\
\xd5\x01\xb4n\x03\xb9?8I\xd2B8\x8et\xc0\xbc\
\x9e\x02\xc8\xcc\x0d\x80\x9f\x00\xf7k'\x8e$i$v\
\x8a\x88K\xaaC\x8c\xd9|g\x00\x9e\x82\x83\xbf$i\
\xe1\x0e\xc7\xcc'\x18\x00\x00\x0b\xe4IDAT\xab\x0e\
0v\xf3-\x00N\xdbH\x92\xa6\xc1\x02Pl\xbeK\
\x00\x97\x00\x0fk'\x8a$iD\xee\x00\xb6\x8c\x88_\
T\x07\x19\xab9\xcf\x00d\xe6cp\xf0\x97$M\xc7\
\xfa\xc0\xd3\xabC\x8c\xd9|\x96\x00\x9e\xd6Z\x0aI\xd2\
\x18=\xb5:\xc0\x98\xcd\xa7\x00\xf8\x83\x92$M\x93\xe3\
J\xa19\xdd\x03\x90\x99\x8b\x81\x9f\x02\xf7o7\x8e$\
idv\x88\x88\xcb\xabC\x8c\xd1\x5cg\x00\xf6\xc3\xc1\
_\x924}\x07W\x07\x18\xab\xb9\x16\x00\xa7i$I\
mp|)b\x01\x90$Ur|)\xb2\xd6{\x00\
2sc\xe0g\xc0\x06\xed\xc7\x91$\x8d\xd0n\x11q\
au\x88\xb1\x99\xcb\x0c\xc0\x818\xf8K\x92\xda\xe3,\
@\x81\xb9\x14\x80'\xb6\x9eB\x924f\x07V\x07\x18\
\xa3\xb9\x14\x80'\xb4\x9eB\x924f\x8e3\x05\xd6x\
\x0f@f\xaeG\xb3\xfe\xef#\x80\x92\xa46m\x1f\x11\
WT\x87\x18\x93\xb5\xcd\x00<\x06\x07\x7fIR\xfb\x1e\
_\x1d`l\xd6V\x00\x9c\x96\x91$\xcd\x82\xe3\xcd\x8c\
Y\x00$I]\xe0x3ck\xbb\x07\xe0G\xc0\x8e\
3\xca\x22I\x1a\xaf;\x81\xcd#\xe2\x96\xea c\xb1\
\xda\x19\x80\xcc|0\x0e\xfe\x92\xa4\xd9X\x02\xecS\x1d\
bL\xd6\xb4\x04\xb0\xef\xccRH\x92\xe4\xb83Sk\
*\x00{\xcf,\x85$I\xf0\xd8\xea\x00c\xb2\xa6\x02\
\xe0\x0fB\x924K^x\xce\xd0jo\x02\xcc\xcc\x1f\
\x03\xdb\xcf0\x8b$i\xdc\x96\x02\x9bE\xc4\xcd\xd5A\
\xc6`\x953\x00\x99\xb9%\x0e\xfe\x92\xa4\xd9Z\x04\xec\
Q\x1db,V\xb7\x04\xf0\xb8\x99\xa6\x90$\xa9\xe12\
\xc0\x8c\xac\xae\x00\xf8\x03\x90$U\xf0\xfe\xb3\x19Y]\
\x01\xf0\x07 I\xaa\xe0\x05\xe8\x8c\xac\xae\x00\xec9\xd3\
\x14\x92$5\x1e\x95\x99\xebW\x87\x18\x83\xfb\x14\x80\xcc\
\xdc\x10xxA\x16I\x92\x96\x00\x8f\xa8\x0e1\x06\xab\
\x9a\x01\xd8\x15Xo\xd6A$I\x9axTu\x801\
XU\x01\xf0\x0f^\x92Ti\xf7\xea\x00c`\x01\x90\
$u\x8d\xe3\xd0\x0cX\x00$I]\xe3\x0c\xc0\x0cX\
\x00$I]\xf3\x08\x9f\x04h\xdf\x0a\x05 37\x06\
v,\xca\x22I\x12\xf8$\xc0L\xac<\x03\xb0\xeb*\
\xfe\x9e$I\xb3\xe6lt\xcbV\x1e\xec\x1fY\x92B\
\x92\xa4\x15\xedR\x1d`\xe8V.\x00;\x97\xa4\x90$\
iE\x8eG-\xb3\x00H\x92\xba\xc8\xf1\xa8e\x16\x00\
IR\x179\x1e\xb5\xcc\x02 I\xea\xa2\xad3\xf3\xfe\
\xd5!\x86\xec\x9e\x020\xf9\x83\xde\xaa0\x8b$I\xcb\
\xf3`\xba\x16-?\x03\xe0\xd5\xbf$\xa9K\xdc\x0b\xa0\
E\x16\x00IRW9.\xb5h\xf9\x02\xe0\x0e\x80\x92\
\xa4.q\x5cj\xd1\xf2\x05`\x87\xb2\x14\x92$\xdd\x97\
\xe3R\x8b\x96/\x00\xdb\x97\xa5\x90$\xe9\xbe\x1c\x97Z\
\xe4\x0c\x80$\xa9\xab,\x00-r\x06@\x92\xd4U\x9b\
f\xe6\x16\xd5!\x86j\x11\xdcs\x0c\xf0\x03\x8a\xb3H\
\x92\xb42/N[\xb2l\x06\xc0\xe9\x7fIR\x17Y\
\x00Zb\x01\x90$u\x99\xe3SK\x96\x15\x80\x07\x97\
\xa6\x90$i\xd5\xb6\xa9\x0e0T\xcb\x0a\xc0\xd6\xa5)\
$IZ5\xcf\xa8i\xc9\xb2\x02\xf0\xa0\xd2\x14\x92$\
\xad\x9a\x05\xa0%\x16\x00IR\x97Y\x00Z\xb2\xac\x00\
\xf8\x07,I\xea\x22\xc7\xa7\x96X\x00$I]\xe6\xf8\
\xd4\x12\x97\x00$I]\xb6YfnX\x1db\x88\x96\
\x15\x80-KSH\x92\xb4z\x8eQ-X\x94\x99\x8b\
\x81M\xaa\x83H\x92\xb4\x1a\x9bU\x07\x18\xa2E\xc0\xfd\
\xaaCH\x92\xb4\x06\x8eS-X\x04\xdc\xbf:\x84$\
Ik`\x01h\x813\x00\x92\xa4\xaes\x9cj\x81\x05\
@\x92\xd4u\xceT\xb7\xc0\x02 I\xea:\xc7\xa9\x16\
X\x00$I]\xe78\xd5\x02\x0b\x80$\xa9\xeb\x1c\xa7\
Z`\x01\x90$u\x9d\xe3T\x0b,\x00\x92\xa4\xaes\
\x9cj\x81\x05@\x92\xd4u>\x05\xd0\x02\x0b\x80$\xa9\
\xeb\x1c\xa7Z\xe0N\x80\x92\xa4\xae\xb3\x00\xb4\xc0\x19\x00\
IR\xd79N\xb5`\x11\xb0iu\x08I\x92\xd6\xc0\
\x02\xd0\x82E\xc0\x06\xd5!$IZ\x83\xf5\xab\x03\x0c\
\xd1\x22`Iu\x08I\x92\xd6`qu\x80!Z\x84\
\x7f\xb0\x92\xa4n\xf3B\xb5\x05\x16\x00IR\xd79N\
\xb5\xc0\x02 I\xea:\xc7\xa9\x16x\x0f\x80$\xa9\xeb\
\x16gfT\x87\x18\x1ag\x00$I]\x17\xc0z\xd5\
!\x86\xc6\x02 I\xea\x03\xc7\xaa)\xb3\x00H\x92\xfa\
\xc0\xe5\xea)\xf3\x1e\x00IR\x1fx\xb1:e\xce\x00\
H\x92\xfa\xc0\x8b\xd5)\xb3\x00H\x92\xfa\xc0\xb1j\xca\
,\x00\x92\xa4>p\xac\x9a2\x0b\x80$\xa9\x0f\x5c\x02\
\x982\x0b\x80$\xa9\x0f,\x00S\xb6\xa8:\x80$I\
s\xb0\xb4:\xc0\xd0,\x02\xee\xac\x0e!I\xd2Z8\
VM\xd9\x22\xe0\xae\xea\x10\x92$\xad\x85\x05`\xca\x9c\
\x01\x90$\xf5\xc1\x1d\xd5\x01\x86f\x11\xfe\xa1J\x92\xba\
\xcf\xd9\xea)[\x04\xfc\xb2:\x84$Ikqsu\
\x80\xa1Y\x04\xfc\xbc:\x84$IkpKD8[\
=e\x16\x00IR\xd79N\xb5\xc0\x02 I\xea:\
\xc7\xa9\x16,\x02n\xac\x0e!I\xd2\x1a8N\xb5`\
\x11pMu\x08I\x92\xd6\xe0\xea\xea\x00C\xb4\x08\xb8\
\xb2:\x84$Ik\xe08\xd5\x02\x0b\x80$\xa9\xeb\x1c\
\xa7Z`\x01\x90$u\x9d\xe3T\x0b\x16\x01\x97W\x87\
\x90$i\x0d\xae\xa8\x0e0D\x8b\x22\xe2j\xe0\xa6\xea\
 \x92$\xad\xc6\x0f\xaa\x03\x0c\xd1\xa2\xc9\xe7\x8bJS\
H\x92\xb4j7\xe3S\x00\xadXV\x00\xbe_\x9aB\
\x92\xa4U\xfbADdu\x88!ZV\x00\x9c^\x91\
$u\x91\x17\xa8-YV\x00\xbe[\x9aB\x92\xa4U\
s|j\xc9\xb2\x02pNi\x0aI\x92V\xcd\xf1\xa9\
%\xb1\xec\x17\x99y\x1d\xf0\xa0\xc2,\x92$\xad\xecA\
\x11q}u\x88!Z\xb4\xdc\xaf\xbf]\x96B\x92\xa4\
\xfb\xba\xc4\xc1\xbf=\xcb\x17\x80\xb3\xcaRH\x92t_\
gW\x07\x18\xb2\xe5\x0b\xc0\xd7\xcaRH\x92t_\x8e\
K-Z\xfe\x1e\x80\x8d\x81\x1b\x80\xf5\xeb\xe2H\x92t\
\x8f\xc7D\xc4y\xd5!\x86\xea\x9e\x19\x80\x88\xb8\x05\xa7\
[$I\xdd\xf0\x13\xe0\xfc\xea\x10C\xb6h\xa5\xbf>\
\xa5$\x85$I+\xfa\x9a;\x00\xb6k\xe5\x02\xf0\xa5\
\x92\x14\x92$\xad\xe8\x8b\xd5\x01\x86.\x96\xff\x8b\xcc\x5c\
\x04\x5c\x05l]\x13G\x92$\x96\x02\xdbF\xc45\xd5\
A\x86l\x85\x19\x80\x88X\x8a\xadK\x92T\xeb\x0c\x07\
\xff\xf6\xad\xbc\x04\x00\xf0\xb9\x99\xa7\x90$\xe9^\x9f\xad\
\x0e0\x06\xb1\xf2\xdf\x98<\x0ex5p\xff\xd9\xc7\x91\
$\x8d\x5c\x02\xbbD\xc4\xc5\xd5A\x86\xee>3\x00\x93\
\xc7\x01?U\x90E\x92\xa43\x1c\xfcgcUK\x00\
\x00\x1f\x99i\x0aI\x92\x1a\xffZ\x1d`,\xee\xb3\x04\
\x00\xf7<\x0dp)\xb0\xfdL\xd3H\x92\xc6\xecN\xe0\
!\x1e\x004\x1b\xab\x9c\x01\x98<\x0d\xf0\x7fg\x1bE\
\x924r\x9fq\xf0\x9f\x9dU\xce\x00\x00d\xe66\xc0\
e\xc0\x92\xd9\xc5\x91$\x8d\xd8\x93#\xc2\x03\x80fd\
u\xf7\x00\x10\x11W\x03\x9f\x9ea\x16I\xd2x\x9d\x07\
|\xbd:\xc4\x98\xac\xb6\x00L\xfc\xfdLRH\x92\xc6\
\xee\x18\xf7\xfe\x9f\xad\xd5.\x01,\x93\x99g\x02\xfb\xcd\
 \x8b$i\x9c\xae\x05v\x8c\x88[\xab\x83\x8c\xc9\xda\
f\x00\x00\xfe\xb2\xf5\x14\x92\xa41{\x97\x83\xff\xec\xad\
u\x06\x00 3\xcf\x06\x1e\xd7r\x16I\xd2\xf8\xfc\x94\
\xe6\xea\xff\x17\xd5A\xc6f.3\x00\x00\x7f\xddj\x0a\
I\xd2X\xbd\xc7\xc1\xbf\xc6\x5cg\x00\x028\x0dxB\
\xbbq$I#r-\xcd\xbe\xff7U\x07\x19\xa39\
\xcd\x00L\xee\xcc|\x13\xcd!\x0d\x92$M\xc3\x9f8\
\xf8\xd7\x99\xd3\x0c\xc02\x99y\x22\xf0\x1b-e\x91$\
\x8d\xc7\x05\xc0\x9e\x11qWu\x90\xb1\x9ao\x01\xd8\x99\
f\xb3\x86\x0d\xda\x89#I\x1a\x89C\x22\xe2+\xd5!\
\xc6l\xae7\x01\x0209\xa2\xf1oZ\xca\x22I\x1a\
\x87\x8f;\xf8\xd7\x9b\xd7\x0c\x00@f\xae\x0f|\x1b\xd8\
}\xfaq$I\x03w#\xb0{D\x5cU\x1dd\xec\
\xe65\x03\x00\x10\x11w\x00\xaf\xc4\x1b\x02%I\xf3\xf7\
&\x07\xffn\x98w\x01\x00\x88\x88\xaf\x03\xff0\xe5,\
\x92\xa4a;\x09\xf8Pu\x085\xe6\xbd\x04\xb0Lf\
n\x08\x9c\x09\xec1\xbd8\x92\xa4\x81\xba\x81\xe6\xae\xff\
\xcb\xab\x83\xa8\xb1N3\x00\x00\x11q\x1bp8p\xdb\
\xf4\xe2H\x92\x06\xeaw\x1c\xfc\xbbe\x9d\x0b\x00@D\
\x9c\x0f\xbcmJY$I\xc3\xf4O\x11\xf1\x99\xea\x10\
Z\xd1:/\x01,/3?\x0e\xfc\xd64\xbe\x96$\
iP\xce\x04\x9e\x1c\x11\xb7W\x07\xd1\x8a\xa6U\x006\
\x02\xbe\x8e'\x06J\x92\xeeu-\xb0OD\x5cQ\x1d\
D\xf7\xb5\xa0%\x80e&\xe78?\x0f\xb8~\x1a_\
O\x92\xd4{w\x02/p\xf0\xef\xae\xa9\x14\x00\x80\x88\
\xb8\x8c\xa6\x04xS\xa0$\x8d[\x02\xaf\x88\x88\xafU\
\x07\xd1\xeaM\xad\x00\x00L~\xd8/\x04\xee\x9e\xe6\xd7\
\x95$\xf5\xca\x1fG\xc4\x87\xabCh\xcd\xa6Z\x00\x00\
\x22\xe2\xb3\xc0k\xa7\xfdu%I\xbdp\x5cDxf\
L\x0fL\xbd\x00\x00D\xc4q\xc0Qm|mIR\
g}\x0c/\x00{c*O\x01\xacNf\x1e\x05\xfc\
i\x9b\xdfC\x92\xd4\x09'\x00\x87G\xc4]\xd5A4\
7\xad\x16\x00\xb0\x04H\xd2\x08|\x12\xf8m\x07\xff~\
ie\x09`y\x11\xf1gX\x00$i\xa8>\x82\x83\
\x7f/\xb5>\x03\xb0Lf\x1e\x09|\x00X<\xab\xef\
)Ij\xd5\xb1\xc0\x1b#biu\x10\xcd\xdf\xcc\x0a\
\x00@f>\x1b\xf87`\xa3Y~_I\xd2T%\
\xf0\xd6\x88xGu\x10\xad\xbb\x99\x16\x00\x80\xcc|<\
p\x22\xb0\xcd\xac\xbf\xb7$i\xc1n\x06\x8e\x8c\x88\x13\
\xab\x83haf^\x00\x002\xf3!\xc0\xa7\x80\xfd+\
\xbe\xbf$i\x9d\x5c\x0e<7\x22\xce\xa9\x0e\xa2\x85k\
\xfd&\xc0U\x89\x88\xab\x80\x83hn\x1e\x91$u\xdf\
)\xc0\xde\x0e\xfe\xc3QR\x00\x00\x22\xe2\xb6\x88x\x09\
\xf0R\xe0\x97U9$Ikt7\xcd\xc6nO\x8f\
\x08\x0f|\x1b\x90\x92%\x80\x95e\xe6\xae\xc0\xc7\x81\xbd\
\xaa\xb3H\x92\xeeq9\xf0b\x0f\xf5\x19\xa6\xb2\x19\x80\
\xe5E\xc4\x85\xc0\xe3\x81w\xe3AB\x92\xd4\x05\x1f\x03\
\xf6r\xf0\x1f\xaeN\xcc\x00,/3\x0f\x00>\x04\xec\
^\x9dE\x92F\xe8\x1a\xe05\x11\xf1\xa9\xea jW\
'f\x00\x96\x17\x11g\x00{\x03\x7f\x01\xdc^\x1cG\
\x92\xc6b)\xf0A`7\x07\xffq\xe8\xdc\x0c\xc0\xf2\
2s{\xe0\xaf\x80#\xaa\xb3H\xd2\x80\x9d\x05\xbc>\
\x22N\xaf\x0e\xa2\xd9\xe9t\x01X&3\x0f\xa1\xb9?\
\xe0Q\xd5Y$i@\xae\x00\xde\x06|4\x22\xb2:\
\x8cf\xab\x17\x05\x00 3\x17\x01\xcf\x03\xfe\x12\xd8\xa5\
8\x8e$\xf5\xd9\xf5\xc0\xbb\x80c#\xe2\xd6\xea0\xaa\
\xd1\x9b\x02\xb0Lf.\x06\x8e\xa4i\xad;\xd5\xa6\x91\
\xa4^\xb9\x0ex\x0f\xf0\xde\x88p\xff\x95\x91\xeb]\x01\
Xf2#\xf0L\xe0\xad\xc0\x13\x8a\xe3HR\x97\xfd\
\x10x/\xf0\x81\x88\xb8\xa5:\x8c\xba\xa1\xb7\x05`y\
\x99\xf9$\xe0\xb5\xc0\xaf\x03\xeb\x17\xc7\x91\xa4.X\x0a\
|\x05\xf8G\xe0\xf3\x1e\xd9\xab\x95\x0d\xa2\x00,\x93\x99\
\x9b\x03/\x00^\x03\xecQ\x1cG\x92*\x5c\x0d\x1c\x0f\
\xbc?\x22~T\x1dF\xdd5\xa8\x02\xb0\xbc\xcc\xdc\x97\
\xa6\x0c<\x1fxhq\x1cIj\xd3\xf54'\xac~\
\x0285\x22\xdcQUk5\xd8\x02\xb0Lf\x06\xcd\
\xb1\xc3\xcf\x05\x0e\xc5\x99\x01I\xc3\xf0C\xe0?\x81\xcf\
\x00\xa7D\xc4]\xc5y\xd43\x83/\x00+\xcb\xccm\
i\x8a\xc0!\xc0\x93\x80mj\x13I\xd2\x9c\xfc\x0c\xf8\
&\xcd\xba\xfe\x97\x22\xe2\xa2\xe2<\xea\xb9\xd1\x15\x80\x95\
e\xe6\xc3\x81\x03\x81'\x02\x8f\x03\x1e\x8d7\x12J\xaa\
u\x17\xf0}\xe0\x5c\xe0\x1b\xc0i\xc0\x05n\xd6\xa3i\
\x1a}\x01XYf.\x01v\xa39\x9a\xf81\xc0\xce\
\xcb}lX\x18M\xd2\xf0\xdc\x09\x5c\x02\x5c\x0c\x5c\x04\
\x5c\x00|\x1b8\xcf\x0dz\xd46\x0b\xc0\x1cM\xee%\
\xd8\x0e\xd8\x1ex0\xb0\xed\xe4\xf3C\x80\xcd\x80\xfb\x03\
\x9bO>6\x03\xd6\x9b\xfc\xab\x9b\xe0\x8c\x824tw\
\x037M~\x9d\xc0\xcf\x81\x1b'\x1f7M>_\x03\
\x5c5\xf9|\xe5\xe4\xe3\xc7\xae\xdd\xab\xca\xff\x0f\x02\xb1\
\x19T\x16\xfe\xdd\xaa\x00\x00\x00\x00IEND\xaeB\
`\x82\
\x00\x00B\x98\
\x89\
PNG\x0d\x0a\x1a\x0a\x00\x00\x00\x0dIHDR\x00\
\x00\x02\x00\x00\x00\x02\x00\x08\x06\x00\x00\x00\xf4x\xd4\xfa\
\x00\x00\x00\x09pHYs\x00\x00\x0e\xc3\x00\x00\x0e\xc3\
\x01\xc7o\xa8d\x00\x00\x00\x19tEXtSof\
tware\x00www.inksca\
pe.org\x9b\xee<\x1a\x00\x00 \x00ID\
ATx\x9c\xec\xddg\xb8$U\xb5\xc6\xf1\xffb\x86\
!\x0d\x03H\x06\x11\x14\x09\x22\x82J\x14\x90 \xa0\x88\
\x82\x04\x89*`\xb8b\x04\xc9\x98\x15# \x12E\x85\
\xab\x17P\xc9JP\x14\x04\xc9C\x86+y\x06\xaf\x82\
\x229\x0c9Mx\xef\x87\xea\xc1\x01&\x9c\xd3\xb5w\
\xed\xee\xae\xf7\xf7<\xfd\xe8\x07\xf6\xda\xab\xa6\xebT\xad\
\xae\xda!\x18\x00\x92\xe6\x00\xde\x01\xbc\x05X\x01X\x1e\
X\x1a\x98\xbf\xf3\x99\x17\x98\x1d\x10\x10\x85\xd243\xeb\
u\x93\x81\xa7\x80'\x81g\x81G\x81\xf1\xc0]\xc0\x9d\
\xc0_#\xe2\xfer\xe9YJ}y3\x94\x14\xc0\x1a\
\xc0\xa6\xc0F\xc0:\xc0\x5cE\x9323k\x87\xf1\xc0\
%\xc0\xc5\xc0\x9f#\xe2\xc9\xc2\xf9X\x97\xfa\xaa\x00\x90\
\xb4\x14\xb03\xf0I`\xb9\xc2\xe9\x98\x99\xb5\xdd\xf3\xc0\
9\xc0\xaf\xa8\x8a\x81I\x85\xf3\xb1a\xe8\x8b\x02@\xd2\
\x86\xc0W\x80M\xe8\x93\x9c\xcd\xccZ\xe6\x01\xe0\x08\xe0\
\xa7\x11\xf1t\xe9dl\xd6z\xfaf*\xe9\xfd\xc0\xd7\
\xa8\x1e\xf1\x9b\x99Y\xef{\x1c8\x0a82\x22\x9e(\
\x9d\x8c\xcdXO\x16\x00\x92\xde\x04\x1c\x0dl^:\x17\
33\xeb\xcaC\xc0~\xc0\xaf#B\xa5\x93\xb1\xd7\xea\
\xa9\x02\xa03\x9a\xff\xc0\xceg\xce\xc2\xe9\x98\x99Y}\
\x97\x03\x9f\x8d\x88;J'b\xaf\xd43\x05\x80\xa4e\
\x81S\x81\xd5K\xe7bffI=\x0f\xec\x19\x11\xc7\
\x97N\xc4\xfe\xa3'\x0a\x00I[\x03\xbf\x00\x16(\x9d\
\x8b\x99\x99es\x0a\xb0\xbb\x07\x09\xf6\x86\xa2\x05@g\
>\xffw\xa9F\xf8\x9b\x99\xd9\xe0\xbb\x03\xd8,\x22\xee\
-\x9dH\xdb\x15+\x00$\x8d\x00\x8e\x05>]*\x07\
33+\xe2^\xaa\x22\xc0\xe3\x02\x0a*R\x00H\x1a\
E\xf5\xbe\x7f\xeb\x12\xfd\x9b\x99Yq\x8f\x03\x9bG\xc4\
\xb5\xa5\x13i\xab\xc6\x0b\x80\xcec\xff\x13\x80]\x9a\xee\
\xdb\xcc\xccz\xca\xe3\xc0\xfa\x11q{\xe9D\xdah\xb6\
\x02}\x1e\x86o\xfeff\x06\xaf\x03\xce\xef,\xf3n\
\x0dk\xb4\x00\x90\xb4?\xb0W\x93}\x9a\x99YO{\
=p\x81\xa41\xa5\x13i\x9b\xc6^\x01H\xda\x00\xf8\
\x0b0\x22c7OQ-:1\x96\xffla\xf9\x08\
\xf0lD<+i\x01`\x1e`I\xaa\xad\x83W\x06\
6\x04\xde\x9e9\xaf\x9b\x81\xb5#\xe2\x85\x8c}\x98\x99\
\xd5\xd2\x19\x9c=\x06\x98\x0fX\x86j{\xf5U\x81\xf7\
t\xfe\x7fN\xa7G\xc4\x0e\x99\xfb\xb0\xa6IZX\xd2\
\xbf\x95\xc7\xd3\x92N\x90\xf4\x1eI#\xbb\xcc\xefu\x92\
>-\xe9\x0aIS2\xe5\xf9\xb3\xd4\xff\xaeffM\
\x91\xf4\x06I\x07H\xba=\xd35R\x92>[\xfa8\
-1I\x7f\xccp\xa2<\x22\xe9k\x92\xe6O\x9c\xeb\
\xdb%\x9d!ir\x86\x9c\xb7K\x99\xab\x99Y\x09\x92\
\xde'\xe9\xb2\x0c\xd7\xc8\xe7%\xbd\xad\xf4\xf1Y\x22\x92\
vJ|\x82L\x96\xf4se~_$\xe9\x1d\x92\xae\
N\x9c\xfb\x83J\x5c\xb0\x98\x99\x95\x22i\x0bI\xffH\
|\x9d\xbcNR\x89\x01\xea\x96\x92\xa41\x92\xeeOx\
b\x8c\x97\xf4\xce\x06\xf3\x9fM\xd2\xde\x92^Lx\x0c\
G5\x95\xbf\x99Yn\x92\xe6\x96tL\xc2k\xa4$\
}\xb2\xf4qYM\x92\x0eOxB\x9c*i\xdeB\
\xc7\xb1\xa6\xa4\x7f&:\x8eI\x92\xdeQ\xe28\xcc\xcc\
r\x91\xf4aUc\xb2RxD\xd2\x82\xa5\x8f\xc9\xba\
$i)\xa5\xfb\xe5|\xa4\x0a?\x12\x92\xb4\xb8\xa4\x9b\
\x13\x1d\xcf\x1fJ\x1e\x8b\x99Y\x0e\x92V\x97\xf4P\xa2\
\xeb\xe4\xf7K\x1f\x8fuI\xd2Q\x89N\x82o\x97>\
\x96\xa9T\xcd\x16HQ\x04L\x91\x9f\x02\x98\xd9\x00\x92\
\xb4\xa2\xa4\x87\x13\x5c'\x9fT5u\xdb\xfa\x89\xa4E\
%=\x97\xe0\x048\xb6\xf4\xb1\xbc\x9a\xa4E$\xdd\x95\
\xe0\xd8\xce(},ff9HZE\xd2\x84\x04\xd7\
\xc9\xaf\x97>\x16\x1b&I\xdfI\xf0\xc5_\xa8\x1e\x1d\
\x09*\xe9\xad\x92\x9e\xady|\x93%\xbd\xb9\xf4\xb1\x98\
\x99\xe5 i+\xd5_W\xe5\x11Is\x94>\x16\x1b\
\x22I!\xe9\xee\x9a_\xfaC\x92\x16/},3#\
\xe9\x135\x8fQ\x92\xbeU\xfa8\xcc\xccr\x91tD\
\x82\xeb\xe46\xa5\x8f\xc3\x86H\xd5\x8a|\xad\xf8\xc2%\
\xfd\xbe\xe6q\xde\xadjwD3\xb3\x81#i\x0eI\
\xe3j^'\xcf*}\x1c6D\x92\xfe\xa7\xe6\x97}\
A\xe9c\x18*IKKz\xa6\xe6\xf1\xaeW\xfa8\
\xcc\xccr\x91\xf4\xde\x9a\xd7\xc8\x17%-T\xfa8\x06\
Q\xd2w\xec\xaa\xde\xd9oY'\x04\xb0O\xa2t\xb2\
\x8b\x88\x7f\x02?\xad\x19\xa6/\x9ev\x98\x99u#\x22\
\xfe\x0c\x5cX#\xc4(`\xf3D\xe9\xd84R\x0f\xb2\
{;\xd5\xfe\xce\xdd:'\x22nK\x95LC\x0e\x03\
\x9e\xaf\xd1~\xa3T\x89\x98\x99\xf5\xa8\xbas\xfa}\x9d\
\xcc u\x01P\xf7K\xfaq\x92,\x1a\x14\x11\x0f\x02\
\xa7\xd6\x08\xb1\x8a\x1fo\x99\xd9 \x8b\x88K\x81\x9bj\
\x84\xd88Q*6\x8d^*\x00\xfe\x01\x5c\x99*\x91\
\x86\x9dT\xa3\xedl\xc0\x86\x89\xf203\xebUu\xae\
\x93KIZ.Y&\x06\xa4/\x00\xeal\xd4sr\
D(Y&\xcd\xba\x1c\xb8\xafF{\xaf\x0ahf\x83\
\xeeT`J\x8d\xf6\xbeN&\x96\xac\x00P\xb5=o\
\x9d\xb9\xfb\x7fN\x95K\xd3\x22b\x0a\xf0\x97\x1a!V\
H\x95\x8b\x99Y/\x8a\x88\x87\x80[j\x84\xf0u2\
\xb1\x94O\x00\xea|9\xcf\x01\xd7\xa5J\xa4\x90:\x05\
\xc0\x8a\xc9\xb203\xeb]\xbeN\xf6\x90\x94\x05\xc0\xf2\
5\xda\xde\x1e\x11/&\xcb\xa4\x8c:\x03\x5c\xde,i\
D\xb2L\xcc\xccz\xd3\xff\xd6h\xeb'\x00\x89\xa5,\
\x00\x16\xad\xd1v\x5c\xb2,\xca\xf9\x1b0\xb9\xcb\xb6s\
\x00c\x12\xe6bf\xd6\x8b\xc6\xd7h\xbbH\xb2,\x0c\
H[\x00\x8c\xae\xd1\xf6\xeedY\x14\xd2y\x82\xf1@\
\x8d\x10.\x00\xccl\xd0\xfd\xa3F\xdby\x93ea@\
\xda\x02\xa0\xce\x0d\xec\xa9dY\x94\xf5d\x8d\xb6u\x0a\
(3\xb3~P\xe7\x1a\xe9\x02 \xb1^y\x02\xf0L\
\xb2,\xca\xaaS\xc8\xf8\x09\x80\x99\x0d\xb4\x88\x98L5\
\xe8\xbb\x1b#$\xcd\x9d2\x9f\xb6KY\x00\xcc^\xa3\
\xed\xc4dY\x94\xf5R\x8d\xb6\xa3\x92eaf\xd6\xbb\
|\x9d\xec\x11\xa9\x17\x02233\xb3>\xe0\x02\xc0\xcc\
\xcc\xac\x85\x5c\x00\x98\x99\x99\xb5\x90\x0b\x0033\xb3\x16\
r\x01`ff\xd6B.\x00\xcc\xcc\xccZ\xc8\x05\x80\
\x99\x99Y\x0b\xb9\x00033k!\x17\x00fff\
-\xe4\x02\xc0\xcc\xcc\xac\x85\x5c\x00\x98\x99\x99\xb5\xd0\xc8\
\xd2\x09Xo\x91\x14\xc0Bx\xe7-\xeb-O\x03\x8f\
F\x84J'b6(\x5c\x00\x18\x00\x92V\x05\xf6\x01\
6\x07\x16,\x9c\x8e\xd9\xf4<&\xe9\x8f\xc0a\x11q\
s\xe9d\xcc\xfa\x9d_\x01\xb4\x9c\xa4\x90t\x10p#\
\xf01|\xf3\xb7\xde\xb5 \xd59z\xa3\xa4\x83:O\
\xab\xcc\xacK~\x02`\x87\x01{\x95N\xc2l\x18F\
\x00_\x07F\x03{\x17\xce\xc5\xaco\xf9\x09@\x8bI\
\xda\x0c\xdf\xfc\xad\x7f\xed\xd59\x87\xcd\xac\x0b.\x00\xda\
\xed\xa0\xd2\x09\x98\xd5\xf4\xed\xd2\x09\x98\xf5+\x17\x00-\
%ii`\x8d\xd2y\x98\xd5\xb4f\xe7\x5c6\xb3a\
r\x01\xd0^o/\x9d\x80Y\x22>\x97\xcd\xba\xe0\x02\
\xa0\xbd<\xcf\xdf\x06\x85\xcfe\xb3.\xb8\x00h\xaf\x87\
K'`\x96\x88\xcfe\xb3.\xb8\x00h\xaf\xeb\x81I\
\xa5\x930\xabi\x12\xd5\xb9lf\xc3\xe4\x02\xa0\xa5\x22\
b\x02pN\xe9<\xccj:\xa7s.\x9b\xd90\xb9\
\x00h\xb7\xaf\x00/\x94N\xc2\xacK/P\x9d\xc3f\
\xd6\x05\x17\x00-\x16\x11w\x01\xbb\xe2W\x01\xd6\x7f&\
\x01\xbbv\xcea3\xeb\x82\x0b\x80\x96\x8b\x88\xd3\x81\xf7\
\x03\xff*\x9d\x8b\xd9\x10\xfd\x0bx\x7f\xe7\xdc5\xb3.\
y/\x00#\x22.\x92\xb4\x22\xb0\x03\xf0\x01`\x05`\
\x9e\xb2Y\x99\xbd\xc2\xb3\xc0x\xe0<\xe0\xb4\x88x\xbe\
p>f}\xcf\x05\x80\x01\xd0\xb9\xa0\x9e\xd0\xf9\x98\x99\
\xd9\x80\xf3+\x0033\xb3\x16r\x01`ff\xd6B\
.\x00\xcc\xcc\xccZ\xc8\x05\x80\x99\x99Y\x0b\xb9\x000\
33k!\x17\x00fff-\xe4\x02\xc0\xcc\xcc\xac\
\x85\x5c\x00\x98\x99\x99\xb5\x90\x0b\x0033\xb3\x16r\x01\
`ff\xd6B.\x00\xcc\xcc\xccZ\xc8\x05\x80\x99\x99\
Y\x0b\xb9\x00033k\xa1^\xd9\x0dp\x03I\xbd\
\x92K\x1d\x8b\x97N\xc0\xcc\xccl(z\xe5\xa6\xbbK\
\xe7cfff\x0d\xf0+\x0033\xb3\x16JY\x00\
<\x970\x96\x99\x99\x99e\x94\xb2\x00x a,3\
3\x1bL*\xd4\xd6^%\xe5\x18\x80\x7f%\x8cef\
f}L\xd2\x22\xc0*\xc0\xca\xc0\x1b;\x9fe\x801\
5\xc2^&\xe9\xdf\xc0\xbd\xc0\x1d\x9d\xcf\x9d\x11q\x7f\
\xbdl\xdb)e\x01p!0\x05\x8f+03k\x15\
I\xf3\x00k\x00\xeb\x01\xef\x02V\x03\x16\xcd\xd0\xd5\xaa\
\x9d\xcf\xab\xfb\x7f\x02\xb8\x1e\x18\x0b\x5c\x09\x5c\x1b\x11\xcf\
d\xe8\x7f\xa0D\xca`\x92\xae\x06\xd6N\x19\xb3E>\
\x10\x11\x7f,\x9d\x84\x99\xd9PHZ\x15\xd8\xac\xf3Y\
\x17\x98\xbdlF\xaf0\x09\xb8\x118\x0f\xf8}D\xfc\
\xb5p>=)u\x01\xb0#pJ\xca\x98-\xb2k\
D\x9cT:\x093\xb3\x19\x91\xb4:\xb0}\xe7\xb3t\
\xe1t\x86\xe3_\xc0\x1f\x80S\x81+#\xc2c\x09H\
_\x00\x04p\x1d\xb0z\xca\xb8-\xb1MD\x9cU:\
\x093\xb3iIZ\x0c\xd8\x0d\xf8$\xf0\xe6\xb2\xd9$\
\xf1\x0f\xe0D\xe0\xa4\x88\xb8\xa7p.E%-\x00\xe0\
\xe5\xc7Bc\x81yR\xc7\x1ep\x1bF\xc4e\xa5\x93\
03\x03\x90\xb4!\xf0E`\x0bz\xeb\xf1~*\x02\
.\x02~\x0c\x5c\xd0\xc6\xa7\x02\xc9\x07\xecE\xc4\xcdT\
\xab\xfaMI\x1d\xdb\xcc\xcc\xf2\x914R\xd2\xce\x92n\
\x00.\x01\xb6a0o\xfeP\xfd\x00\xde\x14\xf8\x13p\
\xab\xa4OJ\x9a\xa3pN\x8d\xca2b?\x22~\x07\
l\x07x\x14\xa6\x99Y\x8f\x934B\xd2\xc7\x80q\xc0\
o\xa8F\xf1\xb7\xc9[\x81\xff\x06\xfe!\xe9\xb3\x92\x06\
\xb5\xe8y\x85lS\xf6:E\xc0\xba\xc0\xb5\xb9\xfa0\
3\xb3z$m\x0b\xdc\x06\x9c\x04,[8\x9d\xd2\x96\
\x00\x8e\x05\xc6I\xfa\xa8\xa4\x81\x9e\xd6\x9e\xf5\xe0\x22\xe2\
\x16\xaa9\xa1\xdbS\x8d\x0b\xf0k\x013\xb3\x1e \xe9\
\xed\x92.\x05\xce\x04V,\x9cN\xafy\x13\xf0+\xe0\
zI\xab\x94N&\x97\xe4\x83\x00g\xa6\xb32\xd4F\
\xc0\xeb\x81\xa5\x80\xb9\x9a\xec\xbf\x01[\xd0\xfd\x96\xc0\x1e\
\x04hf\xd9I\x9a\x0f\xf8\x01\xb0;^\xb8m(\x9e\
\x016\x8f\x88+J'\x92Z\xa3\xdb\x01G\xc4\xc3\xc0\
iM\xf6\xd9$I+\xd0}\x01`f\x96\x95\xa4-\
\xa9\x1eq/Y:\x97>2\x1a8K\xd2[#\xe2\
\xa1\xd2\xc9\xa4\xe4\xea\xcf\xccl\xc0I\x1a-\xe9W\xc0\
9\xf8\xe6\xdf\x8d\x05\x81o\x96N\x22\xb5F\x9f\x00X\
\x7f\x904\x82z\x1bv\x98\xa5\xf6TDL.\x9dD\
?\xea\xac\xcdr\x1a\xb0B\xe9\x5c\xfa\xdc\xc7$\xed\x15\
\x11/\x96N$\x15\x17\x00\x06\x80\xa47Q-\xfa\xb1\
9\xb0|\xe1t\xcc^C\xd2]\xc0\x1f\x81\xa3#\xe2\
\x1f\xa5\xf3\xe9\x07\x92v\x07\x8e\x00\xe6,\x9d\xcbt<\
\x07<\xd6\xf9L\x06\x9e\xa4\x1a(>;\xd5c\xf7\x91\
\xc0|\xc0\x22\xc0\xdc\x85r\x9c\xd6h\xaa\x8d\x88\xae+\
\x9dH*.\x00\x0cI{\x02?\xa47/\x12fS\
-\xdf\xf9|F\xd2\x81\x11qd\xe9\x84z\x95\xa4y\
\x81\xe3\x80\x1d\x0b\xa7\xf2<\xd5\x14\xc3\xbfv\xfe\xf7\xef\
\xc0=\xc0\xdd\x11\xf1\xdcP\x83H\x1aC\xf5\xea\xe2\xf5\
\xc0J\xd3|\xdeNucn\xca@\x8d\xf1r\x01\xd0\
r\x92\xbe\x0e\x1cT:\x0f\xb3a\x98\x138B\xd2\x98\
\x88\xf8N\xe9dz\x8d\xa4\x15\x81s\x81\xe5\x0at\xff\
,\xd5\x0a\x82\x17\x03W\x037F\xc4\xc4\xbaA#\xe2\
)\xe0)\xe0N\xaa\xad\xe7\x81j\xe5B\xaa\x22`]\
\xe0\xdd\xc0&TO\x0dry6c\xec\xc65:\x0d\
p\xd0u\xe6\xd4n\xd0e\xf3\xc6\xa7\x01Jz7p\
\x19>\x0f\xac?\x09\xd8`\x10\xa7gu\xab\xb3~\xff\
\xef\x80\x05\x1a\xec\xf6Q\xe0\xb7\x9d\xcf\xe5%\xdf\x91K\
\x1a\x05\xacO5%{\x1b\xaa'\x06)-6H3\
\x01<\x0b\xa0\xdd\xbe\x8bo\xfe\xd6\xbf\x82\xea\x1c6@\
\xd2G\x80\x0bh\xe6\xe6?\x91\xaa\xd0\xd8\x1cX<\x22\
>\x13\x11\x17\x96\x1e \x17\x11/E\xc4E\x11\xb1'\
\xd5v\xc5\xef\xa5Z\xdax\xc8\xaf\x1bfb\xec \xdd\
\xfc\xc1\x05@kIZ\x92\xaaR6\xebg\xebw\xce\
\xe5V\x93\xf4\x19\xaa\xa5|Ge\xee\xeaa\xaa\xe9p\
o\x88\x88m#\xe2O\x111)s\x9f]\x89\x88)\
\x9d\xa2\xe4\xa3T\xe3\x07\xf6\x07\xee\xad\x11r\xe0^7\
\xb9\x00h\xafw\x96N\xc0,\x91V\x9f\xcb\x92\xf6\xa6\
Z\xdc'\xe7\xf5\xfc\x1e\xe0\xd3\xc0\xd2\x11qPD<\
\x98\xb1\xaf\xe4\x22\xe2\x89\x888\x94j\xaf\x83\x8f\x00w\
\x0c3\xc4\xd1\x11qA\xfa\xcc\xcar\x01\xd0^\xf3\x97\
N\xc0,\x91\xd6\x9e\xcb\x92\xf6\x05\x0e#\xdf\xab\xbc\xfb\
\x81\xcf\x01+D\xc4\xf1\x11\xf1B\xa6~\x1a\x11\x11\x13\
#\xe2d`\x15`7\xaa\xc2ff\x04\xfc\x08\xf8R\
\xde\xcc\xcap\x01\xd0^\x8f\x96N\xc0,\x91V\x9e\xcb\
\x92>\x07\x1c\x92)\xfc\x0b\xc0\xf7\xa9n\xfc?\x8d\x88\
\x972\xf5SDDL\x8e\x88\x13\xa9\x16G\xfa,\xd5\
4EM\xf3\x9f\xbc@5\x93b\xbd\x88\xd8/\x22\x06\
r#;O\x03l\xaf\x1b\xa8\x16\xddp\x11h\xfdl\
\x0a\xd5\xb9\xdc*\x92v\x05\x8e!\xcf/\xff\x8b\x80\xdd\
\xdb\xb0\xd8R\xa7\xb0\xf9\x19\xf03I\xaf\xa3\x1a+0\
\x91j\x9d\x82\x81Y\xf1oF|\xf1o\xa9\x88x\x04\
8\xbft\x1ef5\x9d\xdf9\x97[C\xd2\xa6\xc0\xf1\
\xa4\xbf\xf9?\x05|\x02xo\x937\x7fI\xef\x95t\
\x92\xa4q\x92\x1e\x97\xf4wIgH\xda\xb6\xb3,y\
#\x22\xe2\xf1\x88\xb85\x22\xc6\xb5\xe1\xe6\x0f\x9e\x02\x96\
T\x1f\xae\x03\xb0*p=\xd5\xd2\x9bf\xfdf\x22\xb0\
FD\xdc\x5c:\x91\xa6Hz\x1bp%\xe9\xf7\xea\xb8\
\x09\xd8!\x22\xfe/q\xdc\x19\xeal\x0f\xff+\xaa\xa9\
z3r\x03\xb0S\x93y\xb5\x89\x9f\x00\xb4X\xe7\xc2\
\xf9y^\xf9\xee\xcb\xac\x1f\x08\xf8|\xcbn\xfe\x0b\x02\
\x7f \xfd\xcd\xff'\xc0:\x05n\xfeW1\xf3\x9b?\
\xc0\xea\xc0\xd5\x9d\xad\xd6-1\x17\x00-\x17\x11\xc7\x03\
\xdb\xd3\xd2\x81T\xd6\x97\x1e\x05\xb6\xef\x9c\xbb\xad )\
\x80\x13\x807$\x0c\xfb$\xb0]D|\xa1\xc0#\xef\
\x93\xa8\xa6\xe4\x0d\xc5B\xc0\x99\x92\xfc\xa421\x0f\x02\
4\x22\xe2LI\x7f\xa1z\xff\xf7\x01\xaa\x91\xb1s\x95\
\xcd\xca\xec\x15\x9e\x07\xc6\x03\xe7\x01\xbf\x8c\x88\x09\x85\xf3\
i\xda>\xc0\x07\x13\xc6\xfb\x07\xf0\x81\x88\x18\x970\xe6\
\x90H\xda\x04x\xdf0\x9b\xad\x0c\xec\x0a\xfcw\xfa\x8c\
\xcc\x12\x90t\xa9\xba\xd7\xed\xd8\x013\x1b`\x92\xde%\
\xe9\xa5\x1a\xd7\x96W\xbbF\xd5#\xf8R\xc7sB\x97\
y_Z*\xe7A\xe5W\x00ff=J\xd2\x02\xc0\
\xc9\xa4\x1b\xa8{9\xb0iD<\x9c(^7\xd6\xea\
\xb2\xdd\x9a\xaa^\x85X\x22.\x00\xcc\xccz\x90\xfe\xf3\
\xde\x7f\x99D!\xcf\x076\x8b\x88\xa7\x13\xc5\xeb\xd6\xc2\
]\xb6\x9b\x0b\x18\x9d2\x91\xdc$\x8d\x92\xf4II\x17\
Jz\xac\xf3$\xe3AI\xbf\x97\xb4\xbd$\xdf\x83\x07\
\x85\xfc\x0a\xc0\xcc\x12\xe9\xdc8R\xb9H\xd2\x9c\xa5\x8f\
\x09@\xd2\x84\x1a\xc7\xd17\xcb>KZE\xd2\x9d\xb3\
8\x9ek$-]*GW\x1fff=F\xd2b\
\xc0\xa1\x89\xc2\x8d\x05>\xd4\xef\xeb\xf8\xf7\x13Uk\xac\
\x5c\x01\xac8\x8b\xfft-`\xac\xa4\xa5\xf2g\xf5Z\
.\x00\xcc\xccz\xcf\xd1\xc0\x02\x09\xe2\xdc\x05l\x19\x11\
\xcf&\x88eC\xd0y\xd2r\x06C_\xafaI\xe0\
T\x15\x18\xdf\xe0\x02\xc0\xcc\xac\x87\xa8Z\xea\xf7\xc3\x09\
B=\x0al\x1e\x11\x8f'\x88eC\xf7q`\xb9a\
\xb6Y\x07\xf8h\x86\x5cf\xca\x05\x80\x99Y\x8f\x904\
\x128<A\xa8)\xc0G#\xe2\xef\x09b\xd9\xf0|\
\xa4\xcbv?\x904O\xd2Lf\xc1\x05\x80\x99Y\xef\
\xd8\x1dxk\x828?\x8c\x88\x0b\x12\xc4\xb1a\xe8<\
\xc6_\xad\xcb\xe6K\x02\xfb%Lg\x96\x5c\x00\x98\x99\
\xf5\x00I\xa3\x81o$\x08u\x05\xf0\xcd\x04ql\xf8\
\xe6\x02\xea\xcc\xb6\xd8O\xd2\xebS%3+.\x00\xcc\
\xccz\xc3\x17\x80\xba+\xf4=\x0a\xec\x1c\x11\x93\x12\xe4\
c\xc3\x14\x11\xcfQ-[\xdd\xad\xb9\x81/'Jg\
\x96\x5c\x00\x98\x99\x15&i\x0ci\x1e\xff~2\x22\xfe\
\x9d \x8eu\xef\x86\x9a\xed?!i\xf1$\x99\xcc\x82\
\x0b\x003\xb3\xf2>\x07\xbc\xaef\x8cS#\xe2\xdc\x14\
\xc9X-\xbf\xa9\xd9~N\xaa\xcd\x9f\xb2s\x01`f\
V\x90\xa4Q\xc0\x17k\x86y\x1c\xd83A:V\xdf\
\x09@\xdd\xd9\x17\xbbKZ0A.3\xe5\x02\xc0\xcc\
\xac\xac\x9d\x80%j\xc6\xf8f\xe1\x0d~\xac#\x22^\
\x04\x0e\xac\x19f4\xd5S\xa1\xac\x5c\x00\x98\x99\x95U\
\xf7\x97\xfb\x1d\xc0\xcfR$biD\xc4\x99T\xb31\
\xea\xf8\x94\xa4\x11)\xf2\x99\x11\x17\x00ff\x85HZ\
\x03xG\xcd0\x07z\xd4\x7fO\xda\x0bP\x8d\xf6o\
\x00\xde\x9f(\x97\xe9r\x01`fV\xce\x7f\xd5l\x7f\
\x03\xf0\x87\x14\x89XZ\x11q#pN\xcd0\x9fN\
\x91\xcb\x8c\xb8\x0003+\xa0\xb3\xf0\xcf\x8e5\xc3|\
=\x22\xea\xfc\xca\xb4\xbc\xbeW\xb3\xfd\xe69w\x0a\x1c\
\x99+\xb0Y\xaf\x9347\xb0.\xd5\xaek\xf3\x03\xf3\
Q\x8d\xa6\xbe\x0a\x18\xe7\x0b\xabe\xf6A`\xde\x1a\xed\
o\x01\xbc\xdco\x0f\x8b\x88\x1b$\x9d\x0fl\xd6e\x88\
\x11\xc0\x0e\xc0\x8f\xd2e\xf5\x1f.\x00\xacU:[u\
~\x00\xd8\x9e\xea\x02<\xf7\x0c\xfe\xd3\xc7$]\x05\xfc\
\xc4k\xaa[&;\xd4l\x7f\xb8\x8b\xd4\xbep\x08\xdd\
\x17\x00\x00\xdb\x92\xa9\x00\xb0\x84$]\xaa\xeemP:\
\xffA'\xe9]\x92\xc6u\xf1\xdd\x9c'i\xc5\xd2\xf9\
\xdb\xe0\x904F\xd2\xf35\xae\x17\x0fK\x9a\xa3\xf4q\
tC\xd2\x84\x1a\xc7=\x7f\xe9\xfc\x87KR\xa8\xbb\xeb\
\xceTS\x94i\x7f\x00\x8f\x01\xb0\x81'iNI?\
\xa2\x9a\x96\xb3B\x17!6\x07n\x91t\xb0\xaa\xedZ\
\xcd\xea\xda\x8cz\x9b\xc6\x9c\xd8\x99on=\xae\xf3\x94\
\xe6\xb8:!\x80m\x12\xa5\xf3\x0a.\x00l\xa0\xa9\x9a\
G{:\xd5\xd2\x9au\xe6\xd4\xce\x0e\xec\x0f\x5c\xac\x86\
\xd6\xe9\xb6\x81Vgz\x97\x80\xe3S%b\x8d8\x11\
x\xa1F\xfb\xadS%2-\x17\x006\xe8\x0e\x07\xb6\
H\x18\xef\xdd\xc0\xcd\x926N\x18\xd3ZD\xd5\x9e\xf1\
\xef\xad\x11\xe2\xba\x88\xb8+U>\x96_D<\x06\xfc\
\xa9F\x88uT\x0dZN\xca\x05\x80\x0d,I{R\
\x7f\x8d\xf5\xe9Y\x188_\xd2\xde\x9d\x8b\xb9\xd9p\xac\
B\xbd\xa5\x7f\xcfH\x95\x885\xea\xb75\xda\x8e\x02\xde\
\x95*\x91\xa9\x5c\x00\xd8@\x92\xf4:\xe0;\x19\xbb\x18\
\x09\x1c\x06\x9c&\xa9\xceT.k\x9f\xf5j\xb6?3\
I\x16\xd6\xb4?\x00u\xc6m$\x1f(\xee\x02\xc0\x06\
\xd5\xe7\xa87\xc7z\xa8\xb6\x03\xae\x93\xb4R\x03}\xd9\
`X\xa7F\xdb\xdb\x22\xe2\x9f\xc92\xb1\xc6D\xc4\x93\
\xc0E5Bl\x98(\x95\x97\xb9\x00\xb0\x81#i.\
\xf2<\xfa\x9f\x91\x15\x81k%\xd5\x9d\xd7m\xed\xb0n\
\x8d\xb6\xe7'\xcb\xc2J\xa8S\x00\xac\xa9\xc4S?]\
\x00\xd8 \xda\x02X\xa4\xe1>G\x03\xa7J:\x5c\xd2\
\xec\x0d\xf7m}B\xd2\x22\xc0\xd25B\x5c\x98*\x17\
+\xe2\xd2\x1am\xe7\xa0\xfa\xb1\x91\x8c\x0b\x00\x1bD%\
\x1f\xc7\x7f\x09\xb8DR\xdd\xfd\xddm0\xadZ\xa3\xed\
d\xe0\xdaT\x89X\x11\xb7\x00\x8f\xd5h\xbfJ\xaaD\
\xc0\x05\x80\x0d\xa67\x17\xee\x7f]\xe0FyuG{\
\xad\xb7\xd5h{[\xe7=\xb2\xf5\xa9\x88\x98\x02\x8c\xad\
\x11\xa2\xce\xf9\xf3\x1a.\x00l\x10-W:\x01`1\
\xe0\x22I\xfbz\xaa\xa0M\xa3\xce\x05\xfc\xfadYX\
I\xff[\xa3\xad\x0b\x00\xb3Y\xc8\xb6}\xe60\x8d\x04\
\x0e\x05\xce\x904\xa6t2\xd6\x13\x96\xad\xd1\xf6\x96d\
YXI\xb7\xd5h\xfb\xd6dY\xe0\x02\xc0\x06S\xaf\
\x9d\xd7\xdbRM\x15L\xfa\xc7k}i\x99\x1am]\
\x00\x0c\x86:\xdf\xe3\x12\x9d\xe5\xcd\x93\xe8\xb5\x0b\xa5Y\
i\x132\xc5]\x01\xb8F\xd2\x8e\x99\xe2[\x8f\x934\
\x8az+\x00z\xf9\xdf\xc1\xf0w\xba\xdf\x17`\x04\xd5\
\xeb\xc5$\xbc\xb3\x99\xd9+\xbd\x078\x12X?C\xec\
\xd1\xc0)\x92\xde\x05\xec\x1b\x11\x133\xf4a\xbdk\x09\
\xba\xdf\x90\xea\x05\xe0\xc1\x84\xb9\xf4\xab\xb3$MJ\x10\
\xe7I`<p~D\x5c\x91 \xde\x90E\xc4dI\
\xf7\xd1\xfd\xeb\xa0%\x81\xfbR\xe4\xe2\x02\xc0\xec\x95\x1e\
\x006\x06\x0e\xa1\x9a\xd2\x97c\x00\xdf\x1e\xc0j\x92v\
\x88\x88$\x7f\xc8\xd6\x17\x16\xae\xd1\xf6_\x9dme\xdb\
n\xc3\xc4\xf1\xbe\x22\xe9Z\xe0S\x11Q\xe7\xdd\xfcp\
\xd5-\x00\x92\xf0+\x00\xb3W\x89\x88I\x11\xb17\xb0\
\x03\xf0t\xa6n\xa6N\x15\xdc0S|\xeb=\x0b\xd6\
h\xfbP\xb2,\xec\xd5\xd6\x02\xae\x96\xb4Q\x83}\xd6\
)\xfc\x93mG\xee\x02\xc0l\x06\x22\xe2\x0c`M\xe0\
\xceL],\x0a\x5c(i?O\x15l\x85:\x05\xc0\
\xa3\xc9\xb2\xb0\xe9\x19\x0d\xfcNRS3\x88\xee\xaf\xd1\
vt\xaa$\x5c\x00\x98\xcdDD\x8c\xa3*\x02N\xcf\
\xd4\xc5H\xaa\xd7\x0dgz\xaa\xe0\xc0\xab\xb39U\x9d\
\xd5\xe3lh\xe6\x07\xbe\xdfP_\xcf\xd4h;W\xaa\
$\x5c\x00\x98\xcdBD<\x13\x11;\x00\xbb\x03/e\
\xeaf\x1b\xe0\x06II\x17\xfa\xb0\x9eRg#\x97g\
\x93ea3\xb3\xbd\xa4\xf9\x1b\xe8\xe7\xf9\x1am]\x00\
\x985-\x22\x8e\xa3\x9a%P\xe7\xf1\xdd\xcc,G\xb5\
\xab\xe0\xc73\xc5\xb7\xb2\xea\x14\x00\xb9\x0aO{\xa5Q\
\xc0\xbb\x1a\xe8\xc7\x05\x80Y\xbf\x89\x88\xb1\xc0j\xc0e\
\x99\xba\x98\x0b\xf8\xa5\xa4\xa3:\xf3\xc6mp\xd4\xd9%\
\xd2SF\x9b\x93l\x94\xfdL\xb8\x000\xebG\x11\xf1\
 \xd5T\xc1\x83\x81\x5cS\xb3\xbe\x08\x8c\x95Tg\xeb\
X\xeb-Sj\xb4\x1d\xa4A\xa2\xbd\xbe\xa1Q\xb7\x8b\
\xf4\x0cG\x9d{o\x9d\xf3(Y\x12f\xad\x15\x11\x93\
#\xe2@`+\xe0\x89L\xdd\xacN5.`\xd3L\
\xf1\xadYu\x1e\xe3\xd7y}\xd0k\xee(\x9d\xc0,\
\xdc\xde@\x1fu\xbe\xcf\x17S%\xd1\x8a\x85\x80$-\
H\xb5\x14\xeb\x22\x9dO.u\xe6gn!i\x85d\
\x99\xb4[\xb2Gd\xb3\x12\x11\xe7vV\xf6\xfb-\xb0\
R\x86.\x16\x02\xfe$\xe9\xab\xc0!^\x0c\xa6\xaf\xd5\
\xb9p\x0fR\x01p\x0e\xf0\xfe\xd2I\xcc\xc0=\xc0\xcd\
\x0d\xf4\xd3\x13\xe3A\x06\xb6\x00\x90\xf4:\xe0\x93\xc0\x87\
\x80\xb5\xe9~\x09\xce\xa6\xecS:\x01\xebND\x8c\x93\
\xb4\x16p<\x90c\xad\xff\x11\xc0\x0f\x81\xb5%\xed\xe6\
=\xe1\xfbV\x9dG\xcb\xf3%\xcb\xa2\xbc_\x03_\x01\
\xdeP:\x91\xe9\xf8aD${\xc4>\x13u\xbe\xcf\
d\xaf(\x06\xee\x15\x80\xa4\xb9$}\x99j\xc3\x85C\
\xa8V\x5c\xeb\xf5\x9b\xbf\xf5\xb9\xceT\xc1\x9d\xa8\x96\x0f\
\xce5`k+\xe0zO\x15\xec[\x8f\xd7h\xbbP\
\xb2,\x0a\x8b\x88g\x81\xdd\xe8\xbd\x81\x8d\x7f\xa4*\xe2\
\x9bP\xe7\xfb\xacs\x1e\xbd\xc2@\x15\x00\x92\xde\x00\x5c\
E\xb5\x98C\x13s9\xcd^!\x22\x8e\x046\x22\xef\
T\xc1\xab%}$S|\xcb\xa7\xceb>\x03S\x00\
\x00D\xc4%T\xdbd\xe7Zj{\xb8\xce\x06\xb6o\
\xe8\xd7?\xd4\xfb>\x93-\x0a50\x05\x80\xa4\xd5\x81\
\xeb\x81\xb7\x97\xce\xc5\xda\xad3U\xf0\x9d\xc0\xa5\x99\xba\
\x98\x07\xf8\xb5\xa4c<U\xb0\xaf\xd4Y\xce\xf7\xf5\xc9\
\xb2\xe8\x11\x11\xf1{\xaaq3\xc7Soe\xbc:n\
\x04v\x8a\x88\xad;O&\x9aRg\xc9\xe1d\xcbB\
\x0f\xc4\xd4\x12I\xaf\x07\xae#\xe1&\x09\xd6Z\x8bE\
D\x92\x8dW$\x8d\xa4z\x1a\xb5/\xf9\xfe\xd6\xae\x01\
\xb6\x8b\x88\x7fg\x8ao\x89HZ\x08x\xa4\xdb\xe6\xc0\
<\x11Qg\xfex\xcf\xea\xfc\xad\xacD\xdeA\xda\xd3\
z\x01\xf8[\xaa\xbf\xf5\xe1\x92\xf4\x10\xdd\x1f\xeb\xea\x11\
qc\x8a<\xfa\xbe\x00\xe8\xfc\x02\x1aK5e\xca\xac\
\xaed\x05\xc0T\x92\xb6\x01\xfe\x07\xc8\xb5\xd6\xff#T\
\xbfb\xfe\x92)\xbe%\x22\xe9i\xba\xdf\xcce\xa5\x88\
\xc8\xb51\x955D\xd2h\xea\xbd\xfaX(\x22\x92\xbc\
\x06\x18\x84W\x00\xbb\xe3\x9b\xbf\xf5\xb0\x88\xf8\x1d\xd5\x86\
B\xb9\xf6\x1b_\x18\xb8@\xd2\x97\xbd\xab`\xcf\xfbg\
\x8d\xb6oM\x96\x85\x95Tg\xba\xf0S\xa9n\xfe\xd0\
\xe7\x05@\xa7\x92\xfaZ\xe9<l\xa0dy\xc4\x1a\x11\
\xe3\xa9\xa6\xa3\x9e\x9c#>\xd5L\x97\xef\x03gI\x1a\
\xa4)c\x83\xe6\xee\x1amWI\x96\x85\x95T\xe7{\
\xbc'U\x12\xd0\xe7\x05\x00\xd5\x9c\xeb\xa6\xde\x19\xd9\xe0\
\x9b\x10\x11O\xe5\x0a\x1e\x11\xcfF\xc4G\x80=\xc8\xb7\
\xb9\xcb\x87\xa8V\x0f\xf4\xcd\xa27\x8d\xab\xd1\xd6\x03\x9c\
\x07\xc3\xaa5\xda&}\x05\xd4\xef\x05\xc0\x96\xa5\x13\xb0\
\x81\xd2\xc8;\xf4\x888\x9aj\xaa\xe0}\x99\xbax3\
\xd5T\xc1\x8fe\x8ao\xdd\xbb\xa5F\xdb\xb5\xfd\x8ag\
 \xacS\xa3\xed\xad\xc9\xb2\xa0\x8f\x0b\x80\xce\xe0\xbfM\
J\xe7a\x03\xe5\x98\xa6:\x8a\x88\xab\xa8\xa6\x0a^\x92\
\xa9\x8b\xb9\x81\x93$\x1d\xeb\xa9\x82=\xa5\xce\x05|a\
\xaau \xacOu^[\xd7y:\xe7\x02\xa0c\x09\
\x1a\x5c\xf3\xdd\x06\xde\x89\x11\x91k\x8b\xdf\xe9\x8a\x88\x87\
\x81M\xa9V\xac\xcc\xb5\xc6\xffg\x81\xcb%\xd5\x99w\
l\xe9\xdcI\xbd=\x01\xd6O\x95\x88\x15\xb1.\xf5\x96\
\xe0O\xbaOA\xbf\x17\x00f)\xfc\x09\xf8L\x89\x8e\
;\xbb\x0a\x1e\x00lC\xbemR\xd7\x02n\x94\xe4'\
f\x85E\xc4\x8b\xc0M5Bl\x96*\x17+\xa2\xce\
\xf7w_D\xd4\x99E\xf2\x1a\xfd\x5c\x00,X:\x01\
\xeb{O\x00\x07\x00[FD\x13{\x80\xcfPD\x9c\
M5U0\xe9#\xbei,\x0c\x9c/\xe9+~\x8f\
\x5c\xdc\xd8\x1am7\xe9,\x9ac\xfd\xa9N\x01P\xe7\
\xbc\x99\xae~>\x91\xea\x14/\xff\x04.H\x95\x88\xf5\
\x95)TKi\xde\x04\x5c\x10\x11\xcf\x15\xce\xe7e\x11\
qWgk\xe1\x9f\x039\xd6\xfa\x1f\x01|\x8fj0\
\xd9.\x11\xf1D\x86>l\xd6\xae\xaa\xd1v>`C\
\xe0\xa24\xa9XS:\xdb\xbd\xafX#D\xf2\x02\xa0\
oI\xfa\x90\xbawv\xe9\xfc\xcdfF\xd2\xa7%\xbd\
X\xe3\x1c\x9f\x95\x7fJZ\xa3\xf4q\xb6\x91\xa4\x05$\
M\xaa\xf1\xdd\x1dW\xfa\x18l\xf8$}\xb3\xe6\xdf\xec\
\xca\xa9s\xea\xe7W\x00f\x03+\x22\x8e\x036\x00r\
\xad\xf1\xff\x06\xe02I\xbbd\x8ao3\x10\x11\x13\xa8\
\xf6.\xe9\xd66\x92fO\x95\x8f5f\xbb\x1am\xff\
\x1d\x11\xc9W\x12u\x01`\xd6\xa3\x22\xe2\x1a`5\xe0\
\xe2L]\xcc\x05\x9c(\xe9\xbb\x99\xe2\xdb\x8c\x9d_\xa3\
\xed\x82x\x0d\x94\xbe\x22iM\xea-\xe5\x5c\xe7|\x99\
!\x17\x00f=\xac3U\xf0\xbd\xc0\x0f\xc97U\xf0\
\xab\x92~\x98)\xb6M\xdf\x1fk\xb6\xff\xaf$YX\
S>U\xb3}\xdd\xf3e\xb0\xc8c\x00\xace:\xe7\
\xfc\x135\xdf#\xce\xcc\x97K\x1fc[H\x0aI\xff\
\xa8\xf1]M\x96\xb4l\xe9\xe3\xb0Y\x934\x9f\xa4\xa7\
j|\xd7OI\xca\xb2\xe6\x8d\x9f\x00\x98\xf5\x89\x888\
\x87j\xe7\xcb:\xcb\xc9\xce\xcc\xb7$\xbd%Sl\x9b\
FD\x088\xbdF\x88\xd9\x80/%J\xc7\xf2\xda\x1d\
\x98\xb7F\xfbs#\x22\xcb&e.\x00\xcc\xfaHD\
\xfc\x1f\xf0.\xe0W\x19\xc2\x8f\x02\x8e\x95\xd7\x09hJ\
\x9d\x02\x00\xe0\xe3\x92^\x97$\x13\xcbB\xd52\xdc{\
\xd4\x0cS\xf7<\x99!\x17\x00f}&\x22\x9e\x8b\x88\
]\x80\xcf\x93~W\xc1\x0d\x81\xf7$\x8ei\xd3\x11\x11\
7Q\xefi\xce<\xf8)@\xaf\xdb\x0dX\xb2F\xfb\
\x87\xc94\x00\x10\x5c\x00\x98\xf5\xad\x888\x96jm\xf8\
{\x13\x87\xde)q<\x9b\xb1\xe3k\xb6\xdfS\x92W\
E\xedA\x92\xe6\x00\xbeV3\xcc\x89\x11\x91k\xebp\
\x17\x00f\xfd,\x22\xae\xa5\x9a*\x98re\xb8\xad\xe5\
\x1d\x04\x9b\xf2\x1b\xa0\xce\xfb\xdd1\xc0\x81\x89r\xb1\xb4\
>\x03\xd4\xd9\x84K\xc0/\x12\xe52].\x00\xcc\xfa\
\x5cD<B\xb5\xc6\xf8\xf7I3U\xf0u\xc0\x0a\x09\
\xe2\xd8,t\x16\x05:\xa5f\x98/zF@o\xe9\
<\x95\xf9F\xcd0\x17G\xc4\xf8\x14\xf9\xcc\x88\x0b\x00\
\xb3\x01\xd0\xd9U\xf0\xab\xc0VT\x9b\x1c\xd5\xe5\xed\x83\
\x9bs8\xf5\x0a\xb79\x80\x1f%\xca\xc5\xd28\x88\xaa\
\x90\xae\xe3\xb0\x14\x89\xcc\x8c\x0b\x00\xb3\x01\x12\x11\xe7\x02\
kP\x7f\xdfp\x17\x00\x0d\xe9,\xf1Zws\xb2\xad\
$m\x91\x22\x1f\xabG\xd5\x1e\x1b\xbb\xd7\x0cs\x1b\x19\
\x07\xffM\xe5\x02\xc0l\xf0<\x0dL\xa8\x19\xc3\xd7\x86\
f\x1d\x9a \xc6\xb1\x92\xc6$\x88c]R\xb5G\xc3\
\x7fS\xed\xbcY\xc7\xa1\x9d\xb5\x22\xb2\xf2\x1f\xb9\xd9\x00\
\x91\xb4\x0ep#\xd5t\xbe:rmBd\xd3\x11\x11\
\x17\x03\x97\xd5\x0c\xf3z\xe0\xc7\x09\xd2\xb1\xee}\x05X\
\xa5f\x8c\xf1T\x83C\xb3s\x01`6 $}\x1a\
\xb8\x84z\xf3\x8e\xa7\xfaW\x82\x186<_M\x10\xe3\
\x93\x92\xb6O\x10\xc7\x86\xa9\xf3\xe8?\xc5w\xf8\xed\x88\
\x98\x9c \xce,\xb9\x000\xebs\x92\xe6\x91t2\xf0\
s\xaa\xd5\xfc\xeaz\x8a\xeaW\x885(\x22\xc6R\x7f\
,\x00T\xaf\x02\xde\x90 \x8e\x0d\x91\xa4\xf9\x81S\x81\
\xba\xdb4\xdf\x0a\x9cV?\xa3\xa1q\x01`\xd6\xc7$\
-\x07\x5cM\xda\xc5{\xce\x8e\x88\x17\x12\xc6\xb3\xa1\xdb\
\x1b\x98T3\xc6\x82\xc0\xd9\xb96\x90\xb1W\xea,\x9d\
\xfdK\xe0M\x09\xc2\xed\x1b\x11S\x12\xc4\x19\x12\x17\x00\
f}J\xd2\xb6\xc0\x0d\xc0\xdb\x12\x87\xce\xb6\xf6\xb8\xcd\
\x5cD\xdcA\xfd\xd5\x01\x01\xde\x01\x1c\x95 \x8e\xcd\xda\
7\x80\xad\x13\xc49'\x22\xfe\x9c \xce\xe0\x93\xb7\x03\
\xb6\x96\x924R\xd2\xa1\x92\xa6\xd4\xf8\x1b\x98\x91\xeb%\
\xd5\x1d\xc1l5HZH\xd2c\x89\xbe\xcf}K\x1f\
\xcf \x93\xb4\x9b\xd2\xfc\x1d>/\xe9\xcd\xa5\x8f\xa7o\
\xc8\x05\x80\xb5\x90\xa4\xc5$]\x9a\xe0\x823=\x93$\
\xbd\xb3\xf41\x1aH\xfax\xa2\xeft\xb2\xa4\x0f\x97>\
\x9eA$\xe9\x83\x92&&\xfa\x9e\xea\xee\x19\xd0.r\
\x01`-#i]I\xf7\xa5\xb9\xdeL\xd7\xc1\xa5\x8f\
\xd1*\x92B\xd2E\x89\xbe\xd7\x17$\xbd\xb7\xf41\x0d\
\x12I\xebHz6\xd1\xf7s\xab\xbc\xf7\xc6\xf0\xc8\x05\
\x80\xb5\x88\xa4=%\xbd\x94\xe4r3}\xc7I\xf2\x98\
\xa0\x1e\x22iYI\xcf$\xfa~\x9f\x95\xb4~\xe9c\
\x1a\x04\x92\xde\xaat\xafh&IZ\xbb\xd4\xb1\xf8\x0f\
\xde\xac\x87I\x1a-\xe9T\xe0\x08\xeaO1\x9a\x91_\
\x00\x9fir\xf4\xb1\xcdZD\xfc\x1d\xd8+Q\xb8\xb9\
\x81?I\xfa@\xa2x\xad\xa4j\xae\xff%\xd4_\xe7\
\x7f\xaa\xefE\xc45\x89b\xb5\x87\xfc\x04\xc0\x06\x9c\xa4\
\xe5U=\x1e\xcce\x92\xa4o\xc9\xbf\xfc{\x9a\xa4\xd3\
\x12\x7f\xe7\x9f*}L\xfdH\xd2\xc6\x92\x9eJ\xf8]\
\x5c\xa7j\xe9`\x1b.\xb9\x00\xb0\x01&\xe9\xc3J{\
\xb1y\xb5\x87$mT\xfa8m\xd6$-(\xe9_\
\x09\xbf\xfb)\xf2\xec\x80a\x91\xf4Q\xa5}\x057A\
R\x8au\x03j\x19Y:\x81B\x96\x93t@\xe9$\
\xac\x98\xa7\x81\xff\x05\xae\xed\xb5\xc7\xde\x92F\x02\x07S\
=\xfa\x8dL\xdd\x5c\x05l\x1f\x11\xf7e\x8ao\x09E\
\xc4c\xaa\xd6|\xb8\x82j\xeb\xdf\xda!\x81C%-\
\x01\xec\x1f\x11u\x17\x1e\x1aX\xaa\x16\xf9\xd9\x1f\xf8\x01\
\xe9\xfe\x1e\xa7\x00\xbbD\xc4?\x12\xc5\xebZ\xae\x0bL\
v\x92\xb6\x04\xce)\x9d\x87\xf5\xb5\xbb\x81o\x02\xbfn\
b\xe7\xadY\x91\xb4\x18\xd52\xa09\x07k\x1dM\xb5\
\xda\xd8K\x19\xfb\xb0\x0c$\xfd\x17p\x5c\xe2\xb0W\x02\
;E\x847\x7fz\x15I\xaf\x03\xfe\x07\xd82q\xe8\
\xefD\xc47\x12\xc7\xecJ?\xbf\xfb{\xbct\x02\xd6\
\xf7\xde\x08\x9c\x04\x9c\xa0\xc2\x8b\xdfHz7p\x13\xf9\
n\xfe\xcf\x02;G\xc4\x1e\xbe\xf9\xf7\xa7\x888\x1e\xf8\
i\xe2\xb0\xeb\x01\xff+i\xf3\xc4q\xfb\x9a\xaa\x91\xf9\
7\x91\xfe\xe6\xff;\xe0[\x89cv\xad\x9f\x0b\x80\xfb\
K'`\x03c\x17\xe0\x90R\x9dK\xda\x0b\xf8\x0b\xb0\
x\xa6.\xc6\x03kG\xc4)\x99\xe2[s\xf6\x00\xfe\
\x988\xe6B\xc0\x1f$\x1d\xac\x96\x0fJS\xb5\xfe\xc2\
>\xc0\xe5\xc0\xd2\x89\xc3_\x06|\xa4\x97^;\xf6\xf3\
+\x809\x81'I\xb3\xfb\x99\xd9\x14`\xad\x88\xb8\xa1\
\xa9\x0e%\x8d\xa6\xdaDd\xbb\x8c\xdd\xfc\x0e\xf8xD\
<\x95\xb1\x0fkP\xe7\xbc\xb9\x9cj\xbd\xff\xd4n\x06\
>\xd5\xe4\xdfA\xaf\x90\xb4\x02\xd5+\x96\x1cO\xe1n\
\x066\x88\x88'3\xc4\xeeZ\xdf>\x01\xe8\xecVv\
i\xe9<l`\xccF\xf5\xeb\xaa\x11\x92\xde\x02\x5cG\
\xbe\x9b\xff$\xaa\xc1K\x1f\xf6\xcd\x7f\xb0D\xc43\xc0\
\xfb\x81\xbdc\xcd\x0b\x00\x00 \x00IDAT\xbb2\
\x84_\x15\xb8F\xd2\xe1\xaa\xb6\xb8\x1dx\x92\xe6\x92\xf4\
M\xe0\xaf\xe4\xb9\xf9\xdf\x0d\xbc\xbf\xd7n\xfe\xd0\xc7\x05\
@\x87\x07\x01ZJ\xefk\xa2\x13I\xdbS\xdd\xfc\xdf\
\x92\xa9\x8b\x87\x80M\x22\xe2\xd0^\x18\xdch\xe9E\xc4\
C\xc0&\xc0=\x19\xc2\x8f\x00\xbe\x04\xdc%i\xf7\xce\
\xcc\x94\x81\xd3y\xdc\xbf\x030\x8e\xea\xbd\xfc\x9c\x19\xba\
y\x18x_D<\x90!vm}\xfb\x0a\x00\xaa\xf9\
\xb1\xc0\xdf\x81\xf9J\xe7b\x03cLD<\x9d#p\
\xe7\xfd\xea\xd4)~\xb9\x8c\xa5\x9a\xe2\xe712- \
iY\xe0\x22`\x99\x8c\xdd\xdc\x05\x1c\x04\x9c\xd2K\xef\
\xaf\xeb\x90\xf4A\xaac\xca\xf1\x1ae\xaa\xc7\xa8n\xfe\
7f\xec\xa3\x96\xbe~\x02\x10\x11\x8f\x01\x87\x96\xce\xc3\
\x06\xca\xdc9\x82JZ\x1c\xb8\x98\xbc7\xff#\x81\x8d\
|\xf3o\x8f\xcer\xc1\xeb\x02\xb7f\xecfy\xe0\xd7\
\xc0\xed\x92\xfe\xab3\xfe\xaa\xef\xa8\xdaF{\x07I7\
\x00\xbf'\xef\xcd\xff_\xc0z\xbd|\xf3\x87>\x7f\x02\
\x00 in\xaaE]\x96/\x9d\x8b\x0d\x84\xc5:\x8f\
W\x93Q\xb5\x09\xcbi\xc0b)\xe3N\xe3\x19\xe0\xbf\
\x22\xe2\xd4L\xf1\xad\xc7u\xde\xd7\x9f\x0b\xbc\xbb\x81\xee\
\x1e\x02\xfe\x1b\xf8e/,f3+\x9d\xe2{7\xe0\
\xd3\xe4}R2\xd5\xed\xc0f\xfd\xb0\xb6B\xdf\x17\x00\
\x00\x92V\x04\xae\x06Z1h\xc5\xb2JV\x00tV\
\x11\xdb\x8b\xea\xb1\x7f\xae\xf7\xa8\xe3\x80m#\xe2\x8eL\
\xf1\xadOH\x9a\x0b8\x05\xf8PC]N\xa1\xda\x18\
\xe7\x14\xe0\xac\x88\xe8\x99\xb5Y:3%\xb6\x04v\xa4\
\x1a0\xd9\xd48\x86\xb1\xc0\x16\x111\xa1\xa1\xfej\x19\
\x88\x02\x00@\xd2&\xc0Y\xc0\xe8\xd2\xb9X_KR\
\x00H\x9a\x97j\x8a\xdf\x87\xeb\xa74Cg\x02\x9f\xc8\
5f\xc1\xfaOgA\xab\x9f\x01Mo\xf83\x91\xaa\
\x18\xf8\x13\xf0\xa7\x88\x18\xdfp\xffHZ\x06\xd8\xac\xf3\
y/0W\xc3)\xfc\x1e\xd8!\x22\x9eo\xb8\xdf\xae\
\x0dL\x01\x00 \xe9mT3\x03\xdeX:\x17\xeb[\
\xb5\x0b\x00I+\x01\xbf\x05VL\x93\xd2kL\x02\x0e\
\x04~\xecQ\xfe\xf6j\x9d'O{S\xad__j\
a\x9f\xfb\xa8~\x0d_\x05\xdc\x08\xdc\x9ar\x1a\x9c\xa4\
y\x80\xb7\x02\xab\x01\xef\xa2Z\xd1\xb0\xd4u_Tc\
\xd1\xbe\xdao\xfb*\x0cT\x01\x00/\xaf\xdf\xfc\x0d\xe0\
\xb3x\x91 \x1b\xbeZ\x05\x80\xa4\x1d\x81\xe3\xc9\xf7$\
\xeaA\xaa_\x19\x97g\x8ao\x03\xa2\xb3\x9c\xed\xa9\xa4\
_\xd1\xae[\xff\xa4\x9a\xb5uO\xe7\xff?\x0c<B\
\xb5\xa0\xdbS\xc0\xe4W\xfd\xf7\xf3\x03c\x80\x05\xa9\xc6\
\xcf,E\xf5\x0e\x7fY\xaa\x9b}/\x0cb\x7f\x14\xd8\
5\x22R\xaf\xce\xd8\x88\x81+\x00\xa6\xeal\xb5\xf89\
`+\xaa\x13\xc6l(\xba*\x00:S\xfc\x0e\x05\xf6\
L\x9f\xd2\xcb\xae\xa4\xba\xf9{\x94\xbf\x0dI\xe7\x07\xd1\
/in\x5c@\x9b\x5cA\xb5\xbfF\xcf\x0f\xf6\x9b\x91\
\x81-\x00\xa6\xd5Yum9\xe0\xf5T\x95d\xae'\
\x03;SU\xa9\xdd8\x19\xb87a.m\xf6\x05`\
\x9e.\xdb\x0e\xbb\x00\xe8l\xabz:\xd5t\xac\x5c\x0e\
\x07\x0e\x88\x88\x89\x19\xfb\xb0\x01\xd4y%\xf0%\xe0\x87\
\xf8\xa9h\x0aS\xa8\x06\xf6~\xa3\xdf\x1e\xf9[F\x92\
.U\xf76(\x9d\xff\xa0\x90\xf4`\x8d\xefa\xd1a\
\xf6\xb5\x81\xa4\x07j\xf47+O\xabZ9\xd0\xac\x16\
IkH\xba5\xe3\xb9\xda\x06\xf7H\xda\xb4\xf4w\x99\
J/\xbcC1\xeb;\xaa\x96\x11\xdd\x97j\x15\xb6\x5c\
\xf3\xfb\xef\x04\xd6\x8c\x88\xd33\xc5\xb7\x16\x89\x88\xeb\xa9\
\x06\xcd}\x03x\xb1p:\xfdf2p\x04\xb0rD\
\x5cX:\x99T\x5c\x00\x98\x0d\x93\xa41\xc0\x19T\xef\
\xfcs\xcd/>\x83jw\xc2;3\xc5\xb7\x16\x8a\x88\
\x97\x22\xe2;T\x9b\xfe\x9c_:\x9f>q5\xd5v\
\xda{u6b\x1a\x18.\x00\xcc\x86A\xffYtj\
\xdbL]L\x9d\xe2\xb7\x83\xe7\xf7[.\x111>\x22\
\xde\x0flJ\xb5r\x9d\xbd\xd6\xfd\xc0\xae\xc0\xba\x83\xba\
=\xb2\x0b\x00\xb3!\x92\xb4\x13p\x03\xb0R\xa6.\xa6\
\xee\x1cv\xb0\xe7\xf7[\x13\x22\xe2\x22\xaa5\xf1w\xa5\
\x9a\xa2g\xd5\xd4\xbe\x03\x81\xe5\x22\xe2\xa4A\xfe[t\
\x01`6\x0b\x92f\x97t$\xd5L\x8dng\x17\xcc\
\xca\xe5\xc0\xaa\x11qq\xa6\xf8f\xd3\x15\x11\x13#\xe2\
$\xaa\x85u\xbeH5G\xbf\x8d\x1e\x06\xbe\x02\xbc\xb1\
S\x84?W:\xa1\xdc\x5c\x00\x98\xcd\x84\xa4%\x81K\
\x81=ru\x01\xfc\x18\xd88\x22\x1e\xcc\xd4\x87\xd9,\
E\xc4\x8b\x11q\x0c\xf0f\xaa)\xcd=\xbd\x93]B\
\xe3\x81\xdd\x81\xa5#\xe2\x07\x83\xf6\x9e\x7ff\x5c\x00\x98\
\xcd\x80\xa4\x8d\xa8.\x82\xebd\xea\xe2i\xaaw\xfd\xfb\
x>\xb1\xf5\x8a\x88\x98\x14\x11\xa7D\xc4\xeaTK\xec\
\x9e\x08\x0c\xda\xaf\xe1\x97\xa8\xf6\xd2\xd8\x0cX)\x22\x8e\
\x8b\x88\x17\x0a\xe7\xd48\x17\x00f\xaf\xd2\x99\xe2\xb7?\
\xf0g`X\xeb\x02\x0c\xc3\x1dTS\xfc\xce\xc8\x14\xdf\
\xac\xb6\x88\x18\x1b\x11\xbb\x01K\x00\x9f\xa1z\x1a6\xa5\
dN5\x08\xb8\x0e\xd8\x07X*\x22\xb6\x8b\x88\x0b\x22\
\xa2_\x8f\xa7\xb6\xa6\xb6H4\xeb\x17c\x80\x9f\x02[\
g\xec\xe34\xe0Smz\xd4h\xfd\xad\xb3\x91\xcf\xcf\
\x81\x9fKZ\x9cj\x97\xcb-\x80w\x03s\x96\xccm\
\x16&QmHt\x1epzD\xdcS6\x9d\xde\xe2\
\x02\xc0\xec\x95.\x01\x96\xcc\x14{\x22\xb0_D\x1c\x99\
)\xbeYv\x11\xf1\x00p4p\xb4\xa4\xb9\x81\x8d\xa8\
\xb6\xdf]\x97j}\x81\x92\xf7\x95)TO\xd7\xae\x04\
\xfe\x02\x5c\x98r\x17\xc2A\xe3\x02\xc0\xec\x95r\xdd\xfc\
\xef\xa7z\xdf\x7fe\xa6\xf8f\x8d\xeb\x8c\x94?\xaf\xf3\
A\xd2h`-\xaa\x15\x07\xdf\x06\xacL5m6\xc7\
\x1e\x04\x93\x80\xbb\x80\xdb\x80\x9b\x81\xbf\x02WG\xc4\x84\
\x0c}\x0d$\x17\x006\x88zm\xde\xeee\xc0\x8e\x1e\
\xe5o\x83\xae\xf3Z\xeb/\x9d\x0f\x00\x92FP\x15\xd6\
\xcbPm\xe3\xfb3\xba\x7fm\xf0E\xaa_\xf8\xf7\x00\
\xf7zs,\xeb\x19\xf2f@=A\xd2M5\xbe\x87\
\x94\xa6H:R\xd5V\xc1f\x06H\x9aP\xe3oj\
\xfe\xd2\xf9\x0f\x12\xcf\x02\xb0A\xf4\xb7\xd2\x09\xf0\x9f)\
~{\xfaW\x8a\x99\xf5\x22\xbf\x02\xb0AT\xba\x00\x18\
\x07|8\x22\xbc\xc6\xba\x99\xf5,?\x01\xb0A4\xae\
`\xdf\xa7\x00\xab\xfb\xe6of\xbd\xce\x05\x80\x0d\xa2s\
\x80'\x1a\xees\x22\xb0gD\xec\x1c\x11\xcf6\xdc\xb7\
\x99\xd9\xb0\xb9\x00\xb0\x81\xd3\xd9F\xf7\xd8\x06\xbb\xbc\x0f\
\xd80\x22\x8ej\xb0O3\xb3Z\x5c\x00\xd8\xa0:\x12\
x\xbe\x81~.\xa7z\xe4\x7fU\x03}\x99\x99%\xe3\
\x02\xc0\x06RD<\x0c\x1c\x9a\xb1\x0bu\xe2{\x17?\
3\xebK.\x00l\x90}\x0b\xf8U\x86\xb8O\x03\xdb\
G\xc4\xfe\xde\xc5\xcf\xcc\xfa\x95\x0b\x00\x1bX\x11!\xe0\
S\xc0\xc5\x09\xc3\x8e\x03\xd6\x8e\x883\x13\xc643k\
\x9c\x0b\x00\x1bh\x11\xf1\x12\xb0-\xf0\xeb\x9a\xa1D\xb5\
/\xfa\xea\x11qG\xed\xc4\xcc\xcc\x0as\x01`\x03/\
\x22\x9e\x88\x88\x8f\x01\x9b\x03\xff\xee\x22\xc4\x0d\xc0\x06\x11\
\xb1\x9b\xa7\xf8\x99\xd9\xa0p\x01`\xad\x11\x11\x7f\xa2\xda\
\xa1\xec\xf3T\x1b\xf4L\x99\xc9\x7f>\x11\xb8\x0e\xf8(\
\xb0fD\x5c\x91?C3\xb3\xe6x)`k\x95\x88\
x\x82j\x8d\x80c%-\x0el\x0c,\x00\x8c\xe9|\
\x9e\x04\xc6\x02\xd7w\xb6:53\x1bH.\x00\xac\xb5\
\x22\xe2\x01\xea\x8f\x0d03\xebK~\x05`ff\xd6\
B.\x00\xcc\xcc\xccZ\xc8\x05\x80\x99\x99Y\x0b\xb9\x00\
033k!\x17\x00fff-\xe4\x02\xc0\xcc\xcc\
\xac\x85\x5c\x00\x98\x99\x99\xb5\x90\x0b\x0033\xb3\x16r\
\x01`ff\xd6B.\x00\xcc\xcc\xccZ\xc8\x05\x80\x99\
\x99Y\x0b\xb9\x00033k!\x17\x00fff-\
\xe4\x02\xc0\xcc\xcc\xac\x85\x5c\x00\x98\x99\x99\xb5\x90\x0b\x00\
33\xb3\x16r\x01`ff\xd6B#K'`\xbd\
C\xd2\x9b\x80\xcd\x81\xe5\x819\x0a\xa73h^\x00\xfe\
\x06\x9c\x17\x11w\x97N\xa6M$\xcd\x03\xac\x09\xac\x07\
\x8c\x01\x9e\x06\x9e\x02&\x00\x17F\xc4\xfd\x05\xd33+\
\xc6\x05\x80!i\x09\xe0\x08`[\xfcT(\xb7#%\
\xfd\x16\xd83\x22\x1e(\x9d\xcc\xa0\x924\x1b\xf0Q`\
\x0f`Uf|\xad\x9b\x22\xe9J\xe0t\xe0\xe4\x88\x98\
\xd0P\x8af\xc5\xf9b\xdfr\x92V\x06\xae\x07\xb6\xc3\
\xe7C\x13f\xa3\xfa\xb7\xbeA\xd2[K'3\x88$\
\xad\x0b\x5c\x03\x9c\x08\xac\xc6\xcc\x7f\xe8\xcc\x06\xac\x0f\x1c\
\x03\xdc.i\xcb\xfc\x19\x9a\xf5\x06_\xf0[L\xd2\xfc\
\xc0y\xc0\x12\xa5si\xa1%\x80\xf3$\xcdW:\x91\
A!i\x1eI'\x00W\x00kt\x11bq\xe0\x1c\
I\xbf\xf2\xf7bm\xe0\x02\xa0\xdd\xbe\x01\xbc\xa1t\x12\
-\xb64\xd5w`5IZ\x9e\xeaW\xff\xae@\xd4\
\x0c\xf7Q\xe0\x5cI\x1e\x07c\x03\xcd\x05@KI\x9a\
\x13\xf8D\xe9<\x8cO\xfaFS\x8f\xa4\xad\xa9^c\
\xad\x9c0\xec\xfa\xc0\xffH\xaa[L\x98\xf5,\x17\x00\
\xed\xb5\x1a\xe0\xc7\x9c\xe5\xcdG\xf5]\xd80I\x1a)\
\xe9\x10\xe0\xb7T\xa3\xfbS\xdb\x09\xf8f\x86\xb8f=\
\xc1\x05@{-]:\x01{\x99\xbf\x8ba\x92\xb4(\
\xf0g`?\xea?\xf2\x9f\x99\x03:}\x99\x0d\x1c\x17\
\x00\xed5\xb1t\x02\xf6\xb2\x97J'\xd0O$\xad\x0e\
\x5c\x0bl\xd4@wsRM%4\x1b8.\x00\xda\
k|\xe9\x04\xecew\x95N\xa0_H\xda\x03\xb8\x8a\
f\x9f\x9a|N\xd2\xbc\x0d\xf6g\xd6\x08\x17\x00\xedu\
\x1b\xf0\xcf\xd2I\x18\xff\x04n/\x9dD\xaf\xebL\xf1\
;\x198\x12\x98\xbd\xe1\xee\xe7\x07\xb6h\xb8O\xb3\xec\
\x5c\x00\xb4TDL\x01\x0e+\x9d\x87\xf1\xa3\xcewa\
3 i\x05\xaaG\xfe;\x15Lc\x85\x82}\x9be\
\xe1\x02\xa0\xdd\x8e\x05.)\x9dD\x8b]\x02\xfc\xb4t\
\x12\xbdL\xd2\xb6\xc0u@\xe9U\x13\x97/\xdc\xbfY\
r.\x00Z,\x22&\x03\xdb\xe0\x22\xa0\x84K\x80m\
:\xdf\x81\xbdJg\x8a\xdf\xa1\xc0\x19\xe4\x99\xe27\x5c\
\xcb\x95N\xc0,5\x17\x00-\x17\x11O\x00\x9b\x02_\
\xc4c\x02\x9ap\x0f\xd5\xbf\xf5\xa6\x9d\x7f{{\x15I\
\x8b\x01\x17\x01\xfb\x92w\x8a\xdfp,Y:\x01\xb3\xd4\
\xbc\x1b\xa0M}\x12p\x8c\xa4c\xa9\x1e\xb5.\x0f,\
X6\xab\x81\xf3\x18\xd5h\xff\xdb\xfd\xce\x7f\xc6$\xad\
\x07\x9cF\xef\xedO\xd1+\x85\x88Y2.\x00\xece\
\x9d\x1b\xd3\xad\x9d\x8fY\xa3$\xed\x09\x1cJ\xbeQ\xfe\
\xf7\xe1_\xf2f/\xf3+\x003+J\xd2hI\xa7\
\x02G\x90\xef\xe6\xff{`\xe3L\xb1\xcd\xfa\x92\x0b\x00\
3+\xa6\xb3\x8b\xdf\xd5\xc0\x0e\x99\xba\x98\x0c|\x1b\xd8\
\x0a\xf0\x98\x0b\xb3i\xf8\x15\x80\x99\x15!\xe9C\xc0\x89\
\xe4\xdb\x94\xeaQ`\xa7\x88\xb8\xa8\xd3_\xa6n\xcc\xfa\
\x93\x9f\x00\x98Y\xa3:S\xfc~\x08\x9cE\xbe\x9b\xff\
\x0d\xc0\xeaSo\xfef\xf6Z~\x02`f\x8d\x91\xb4\
0p\x0ay\xdf\xc7\x1f\x07|1\x22\xbc\xc9\x92\xd9L\
\xb8\x000\xb3Ft\xa6\xf8\x9d\x0e,\x9e\xa9\x8b\xe7\x81\
\xcfE\xc4\x09\x99\xe2\x9b\x0d\x14\x17\x00f\x96\x9d\xa4O\
\x03\xc7\x90o\x94\xff\xdf\x80m#\xc2SX\xcd\x86\xc8\
c\x00\xcc,\x9bi\xa6\xf8\xfd\x9c|7\xffs\x815\
}\xf37\x1b\x1e\x17\x00f\x96Eg\x17\xbfk\xc8;\
\xc5\xef@`+/\xabl6|~\x05`f\xc9I\
\xda\x0a8\x81|\xa3\xfc\x1f\x01v\xf6(\x7f\xb3\xee\xb9\
\x000\xb3d$\xcd\x0e\x1c\x0c\xec\x95\xb1\x9b\xb1\xc0\xf6\
\x11q\x7f\xc6>^mtg\xea\xe2PL\xa1Z\x83\
\xe0N\xe0\xb2\x88x._Z\xff!i6`M`\
u`\x11`T\x13\xfdva\xae\x1am\xbf)\xe9\xc5\
d\x99\xbc\xd2K\xc0C\xc0\xbf\x81\xff\x8b\x88\xdb3\xf5\
\xd33\x5c\x00\x98Y\x12\x92\x96\xa0\xda\xc8g\xbd\x8c\xdd\
\x1c\x09\xec\x17\x11\x133\xf61=\xf3\x00\x07t\xd1\xee\
\x09IG\x00\x07G\xc4\x0b\x89sz\x99\xa4\x1d\x80\xef\
\x01\xcb\xe6\xea\xa3G|\xa9\xa9\x8e$\xfd\x1d8\x078\
&\x22\xeen\xaa\xdf&y\x0c\x80\x99\xd5&i}\xe0\
F\xf2\xdd\xfc\x9f\xa1Z\xd5\xefK\x05n\xfeu\xcc\x0f\
|\x0b\xb8TR\xf2\x1d6%Eg\x17\xcfS\x19\xfc\
\x9b\x7f\xd3\x96\x05\xf6\x06\xc6I:\x22\xc7\xf7W\x9a\x0b\
\x003\xebZ\xe7\x06\xb4\x0f\xf0\x17`\xb1L\xdd\x8c\x03\
\xd6\x8a\x88S3\xc5o\xc2Z\xc0\xef$\x8dH\x1c\xf7\
\x1b\xc0g\x13\xc7\xb4W\x1a\x05\xec\x09\xdc i\x95\xd2\
\xc9\xa4\xe4\x02\xc0\xcc\xba\x22i^\xaa\x85}~D\xbe\
\xd7\x89gRM\xf1\xbb#S\xfc&\xad\x0f|*U\
0I+\x02_M\x15\xcffi\x19`\xac\xa4MJ\
'\x92\x8a\x0b\x003\x1b6I+\x01\xd7\x01\x1f\xce\xd4\
\xc5$`\x1f\xaa\xc1~Og\xea\xa3\x84=\x13\xc6\xfa\
\x1c\xf9\xd6V\xb0\xe9\x1b\x0d\x9c\xd1)\xbe\xfa\x9e\x0b\x00\
3\x1b\x16I;\x02\xd7\x02\xb9.\x82\x0f\x02\x1bG\xc4\
\x8f#b\xd0\xb6\xf0{\x8b\xa47$\x8a\xf5\xbeDq\
lx\xe6\x07\xce\x91Tg6COp\x01`fC\
\x22i\xf6\xce\x88\xf6S\xa8~\x09\xe5p%\xf0\xce\x88\
\xb8<S\xfc^\xf0\xa6\xba\x01$\x05\xf0\xc6\x04\xb9X\
w\x96\x07\xf6(\x9dD].\x00\xccl\x96:S\xfc\
.!\xed#\xecW;\x1cxOD<\x90)~#\
\xf3\xf1\x87`\xd0\x9ej\xb4\xd5\x81\xfd>3\xc0\x05\x80\
\x99\xcd\x94\xa4\x0d\x80\x9b\x80u3u\xf1\x0c\xb0CD\
\xec\x9ds\x8a_g,\xc1\xc3\xb9\xe2\x0f\xc3?\xea\x06\
\xe8\xbc\x1a\xa9\x1d\xc7j\x99\x1f\xd8\xb1t\x12u\xb8\x00\
0\xb3\xe9\xeaL\xf1\xdb\x0f\xb8\x08X4S7wR\
\x8d\xf2?=S\xfcW\xbb\xa0\xa1~f\xe4\x8e\x88\xb8\
7Q\xac\xd2\xc7b\xb0e\xe9\x04\xeap\x01`f\xaf\
!i\x0c\xd5\x14\xbcC\xc87\xc5\xef\x0c\xaa\x9b\xff\x9d\
\x99\xe2O\xcfQTK\xf5\x96rD\xc2X?\x01\xfa\
iQ\xa4A\xb4\xa1\xa49J'\xd1-\x17\x00f\xf6\
\x0a\x92V\xa6\x9a\xe2\xb7M\xa6.&\x02{G\xc4\xf6\
\x11\xf1L\xa6>\xa6+\x22n \xedMx8.\x01\
~\x91*XD\xdc\x05\x1c\x94*\x9eue\x14\xb0x\
\xe9$\xba\xe5\x02\xc0\xcc^&i'\xaa-|W\xc8\
\xd4\xc5\x03TS\xfc\x0e\xcf\x14\x7f(\xf6\x07Nj\xb8\
\xcf\xab\x80\x0fGD\xea\xa7\x0f\xdf\x03\x8eN\x1c\xd3\x86\
g\xc9\xd2\x09t\xcb\x05\x80\x99!i\x94\xa4\xa3\x80\x93\
\xa96\xbe\xc9\xe1r\xaa)~Wd\x8a?$\x111\
\x19\xd8\x0d\xd8\x05\xc8\xbd\xc9\xcb\xe3\xc0\xd7\xa8f7<\
\x9e:xD(\x22\xf6\xa0Z\x90\xe9\xae\xd4\xf1mH\
\xfav&\x80w\x034k9IKR-\xe9\xbbN\
\xae.\xa8\xa6\xf8\x1d\x10\x11\x932\xf51,\x9dQ\xf4\
\xbf\x92\xf4\x1b\xaau\xfa\xdf\x01\xcc\x9b\xb0\x8b\x17\x80;\
\x80+r\xee\x028UD\xfcV\xd2\xef\x80\xd5:\x9f\
\xf9s\xf79`v\x01V\xea\xb2m\xa4L\xc4\xfa\x94\
\xa4K\xd5\xbd\x0dJ\xe7o\xed#i}I\x0f\xd48\
og\xe5iI\xdb\x97>N\xb3\x99\x91tv\x8ds\
\xfcC\xa5\xf3\xef\x96_\x01\x98\xb5\x90\xaa)~{R\
M\xf1\xcb\xb5\x8b\xdfx`\xed\x06\xa7\xf8\x99\xd90\xb8\
\x000k\x19U\xcb\xc8\x1eC5\x1a>\xd7f2g\
Sm\xe1{{\xa6\xf8fV\x93\x0b\x00\xb3\x16Q\xb5\
\x1f\xfd/\xa9v\x92\xcba\x12p`Dl\x1d\x11O\
f\xea\xc3\xcc\x12\xf0 @\xb3v9\x84j\x04|\x0e\
\xf7Sm\xdf;6S|3K\xc8\x05\x80\xbdL\xd2\
\xc2\xc0\xa6T;]\xcdY8\x9dA\xf3\x02\xd54\xad\
?G\xc4\xa3%\x12\x90\xb4\x06\xf96\xf3\xb9\x0c\xd81\
\x22\x1e\xcc\x14\xdf\xcc\x12s\x01`HZ\x00\xf8\x01\xd5\
/\xc3\xbe]\xd6\xb2O\xbc(\xe9\x04\xe0\xcb\x111\xa1\
\xa9N%\x8d\x04~\x0e\x8cH\x1d\x1a8\x8c\xeaxz\
b\x8a\x9f\x99\x0d\x8d\xc7\x00\xb4\x9c\xa4e\x81\xeb\x81\xdd\
\xf1\xcd\xbf\x09sP\xfd[_'\xa9\xf6\xbe\xf0\xc3\xf0\
\x01\xaa\xb9\xee)=\x05l\x17\x11\xfb\xf9\xe6o\xd6\x7f\
\x5c\x00\xb4\x98\xa4y\x80\xf3\x80eK\xe7\xd2Bo\x06\
\xce\xeb|\x07M\xd8!q\xbc\xdb\xa96\xf2\xf9m\xe2\
\xb8f\xd6\x10\x17\x00\xed\xf6e\xf2\xad\xf9n\xb3\xb6\x22\
p`\xeeN$\xcd\x0dl\x910\xe4)TS\xfc\xc6\
'\x8cif\x0ds\x01\xd0R\x92F\x01\x9f)\x9d\x87\
\xf1YI\xb9\xe6\xe2O\xf5\x16`t\x828\x13\x81=\
#b\xe7\x88x6A<3+\xc8\x05@{\xbd\x93\
>\xde\xc4b\x80,H\xf5]\xe4\xf4\xfa\x041\xee\x03\
6\x8c\x88\xa3\x12\xc42\xb3\x1e\xe0\x02\xa0\xbd\x96)\x9d\
\x80\xbdl\x99\xcc\xf1\xeb\x16\x00\x97\x02\xabE\xc4U\x09\
r1\xb3\x1e\xe1\x02\xa0\xbdR\xefKn\xdd\xcb\xfd]\
L\xae\xd9~\x01\xd2\xee\x94gf=\xc0\x05@{\xfd\
_\xe9\x04\xece\xb9\xbf\x8b\x7f\xd7l\xbf*p\xbd\xa4\
-S$cf\xbd\xc1\x05@{\xddL\xb5t\xab\x95\
u?pK\xe6>\xea\x16\x00P\xed/\x7f\xb6\xa4\xef\
u\xf6\x130\xb3>\xe7\x02\xa0\xa5\x22b2\xe0\x01]\
\xe5\x1d\xd9\xf9.r\xba\x03H\xb1\xea`\x00_\x01\xce\
\xef,\x1bmf}\xcc\x05@\xbb\x1dN\xb5\x0a\xa0\x95\
q\x1d\xd5\x96\xbcYE\xc4K\xc0Y\x09Cn\x02\xdc\
(i\xad\x841\xcd\xaca.\x00Z\xacsc\xd8\x02\
\xb8\xb1t.-t\x03\xb0e\xe7;h\xc2\xa9\x89\xe3\
-\x05\x5c.)\xd7\xb6\xc2f\x96\x99\x0b\x80\x96\x8b\x88\
\x87\x80\xf5\x80o\x02\x8f\x15N\xa7\x0d\x1e\xa3\xfa\xb7~\
w\xe7\xdf\xbe)\x17Q\xed\xd8\x97\xd2(\xe0'\x92N\
\xea\xac6hf}\xc4\xbb\x01\x1a\x11\xf1\x02p\x90\xa4\
C\x80\xb5\xa8\x96\x07^\xa0lV\x03g\x020\x1e\xb8\
&\x22^l\xba\xf3\x88\x90\xa4\xcf\x00\x7f%\xfd\xa6O\
\x1f\x03V\x95\xf4\xe1\x88\xf8[\xe2\xd8f\x96\x89\x0b\x00\
{Y\xa7\x10\xb8\x8c\xf4\xbf\x14\xad\x07D\xc48I\xdf\
\x06\xbe\x9f!\xfc*TS\x05w\x8d\x88s2\xc47\
\xb3\xc4\xfc\x0a\xc0\xacE\x22\xe2\x07\xc0w3\x85\x9f\x0f\
8K\xd2\x91\x0d\xeco`f5\xb9\x000k\x99\x88\
\xf8:\xf0\xbd\x5c\xe1\x81=\xa8\xa6\x0a.\x92\xa9\x0f3\
K\xc0\x05\x80Y\x0bE\xc4\xd7\x80\x8f\x02\xcfe\xea\xe2\
=\xc0M\x92\xd6\xc9\x14\xdf\xccjr\x01`\xd6R\x11\
\xf1\x1b`\x1d\xf2-E\xbc$p\x99\xa4\x032\xc57\
\xb3\x1a<\x08\xd0\xac\xc5\x22\xe2fIk\x00'Q\xad\
\x09\x91\xdaH\xe0\x87\x92\xde\x06\xec\x1e\x11\xcff\xe8\xa3\
k\x9d\xe9\x8b\xef\xa3\xda\x92y!\xfc\xa3\xa8\xad\xde^\
:\x81\x12\x5c\x00\x98\xb5\x5cD<!\xe9C\xc0\x97\x81\
\x83\x80\x1ck\xfd\x7f\x04X\xa53U\xf0\xae\x0c\xf1\x87\
E\xd2H`o\xaac\x9e\xbfp:\xd6\xdf\xfavg\
UW\xbbfFD(\x22\xbe\x0fl\x06<\x92\xa9\x9b\
\xb7\x01\xd7I\xda*S\xfc!\x914'p.p0\
\xbe\xf9[}\x8f\x96N\xa0[.\x00\xcc\xece\x11q\
\x11\xb0\x1apm\xa6.\xe6\x03~'\xe9\xe0\x82\xbb\x0a\
\xfe\x0cx\x7f\xa1\xbem\xf0\xdcW:\x81n\xb9\x000\
\xb3W\x88\x88{\x81\xf5\x81\x9f\xe6\xea\x02\xd8\x1f\xb8\xb0\
\xe9\xa9\x82\x926\x00vm\xb2O\x1bh\xcf\x01\x0f\x94\
N\xa2[.\x00\xcc\xec5\x22\xe2\xa5\x88\xf8\x1c\xb0\x0b\
\xf9\xa6\x0anD\xf3S\x05\xbf\xd0`_6\xf8.\x8c\
\x88\x89\xa5\x93\xe8\x96\x0b\x003\x9b\xa1\x88\xf8\x15\xf0.\
\xf2N\x15\xbcD\xd2\x173\xc5\x7f\xb5\x8d\x1b\xea\xc7\xda\
\xa1\xaf\x97\xbdv\x01`f3\x15\x11\xb7\x00\xab\x93\xef\
b7\x0a8J\xd2o$\xcd\x93\xa9\x0f$\x8d\xc1\x9b\
\x5cY:\x0f\x01g\x96N\xa2\x0e\x17\x00f6K\x11\
\xf1$\xb05\xf0\x15`r\xa6nv\x06\xae\x91\xb4B\
\xa6\xf8se\x8ak\xedtPD<]:\x89:\x5c\
\x00\x98\xd9\x90t\xa6\x0a\xfe\x80j\xe1\x9c\x5cS\x05W\
\xa6\x9a*\xb8M\xa6\xf8f)\x5c\x07\x1c_:\x89\xba\
\x5c\x00\x98\xd9\xb0D\xc4_\xa8V\xce\xbb&S\x17c\
\x803%\x1d\xd2Y\xb0\xc7\xac\x97\xdc\x0fl\xdd\xcf\x83\
\xff\xa6r\x01`f\xc3\x16\x11\xff\x066\x00~\x92\xab\
\x0b`?\xaa\xa9\x82\x8bf\xea\xc3l\xb8\x1e\x02\xb6\x88\
\x88\xfbK'\x92\x82\x0b\x003\xebJg\xaa\xe0\x17\xa8\
\x96\xf9\xcd\xb5\xc6\xff\x86\xc0-\x926\xca\x14\xdfl\xa8\
n\x06\xd6\x8e\x88\x9bJ'\x92\x8a\x0b\x003\xab%\x22\
N\xa6\x9a%pG\xa6.\x16\x01\xfe\xec]\x05\xad\x90\
\x09\xc0\x81T7\xff{\x0a\xe7\x92\x94\x0b\x003\xab-\
\x22\xc6Qm-|v\xa6.\xa6\xee*x\x8a\xa4\xd1\
\x99\xfa0\x9bj2p%\xb0/\xb0lD\x1c\x1c\x11\
/\x14\xce)9\x0f\xb01\xb3$\x22\xe2\xc9\xce\xe8\xfd\
\xfd\x81\xef\x91gW\xc1\x1d\xa9v\x15\xdc\xb6St4\
\xe5)\xaa1\x09V\xdf\xe1\xc0\xdc]\xb6\xdd\x8b|+\
S\x02<H\xb5\xb4\xef\xdf#\xe2\xf1\x8c\xfd\xd8\xa0\x91\
t\xa9\xba\xb7A\xe9\xfc\xcdR\x91\xb4\xbe\xa4\x07j\xfc\
=\xcc\xca\xd3\x92\xb6\x1ffN\x8b\xd6\xe8\xef\xc1\x5c\xff\
Vm#iB\x8d\xef\xc1\xbb7&\xe4W\x00f\x96\
\x5cD\x5cN5.\xe0\xaaL]\x8c\x06N\x93\xf4s\
I\xb3g\xea\xc3l\xa0\xb9\x000\xb3,\x22\xe2>\xaa\
\xa9\x82\x07g\xec\xe6\xd3\xc0_$-\x9e\xb1\x0f\xb3\x81\
\xe4\x02\xc0\xcc\xb2\x89\x88I\x11q \xd52\xbf\xb9\xa6\
\x0a\xbe\x1b\xf8\xab\xa4\xf7d\x8ao6\x90\x5c\x00\x98Y\
v\x11q\x0a\xf9\xa7\x0a^ \xe9\x00I\x91\xa9\x0f\xb3\
\x81\xe2\x02\xc0\xcc\x1a\xd1\x19\xb5\xbf6pF\xa6.F\
\x02?\x04\xce\x924_\xa6>\xcc\x06\x86\x0b\x003k\
Lg\xf7\xb4\x1d\x80/\x01\xb9\xd6R\xff\x10p\xad\xa4\
\x953\xc57\x1b\x08.\x00\xcc\xacQ\x9d]\x05\x8f\x04\
6\xa1\x9as\x9d\xc3\x0a\xc0\xd5\x92v\xc8\x14\xdf\xac\xef\
\xb9\x000\xb3\x22\xa6\x99*86S\x17\xa3\x81S=\
U\xd0l\xfa\x5c\x00\x98Y1\x9d]\xd56$\xffT\
\xc1\x8b\x01O\x154\x9b\x86\x0b\x003+j\x9a\xa9\x82\
;\x01\xcfd\xeaf=\xaa\x22\xc0\xcc:\xbc\x17\x80\xbd\
L\xd2\xdcT\x17\xca\xe5\x81y\x0a\xa7ci<\x0b\x8c\
\x07\xc6FD\xce5\xd4k\x8b\x88S%\xdd\x0a\xfc\x96\
\xea\x1d~j\x0bd\x88i\xd6\xb7\x5c\x00\xd8\xd4\x1b\xff\
W\x80/\x00\x9e>5\x98\x9e\x90t\x0c\xf0\x83^.\
\x04\x22\xe2vIk\x02\xbf\x04\xb6-\x9d\xcf4\xa6\x94\
N\xc0,5\xbf\x02h\xb9\xce\x12\xaaW\x01_\xc57\
\xffA6?\xf05`l\xaf/\x9b\x1b\x11O\x01\xdb\
Q\xed\xbe7\xa9p:S\xdd[:\x01\xb3\xd4\x5c\x00\
\xb4\x98\xa49\x80?\x00\xab\x96\xce\xc5\x1a\xf3v\xe0\xf7\
\x9d\xef\xbegu\xa6\x0a\xfe\x88j\xaa`/\xec\xc4w\
W\xe9\x04\xccRs\x01\xd0n{\x03\xef,\x9d\x845\
n5\xaa}\xd5{^D\x5cF\x95\xef\x95\x85Sq\
\x01`\x03\xc7\x05@Z/\x15j;l\x92F\x02{\
4\xd9\xa7\xf5\x94=%\x8d(\x9d\xc4Pt\xa6\x0a\xbe\
\x078\xa2`\x1aw\x16\xec\xdb,\x0b\x17\x00i\xddW\
\xa3\xed\xbf\x93e14o\x07\x16k\xb8O\xeb\x1d\x8b\
Q\x9d\x03}!\x22&F\xc4^\xc0\x8e\xe4\x9b*8\
#\x0fQ\xbd*3\x1b(.\x00\xd2\xba\xac\xcbvw\
GD\xd3\x83\x8c\x96m\xb8?\xeb=}w\x0eD\xc4\
i\xc0Z\xc0\xb8\x06\xbb=2\x22^h\xb0?\xb3F\
\xb8\x00H\xebL\xe0\xf1.\xda\x1d\x97:\x91!\xf0\x96\
\xa9\xd6\x97\xe7@D\xdc\x01\xacI\xbe]\x05\xa7\xf5\x14\
\xf0\xd3\x06\xfa1k\x9c\x0b\x80\x84\x22\xe2\x19`\xffa\
6\x1b\x0f\x1c\x99!\x9dY\xb9\xbb@\x9f\xd6[\xfa\xf6\
\x1c\x98fW\xc1}\xc8;U\xf0\xab\x11\xf1D\xc6\xf8\
f\xc5\xb8\x00H,\x22~\x01\x1c6\xc4\xff\xfc>`\
\xcb\x88x>cJ3r\x13\xf0h\x81~\xad7<\
\x02\xfco\xe9$\xea\xe8L\x15\xfc1\xb01yv\x15\
<2\x22\x8e\xc9\x10\xd7\xac'\xb8\x00\xc8 \x22\xf6\x05\
>\x01<6\x93\xff\xec\x5c`\xcd\x88(2\xbd(\x22\
&\x02\xc7\x96\xe8\xdbz\xc2\xb1\x9ds\xa0\xefuv\x15\
\x5c\x0d\xb8\x22a\xd8\xb3\xa9\xa6\xc9\x9a\x0d\xac\xbe|\x07\
\xd8/:K\xecn\x03l@\xb5\x13\xd9s\xc0m\xc0\
\xd9\x11qK\xc9\xdc\xe0\xe5\xfc\xae\x07V*\x9d\x8b5\
\xeav\xaa\xe2\xb3g\x97\x04\xeeFgj\xeb\xf7\xa8\xd6\
8\xe8v\xfb\xdfI\xc0\x8f\x80oE\xc4\x8b\xa9r\xb3\
\xff\x904\x81je\xcan,\xe0W2\xe9\xb8\x00h\
9I\xcb\x00\xe7\x93g\xf3\x15\xeb=\xe3\x81\xf7E\xc4\
?K'\x92\x8b\xa4\x15\xa9n\xe2\x1f\x18f\xd3;\x80\
\x8fG\xc4u\xe9\xb3\xb2\xa9\x5c\x00\xf4\x0e\xbf\x02h\xb9\
\x88\xb8\x87jZ\xd5\xd1@\x89\xb1\x08\xd6\x8c\xe7\x81\xa3\
\x80\xb5\x06\xf9\xe6\x0f\x10\x11\xe3\x22\xe2\x83\xc0{\xa9^\
\xb5\xcdl\xac\xcb3\xc0\xa9TO\xea\xde\xe9\x9b\xbf\xb5\
\x89\x9f\x00\xd8\xcb$-@\xb5\xe2\xda\x8a\xc0\xbc\x85\xd3\
\xb14\x9e\xa6\x9a3\x7fqDL(\x9dL\x09\x92\x82\
\xea\x09\xd7:T[\x02?\xd9\xf9<\x0a\x5cSh\x10\
nk\xf9\x09@\xefp\x01`ff\x8dq\x01\xd0;\
\xfc\x0a\xc0\xcc\xcc\xac\x85\x5c\x00\x98\x99\x99\xb5\x90\x0b\x00\
33\xb3\x16r\x01`ff\xd6B.\x00\xcc\xcc\xcc\
Z\xc8\x05\x80\x99\x99Y\x0b\xb9\x00033k!\x17\
\x00fff-\xe4\x02\xc0\xcc\xcc\xac\x85\x5c\x00\x98\x99\
\x99\xb5\x90\x0b\x0033\xb3\x16r\x01`ff\xd6B\
.\x00\xcc\xcc\xccZhd\xe9\x04\x06Yg\x1b\xd2\xb5\
\x81\x0d\x80\xc5\x81g\x81\xdb\x81\xf3#\xe2\xb1\x92\xb9\x99\
\x99\x99Y\x06\x926\x92t\xab\xa6\xefyI?\x964\
\xbat\x9effM\x924a\x06\xd7\xc5\xa1\xe8v\x1b\
a\xb3fH\xfa\xbc\xa4IC8\x99\xff*i\x91\xd2\
\xf9\x9a\x995\xc5\x05\x80\x0d,I\x1f\x944y\x18'\
\xf4XI#J\xe7mf\xd6\x04\x17\x00\xbd\xc3\x83\x00\
\x13\x924\x0a8\x96\xe1\xfd\xbb\xae\x03|*OFf\
ff\xd3\xe7\x02 \xad\x0f\x01Ku\xd1\xee\x0b\xa9\x13\
133\x9b\x19\x17\x00im\xdce\xbb\x95%-\x9a\
4\x1333\xb3\x99p\x01\x90\xd625\xda.\x9d*\
\x0933\xb3Yq\x01\x90\xd6\x9c5\xda\xce\x95,\x0b\
33\xb3Yp\x01`ff\xd6B.\x00\xcc\xcc\xcc\
Z\xc8\x05\x80\x99\x99Y\x0b\xb9\x00033k!\x17\
\x00fff-\xe4\x02\xc0\xcc\xcc\xac\x85\x5c\x00\x98\x99\
\x99\xb5\x90\x0b\x0033\xb3\x16r\x01`ff\xd6B\
.\x00\xcc\xcc\xccZ\xc8\x05\x80\x99\x99Y\x0b\xb9\x000\
33k!\x17\x00fff-\xe4\x02\xc0\xcc\xcc\xac\
\x85F\x96N\xc0\xdaE\xd2\x9c\xc0\x86\xc0\xf2\xc0\xe2\xc0\
\xeb\x8a&dfM\x9b\xbbF\xdb\xc3%\xbd\x94,\x93\
\xf2&\x01\x0f\x03\xf7\x01\xd7F\xc4\xadMv\xee\x02\xc0\
\x1a!ie\xe0k\xc0\x07\x80\xd1\x85\xd31\xb3\xfe\xb4\
[\xe9\x04r\x92t7p\x22pXD<\x93\xbb?\
\xbf\x02\xb0\xac$\xcd+\xe9\x17\xc0_\x81\x1d\xf0\xcd\xdf\
\xcclF\xde\x08|\x0b\xf8\xbb\xa4]sw\xe6\x02\xc0\
\xb2\x91\xb4\x14p\x19\xf0\x09`D\xe1t\xcc\xcc\xfa\xc5\
\x22\xc0\x09\x92~.i\xf6\x5c\x9d\xf8\x15\x80e!i\
\x09\xe0j`\xc9\xd2\xb9\x98\x99\xf5\xa9O\x03s\x90\xe9\
\xd5\x87\x9f\x00Xr\x9d\x81~g\xe1\x9b\xbf\x99Y]\
\xbbJ\xda'G`\x17\x00\x96\xc3>\xc0\x9a\xa5\x930\
3\x1b\x10\xdf\x97\xf4\xe6\xd4A]\x00XR\x92\x16\x02\
\xf6+\x9d\x87\x99\xd9\x00\x19\x05|'uP\x17\x00\x96\
\xdan\xc0|\xa5\x9303\x1b0\xdbKZ4e@\
\x17\x00\x96\xdaV\xa5\x1303\x1b@\xb3\x01[\xa6\x0e\
h\x96\x84\xa4y\x80\xb5K\xe7af6\xa06M\x19\
\xcc\x05\x80\xa5\xb4$\x9e\xefof\x96\xcbR)\x83\xb9\
\x00\xb0\x94\x16/\x9d\x80\x99\xd9\x00K:\xb5\xda\x05\x80\
\xa5Tg\x93\x0f33\x9b\xb9\xa4\xd7X\x17\x00ff\
f-\xe4\xa5\x80\xadW\xdc\x06\x1c]:\x093\xb3\xcc\
\xe6\x01~\x5c:\x09p\x01`\xbd\xe3\xde\x888\xaet\
\x12ff9IZ\x90\x1e)\x00\xfc\x0a\xc0\xcc\xcc\xac\
\x85\x5c\x00\x98\x99\x99\xb5\x90\x0b\x0033\xb3\x16r\x01\
`ff\xd6B.\x00\xcc\xcc\xccZ\xc8\x05\x80\x99\x99\
Y\x0b\xb9\x00033k!\x17\x00fff-\xe4\
\x02\xc0\xcc\xcc\xac\x85\x5c\x00\x98\x99\x99\xb5\x90\x0b\x003\
3\xb3\x16r\x01`ff\xd6B.\x00\xcc\xcc\xccZ\
\xc8\x05\x80\x99\x99Y\x0b\xb9\x00033k!\x17\x00\
fff-\xe4\x02\xc0\xcc\xcc\xac\x85\x5c\x00\x98\x99\x99\
\xb5\x90\x0b\x0033\xb3\x16r\x01`ff\xd6B.\
\x00\xcc\xcc\xccZ\xc8\x05\x80\x99\x99Y\x0b\xb9\x0003\
3k!\x17\x00fff-\xe4\x02\xc0\xcc\xcc\xac\x85\
\x5c\x00\x98\x99\x99\xb5\x90\x0b\x0033\xb3\x16r\x01`\
ff\xd6B.\x00\xcc\xcc\xccZ\xc8\x05\x80\x99\x99Y\
\x0b\xb9\x00033k!\x17\x00fff-\xe4\x02\
\xc0\xcc\xcc\xac\x85\x5c\x00\x98\x99\x99\xb5\x90\x0b\x0033\
\xb3\x16r\x01`ff\xd6B.\x00\xcc\xcc\xccZ\xc8\
\x05\x80\x99\x99Y\x0b\xb9\x00033k!\x17\x00f\
ff-\xe4\x02\xc0\xcc\xcc\xac\x85\x5c\x00\xa45\xb1F\
\xdb\xd9\x93eQN\x9dc\xa8\xf3ogf\xd6/F\
\xd5h\xfbR\xb2,p\x01\x90\xda35\xda\x8eN\x96\
E9cj\xb4}*Y\x16ff\xbdk\xde\x1am\
\x9fN\x96\x05.\x00R\xab\xf3\xe5\xcc\x97,\x8br\xea\
\x1cC\xd2\x13\xdb\xcc\xacG\xf5\xccu\xd2\x05@Zu\
\x9e\x00\xbc1Y\x16\xe5,[\xa3\xad\x0b\x003k\x83\
\x9e\xb9N\xba\x00H\xeb\xc1\x1amWH\x96E9\xcb\
\xd7h\xfbp\xb2,\xcc\xcczW\xcf\x5c']\x00\xa4\
uW\x8d\xb6\xefL\x96E\x01\x92\x82z\xc70>U\
.ff=\xacg\xae\x93.\x00\xd2\xaa\xf3\xe5,/\
i\xc9d\x994\xef-\xc0\xe25\xda\x8fK\x95\x88\x99\
Y/\x924\x02X\xbfF\x88\xa4\xd7I\x17\x00i\xdd\
\x05\xa8F\xfb\xf7\xa6J\xa4\x80Mk\xb4}\x09\xb8'\
Q\x1eff\xbdjM`\x81\x1a\xed\xfd\x04\xa0WE\
\xc4\xb3\xd4\xfb\x82vN\x95K\x01ur\xbf%\x22&\
%\xcb\xc4\xcc\xac7\xd5\xb9N\xbe\x00\xdc\x91*\x11p\
\x01\x90\xc3%5\xda\xbeG\xd2R\xc92i\x88\xa4\x15\
\xa9*\xdbn]\x9c*\x173\xb3^$i\x14\xb0C\
\x8d\x10WG\xc4\xf3\xa9\xf2\x01\x17\x009\xd4)\x00f\
\x03\xf6L\x95H\x83\xf6\xae\xd9\xde\x05\x80\x99\x0d\xba]\
\x80\x85k\xb4\xf7u\xb2\xd7IZX\xd2\x14u\xefi\
I\x0b\x95>\x8e\xa1\x92\xf4zI/\xd48\xde\x17%\
\xcdS\xfa8\xcc\xccr\x914B\xd2\xdfj\x5c'%\
i\x9d\xd4y\xf9\x09@b\x11\xf1\x08pE\x8d\x10\xa3\
\x81o'J\xa7\x09?\x00\xe6\xa8\xd1\xfe\x82\xce\xd8\x09\
3\xb3A\xf5y\xe0\xcd5\xda\xdf\x0f\x5c\x9b(\x17\xcb\
I\xd2\xa7jVz\x93$\xf5\xfc\xba\x00\x92\xde\xadz\
O;$i\xbb\xd2\xc7af\x96\x8b\xa4E%M\xa8\
y\x9d<\xb4\xf4q\xd8\x10I\x1a#\xe9\xb9\x9a_\xf8\
m\x92\xe6.},3\x22i>I\x7f\xafy\x8cO\
J\x9a\xab\xf4\xb1\x98\x99\xe5 )$\x9d]\xf3:)\
I\xab\x94>\x16\x1b\x06I''\xf8\xd2\x7fQ\xfa8\
\xa6G\xd5I}f\x82\xe3\xfby\xe9c13\xcbE\
\xd2\xfe\x09\xae\x937\x95>\x0e\x1b&I\xab\xaa\xfe\xe3\
qI\xda\xbf\xf4\xb1\xbc\x9a\xa4\xef$8\xaeI\x92\x06\
a\xff\x033\xb3\xd7\x90\xb4\x85\xa4\x89\x09\xae\x95;\x96\
>\x16\xeb\x82\xa4\xf3\x12|\xf9S$}\xbc\xf4\xb1L\
%\xe9\x8b\x09\x8eI\x92N)},ff9H\xda\
P\xd2\xf3\x09\xae\x93w\xa9Z>\xd8\xfa\x8d\xa4\xb5\x13\
\x9c\x00RU\x04\xec\xdb\x03\xc7s\x80\xd2<\xd5\x98\x22\
\xe9m\xa5\x8f\xc7\xcc,5U\xbf\xfc\x9fMp\x9d\x94\
z\xe8\xc7\x9fuAi\x06\x80Lu\x94\xaa\xd5\xa4\x9a\
>\x86\xb9$\xfdw\xc2\xe3\xf8U\xd3\xc7`f\x96\x93\
\xaa\xb1Q{\xabz\xbd\x99\xc2m\x92f/}\x5cV\
\x83\xa4eT\x7fF\xc0\xb4\xae\x95Tg>\xe9p\xf3\
_I\xd2\xcd\x09\xf3\x9f i\xb1\xa6\xf273\xcbM\
\xd2B\x92\xceIx\x9d\x9c\x22\xa9\xce\xae\x81\xd6+$\
}-\xe1\x89!U\xef\x96\xbe.\xa9\xce\x02<\xb3\xca\
y.I\xdfR\xbdU\xfe\xa6\xe7\x0b\xb9r63k\
\x92\xaa_\xfd\xbbHz8\xf1u\xf2\xc4\xd2\xc7f\x89\
H\x9aCi\x7fEOu\xaf\xaaAy\xc9\xe6\xd2K\
\x1a-i\x1fI\x0fd\xc8\xf7*y@\x8b\x99\xf59\
UK\xfb\xee,\xe9\xd6\x0c\xd7\xc9\x07%-Z\xfa\x18\
-!I+\xa8Z\xe7?\x87\xc7%\xfdD\xd2\xbb\xd4\
\xc5\x0dV\xd5\xc9\xbc\xbe\xa4\xe3U\x7f\xc5\xaa\x19yL\
\xd2\xd29\xfem\xcd\xcc\x9a \xe9m\x92~ \xe9_\
\x99\xae\x93\x93%m\xda\xd4\xf1DS\x1d\x19H\xda\x05\
\xc8\xfdh\xe7q\xaa]\xa3\xae\x07\xee\x04\xee\x02\x9e\xe8\
|FP\xed5\xb0\x10\xb0|\xe7\xb3\x0e\xb0\x01\xc1\x06\
\xd1\x19\x00\x00\x02\x0dIDAT0\x7f\xc6\x9c\x04l\
\x15\x11\xe7f\xec\xc3\xcc\xac6U\x03\xad\xe7\x05\x16\x04\
\xde\x08\xac\x00\xac\x0el\x0c,\x91\xb9\xfb\xefF\xc4\xd7\
3\xf7\xf12\x17\x00\x0d\x93t,\xf0\xd9\xd2y\x98\x99\
YO\xb9\x10x\x7fDLn\xaaC\x17\x00\x0dS\xf5\
\x88\xfeL`\xab\xd2\xb9\x98\x99YO\xb8\x11\xd8(\x22\
\x9en\xb2S\x17\x00\x05\xa8\x1a\xb4w\x01\xf0\xee\xd2\xb9\
\x98\x99YQ\xff\x07\xac\x17\x11\x0f5\xdd\xf1lMw\
h\x10\x11\xcf\x03[\x02W\x96\xce\xc5\xec\xff\xdb\xbbw\
\xd6,\xa2 \x0c\xc0\xcf\x80\x9d\xf8\x03lM\xe3\x05\xbc\
 \x18\xc5\xc6\xc2[kc\x15$\xb5\xa4\xcfo\xd0\xca\
\xd2^\x1b\xd3\x8b\x85\x98\xd2N#\xd8h@\x04;!\
hP\x11\x8c\xe0\xb1\xd8\xa4\x0b\x1a$_\xce~\xf1}\
`\xfb\xb7\x9b\xd9ag'\x22\xbay\x87\xab=\x8a?\
i\x00\xba\xa9\xaau\x5c\xc3\xe3\xdeY\x22\x22b\xcf\xad\
\xe0bU\xbd\xef\x15 \x0d@GU\xf5\x1d7L~\
3 \x22\x22\xc6\xe3\x19.\xf5z\xf3\xdf\x92\x06\xa0\xb3\
\xaa\xfaYU\xf3\xb8\x8d\x1f\x9d\xe3DD\xc4\xe44\xdc\
\xc1\xf5\xaa\xfa\xd2;L>\x02\x1c\x91\xd6\xdaY,\xe1\
H\xef,\x11\x11\xb1\xab\xd6p\xab\xaa\x9e\xf4\x0e\xb2%\
\x13\x80\x11\xa9\xaa\x178\x8d{\xd8\xb3]\xd0\x88\x88\x98\
\xa8%\x9c\x1aS\xf1'\x13\x80\xd1j\xad\x9d\xc1}\x9c\
\xeb\x9d%\x22\x22\xfe\xc9*\x16\xaa\xeai\xef \xdb\xc9\
\x04`\xa4\xaaj\x05\x17p\x13\xaf;\xc7\x89\x88\x88\x9d\
\xfb\x80\x05\x9c\x1ck\xf1'\x13\x80\xa9\xd0Z+\xc3\x9f\
\x03\x171\xdb9NDDlo\x15w\xf1\xa0\xaa6\
z\x87\xf9\x9b4\x00S\xa6\xb5v\x1c\xf3\x98\xc3\xe1\xbe\
i\x22\x22\xfe{\x9f\xf1\x08\x0f\xf1\xbc\xaaZ\xe7<;\
\x96\x06`Jm\xde\x148\x8f+\xb8l\x98\x0c\x1c\xe8\
\x1a*\x22b\xff\xfb\x85W\x86\xab\xab\xcbX\xae\xaa\xa9\
\x5c\xe1N\x03\xb0O\xb4\xd6\x0e\xe1\xc4\xe6s\x0cG1\
c8_y\xd0p\x0a8\x22\x22\xfel\x03\xdf\x0c'\
\xd4\xbf\xe2#\xde\xe2\x8da\xc4\xff\xb2\xaa>\xf5\x8b\xb7\
{~\x03\xbd\xecQ\x143\x89\xdc\x95\x00\x00\x00\x00I\
END\xaeB`\x82\
\x00\x00$6\
\x89\
PNG\x0d\x0a\x1a\x0a\x00\x00\x00\x0dIHDR\x00\
\x00\x02\x00\x00\x00\x02\x00\x08\x06\x00\x00\x00\xf4x\xd4\xfa\
\x00\x00\x00\x09pHYs\x00\x00\x0e\xc3\x00\x00\x0e\xc3\
\x01\xc7o\xa8d\x00\x00\x00\x19tEXtSof\
tware\x00www.inksca\
pe.org\x9b\xee<\x1a\x00\x00 \x00ID\
ATx\x9c\xed\xddy\xd4ney\xdf\xf1\xef\xc5 \
\x22\x82\x03\x8eh\x00GPb\x9cPq&@\x8c\xb0\
\xb2\x88\x1a\x11]R=j\xaaM\xa1\xc6`\x1c\x1bc\
\xd4\x86\x8a\xa9\xb3q\xb56i\x1d\xab\x11\x0b\x06\x83V\
\x8b\x08\x8aV\x03J\x9dgy9\x1a\x08.S\x19T\
&\xe1\xea\x1f\xfb}\xe1\x00g\x9f\xf3\x0e{\xdf\xf7\xde\
\xcf\xfd\xfd\xac\xe5\x1f.<\xf7}=/\xc7\xf7\xf7{\
\xf6\x08\x92$-\x80\xcc\xbckf\xbe\x223\xcf\xc8\xcc\
\x8b\xb3syf~%3\xdf\x9c\x99\x0f\xad=\xa3$\
I\x1aHf\xee\x96\x99\xff)3\xaf\xca\xed\xfbDf\
\xde\xab\xf6\xcc\x92$i\x032\xf3\xee\xcb\xdf\xf0\xd7\xe2\
\xe7\x99yX\xed\xd9%I\xd2:d\xe6\xde\x99\xf9\xc3\
5\x86\xff\x8a\xab3\xf3I\xb5?\x83$IZ\x83\x0d\
\x86\xbf%@\x92\xa4\xb9\x19(\xfc-\x01\x92$\xcd\xc5\
\xc0\xe1o\x09\x90$i\xeaF\x0a\x7fK\x80$IS\
5r\xf8[\x02$I\x9a\x9aB\xe1o\x09\x90$i\
*\x0a\x87\xbf%@\x92\xa4\xda*\x85\xbf%@\x92\xa4\
Z*\x87\xbf%@\x92\xa4\xd2&\x12\xfe+,\x01\x92\
$\x8d-\xa7\x15\xfe+\x16\xb2\x04D\xed\x01$I\x82\
.\xfc\x81\xcf\x00\xf7\xac=\xcbV\x5c\x03<-\x22>\
Z{\x90\xa1X\x00$I\xd5M<\xfcW,T\x09\
\xb0\x00H\x92\xaa\xca\xcc}\x803\x81}\xebN\xb2*\
W\x03GE\xc4\xa9\xb5\x07\xd9\xa8\x1dj\x0f Ij\
\xd7\xf27\xff3\x98G\xf8\x03\xdc\x02\xf8\xc8\x22\x5c\x13\
\xe0\x11\x00IR\x1539\xec\xdfg\xf6\xa7\x03,\x00\
\x92\xa4\xe2f\x1e\xfe+f]\x02,\x00\x92\xa4\xa2\x16\
$\xfcW\xcc\xb6\x04X\x00$I\xc5,X\xf8\xaf\x98\
e\x09\xb0\x00H\x92\x8aX\xd0\xf0_1\xbb\x12\xe0]\
\x00\x92\xa4\xd1-\xdf\xeaw\x16\xe5\xc2\xffj\xe0\xdf\x02\
K\x85\xf6\xdb\x19\xf8\xbb\xcc<\xb2\xd0~\x92$M[\
\x96\x7f\xbc\xefU+\xb7\xe9U\xd8{!\x1f\x1b,I\
\xd2\x9aT\x08\xe0\xeb\xc3\xbf\xe2\x0c\x96\x00IR\xbb*\
\x04\xef\xcd\xc2\xbf\xe2,\x96\x00IR{*\x04no\
\xf8W\x9c\xc9\x12 IjG\x85\xa0\xddn\xf8W\x9c\
\xcd\x12 IZ|\x15\x02v\xd5\xe1_qFK\x80\
$iqU\x08\xd65\x87\x7f\xc5Y-\x01\x92\xa4\xc5\
S!P\xd7\x1d\xfe\x15g\xb6\x04H\x92\x16G\x85 \
\xddp\xf8W\x9c\xdd\x12 I\x9a\xbf\x0a\x01:X\xf8\
W\xfc\x0c\x96\x00I\xd2|U\x08\xce\xc1\xc3\xbf\xe2g\
\xb1\x04H\x92\xe6\xa7B`\x8e\x16\xfe\x15?\x93%@\
\x924\x1f\x15\x82r\xf4\xf0\xaf\xf8\xd9,\x01\x92\xa4\xe9\
\xcb\xcc}2\xf3\xfc\x82\x01yU\x16~\xc3^\xa5\xcf\
\xf8\xc4\x92\x9fQ\x92\xa4U\xab\x14\x8cU^\xaf[\xe1\
\xb3^\x9a\x99\xf7(\xf9\x19\xa3\xe4f*#3\xf7\x05\
6\x01\x87\x01\xfb\x03{\xd6\x9cG\x92\xd6\xe1j\xe0\xa8\
\x888\xb5\xd6\x00\x99\xb9\x0fp&\xb0o\xa1-\xffW\
D\x1c^h/\x0b\xc0\x22\xc9\xcc\xdb\x01\xaf\x07\x9e\x07\
\xecXy\x1cIZ\xaf\xea\xe1\xbf\xa2B\x09xxD\
\x9cSb\xa3\x1dJl\xa2\xf1e\xe6\xfe\xc09\xc0\xf3\
1\xfc%\xcd\xd7d\xc2\x1f \x22.\x00\x0e\x06\x96\x0a\
m\xf9\xccB\xfbX\x00\x16Af\xee\x0d|\x1a\xb8W\
\xedY$i\x03&\x15\xfe+\x0a\x97\x80\xc7\x16\xd8\x03\
\xb0\x00\xcc^f\xee\x00\xbc\x1f\xd8\xab\xf6,\x92\xb4\x01\
\x93\x0c\xff\x15\x05K@\xb1/r\x16\x80\xf9;\x9a\x82\
\x8dQ\x92F0\xe9\xf0_\xb1\x5c\x02\xde0\xf26\xb7\
\x1ay\xfd\xebY\x00\xe6\xefE\xb5\x07\x90\xa4\x0d\x98E\
\xf8\x03,\xdf\x92\xf8\x96\x91\xb7\xb9d\xe4\xf5\xafg\x01\
\x98\xb1\xcc\xbc;\xf0\xf0\xdasH\xd2:\xcd-\xfcO\
\x02n1\xf2V\xdf\x18y\xfd\xebY\x00\xe6\xed\xc0\xda\
\x03H\xd2:\x19\xfe[\xf7\xa9\x02{\x00\x16\x80\xb9\xbb\
k\xed\x01$i\x1d\x0c\xff\xad\xbb\x0ax_\x81}\x00\
\x0b\xc0\xdc\xedZ{\x00IZ#\xc3\xbf\xdf;\x22\xe2\
\x9f\x0a\xede\x01\x90$\x15c\xf8\xf7\xfb\x06\xf0\xaaB\
{\x01\x16\x00IR\x19\x86\x7f\xbf%\xe0\x88\x88\xb8\xa2\
\xd0~\x80\x05@\x924\xbe\xab\x81\xa3g\x12\xfeG\x00\
\x1f\xa6\x5c\xf8o\x06\x0e\x89\x88\x1f\x17\xda\xefz\x16\x00\
I\xd2\x98V\xc2\xff\xa3\xb5\x07\xd9\x9e\xe5\xf0?\x19\xd8\
\xa5\xd0\x96\x9b\x81\x83#\xe2\xfcB\xfb\xdd\x88\x05@\x92\
4\x96\x95\xc3\xfes\x08\xff#\x81S(\x17\xfeK\xc0\
\xe3j\x85?X\x00$I\xe3\xf0\x9c\x7f\xbf%\xbao\
\xfe\x17\x14\xdao\xab,\x00\x92\xa4\xa1\x19\xfe\xfd\x96\x98\
@\xf8\x83\x05@\x924,\xc3\xbf\xdf\x12\x13\x09\x7f\xb0\
\x00H\x92\x86c\xf8\xf7[bB\xe1\x0f\xb0S\xed\x01\
4)o\x8a\x88\x17\xd7\x1eB\xd2\xc6e\xe6\xde\xc0g\
\x80{\x16\xda\xd2[\xfd\xfa\xad\xdc\xea7\x99\xf0\x07\x8f\
\x00H\xd2\xc2\xc9\xcc}\x80\xb3(\x1b\xfe^\xed\xbfu\
KT\xbe\xda\xbf\x8f\x05@\x92\x16\xc8r\xf8\x9f\x09\xec\
[hK\x0f\xfb\xf7[bb\x87\xfd\xb7d\x01\x90\xa4\
\x05a\xf8\xf73\xfco\xce\x02 I\x0b\xc0\xf0\xefg\
\xf8o\x9d\x05@\x92f\xce\xf0\xefg\xf8\xf7\xb3\x00H\
\xd2\x8c-_\xed\x7f\x06e\xc3\xdf\xab\xfd\xb7n\x92W\
\xfb\xf7\xb1\x00H\xd2Ly\xb5\x7f?\xaf\xf6\xdf>\x0b\
\x80$\xcd\x90\x87\xfd\xfby\xd8\x7fu,\x00\x9243\
\x86\x7f?\xc3\x7f\xf5,\x00\x924#\x9e\xf3\xef\xe79\
\xff\xb5\xb1\x00H\xd2Lx\xce\xbf\x9f\xe7\xfc\xd7\xce\x02\
 I3\xe07\xff~~\xf3_\x1f\x0b\x80$M\x9c\
\xdf\xfc\xfb\xf9\xcd\x7f\xfd,\x00\x924a~\xf3\xefW\
\xe1\x9b?\xc0\xc9s\xff\xe6\xbf\xc2\x02 I\x13U\xf1\
\x95\xbes\xf8\xe6\x7f\x04p2\xe5\xbe\xf9/\x1c\x0b\x80\
$M\x90\xe1\xdf\xcf\xf0\x1f\x86\x05@\x92&\xc6\xf0\xef\
g\xf8\x0f\xc7\x02 I\x13b\xf8\xf73\xfc\x87e\x01\
\x90\xa4\x890\xfc\xfb\x19\xfe\xc3\xb3\x00H\xd2\x04\x18\xfe\
\xfd\x0c\xffqX\x00$\xa92\xc3\xbf\x9f\xe1?\x1e\x0b\
\x80$Ud\xf8\xf73\xfc\xc7e\x01\x90\xa4J\x0c\xff\
~\x86\xff\xf8,\x00\x92T\x81\xe1\xdf\xcf\xf0/\xc3\x02\
 I\x85\x19\xfe\xfd\x0c\xffr,\x00\x92T\x90\xe1\xdf\
\xcf\xf0/\xcb\x02 I\x85\x18\xfe\xfd\x0c\xff\xf2,\x00\
\x92T\x80\xe1\xdf\xcf\xf0\xaf\xc3\x02 I#3\xfc\xfb\
\x19\xfe\xf5\xecT{\x00iEf\xee\x0a<\x1a\xd8\x1f\
\xd8\xad\xf28\x1a\xdf\x95\xc0\xf7\x81\xb3#\xe2\xb2\xda\xc3\
\x8c%3\xf7\x01\xce\x04\xf6-\xb4\xe5\xd5\xc0Q\x11q\
j\xa1\xfd\xd6-3\x8f\x04N\x02nQ{\x96\x16Y\
\x00T]f\xde\x0bx%\xf0\x0c`\xd7\xca\xe3\xa8\xbc\
k2\xf3\x14\xe0/#\xe2k\xb5\x87\x19\x92\xe1\xdf\xcf\
\xf0\xaf\xcfS\x00\xaa*3_\x08|\x1dx.\x86\x7f\
\xabv\x06\x9e\x06|93_\x97\x99\x0b\xf1{\xc9\xf0\
\xefg\xf8O\xc3B\xfc\x1fM\xf3\x94\x99o\x04\xde\x8a\
\xc1\xaf\xceN\xc0\x9f\x01\xef\xcf\xcc\x1dk\x0f\xb3\x11\x86\
\x7f?\xc3\x7f:,\x00\xaa\x223\x8f\x05\x8e\xaf=\x87\
&\xe9\x19\xc0\xebj\x0f\xb1^\x86\x7f\xbf\x0a\xe1\xbf\x04\
\xbc\xad\xd0^\xb3c\x01Pq\xcbWD\xffU\xed9\
4i/\xcb\xcc\x87\xd6\x1eb\xad\x0c\xff~\x95\xc2\xff\
`\xe0\x82B\xfb\xcd\x8e\x05@5\xbc\x1c\x0f\xfbk\xdb\
v\x00^]{\x88\xb50\xfc\xfb\xd5\x0a\xff\x880\xfc\
\xb7\xc1\x02\xa0\xa22s\x17\xbaC\xbc\xd2\xf6\x1c\x9e\x99\
w\xae=\xc4j\x18\xfe\xfd\x0c\xff\xe9\xb2\x00\xa8\xb4\x87\
\x00\xb7\xad=\x84fa'\xe0\xb1\xb5\x87\xd8\x9e\xe5S\
ZgP6\xfc\x8f\x9eI\xf8\x1f\x01|\x98r\xe1\xbf\
\x198\xc4\xf0_\x1d\x0b\x80J\xdb\xaf\xf6\x00\x9a\x95\xfd\
k\x0f\xb0-\xcb\xdf\xfc\xcf\xa2\xec\x13\xfe\x8e\x9a\xc9\x13\
\xfe\x8e\x04N\xa1\xdc\x13\xfe\x96\x80\xc7E\xc4\xf9\x85\xf6\
\x9b=\x0b\x80J\xdb\xbd\xf6\x00\x9a\x95\xc9\xfe}\xf1\xb0\
\x7f?\x0f\xfb\xcf\x83\x05@\xa5]^{\x00\xcd\xca$\
\xff\xbe\x18\xfe\xfd\x0c\xff\xf9\xb0\x00\xa8\xb4\xef\xd4\x1e@\
\xb3\xf2\xed\xda\x03\xdc\x94\xe7\xfc\xfby\xce\x7f^,\x00\
*\xed<\xe0\x92\xdaCh\x16~\x0d\x9c]{\x88-\
y\xce\xbf\x9f\xe7\xfc\xe7\xc7\x02\xa0\xa2\x22\xe2*\xe0\x83\
\xb5\xe7\xd0,|\x22\x22.\xae=\xc4\x0a\x0f\xfb\xf7\xf3\
\xb0\xff<Y\x00T\xc3\xeb\x81+j\x0f\xa1I\xbb\x0e\
xM\xed!V\x18\xfe\xfd\x0c\xff\xf9\xb2\x00\xa8\xb8\x88\
\xd8\x0c\xbc\xa4\xf6\x1c\x9a\xb4\x13#\xe2\xcb\xb5\x87\x00\xc3\
\x7f[\x0c\xffy\xb3\x00\xa8\x8a\x88\xf8k\xe0M\xb5\xe7\
\xd0$}\x10xU\xed!\xc0\xf0\xdf\x16\xc3\x7f\xfe,\
\x00\xaa&\x22^\x0c\xfc1\x9e\x0eP\xe7\xd7\xc0\x7f\x00\
\x8e\x89\x88kk\x0fc\xf8\xf73\xfc\x17\x83\x05@U\
E\xc4\xdb\x80\x07\x00\xff\x0d\x8b@\xab\xae\xa1\xbbu\xec\
\xa1\x11\xf1\xaa\x88\xb8\xae\xf6@\x86\x7f?\xc3\x7fq\xec\
T{\x00)\x22~\x08</3\x8f\x03\x1eM\xf7\xf8\
\xd7=\xf1\x8d\x81\x8b\xecJ\xe0\xe7\xc0\xf7\x81\xb3#\xe2\
\xb2\xca\xf3\x5c\xcf\xf0\xefg\xf8/\x16\x0b\x80&#\x22\
\xae\x00N_\xfe\x8fT\x9c\x0f\xf9\xe9\xe7C~\x16\x8f\
\xa7\x00$\x89\xeb\xc3\xff3\x94}\xc8\xcf\xd13y\xc8\
\xcf\x11\xc0\xc9\x94{\xc8\xcff\xbao\xfe>\xe4gD\
\x16\x00I\xcd3\xfc\xfb\x19\xfe\x8b\xcb\x02 \xa9i\x86\
\x7f?\xc3\x7f\xb1Y\x00$5\xcb\xf0\xefg\xf8/>\
\x0b\x80\xa4&\x19\xfe\xfd\x0c\xff6X\x00$5\xc7\xf0\
\xefg\xf8\xb7\xc3\x02 \xa9)\x86\x7f?\xc3\xbf-\x16\
\x00I\xcd0\xfc\xfb\x19\xfe\xed\xb1\x00Hj\x82\xe1\xdf\
\xcf\xf0o\x93\x05@\xd2\xc23\xfc\xfb\x19\xfe\xed\xb2\x00\
HZh\x86\x7f?\xc3\xbfm\x16\x00I\x0b\xcb\xf0\xef\
g\xf8\xcb\x02 i!\x19\xfe\xfd\x0c\x7f\x81\x05@\xd2\
\x022\xfc\xfb\x19\xfeZa\x01\x90\xb4P\x0c\xff~\x86\
\xbf\xb6d\x01\x90\xb40\x0c\xff~\x86\xbfn\xca\x02 \
i!\x18\xfe\xfd\x0c\x7fm\x8d\x05@\xd2\xec\x19\xfe\xfd\
\x0c\x7f\xf5\xb1\x00H\x9a5\xc3\xbf\x9f\xe1\xafm\xb1\x00\
H\x9a-\xc3\xbf\x9f\xe1\xaf\xed\xd9\xa9\xf6\x00C\xcb\xcc\
\xdd\x81\xc7\x00\xf7\x07\xf6\x03\xee\x0b\xdc\x0d\xd8\x0d\xb85\
\xb0{\xbd\xe9$\x0d%3\xf7\x01\xce\x04\xf6-\xb4\xe5\
\xd5\xc0Q\x11qj\xa1\xfd\xd6-3\x8f\x04N\x02n\
Qh\xcb%\xba\xf0\xbf\xa0\xd0~\x1a\xc0B\x14\x80\xcc\
| \xf04\xe0\x10\xe0@\x16\xe4sI\xda:\xc3\xbf\
\x9f\xe1\xaf\xd5\x9amPf\xe6\xed\x81M\xc0\xb3\x81\xdf\
\xaa;\x8d\xa4R\x0c\xff~\x86\xbf\xd6bv\x05 3\
\xef\x0c\xbc\x18\xf87x8_j\x8a\xe1\xdf\xcf\xf0\xd7\
Z\xcd\xa6\x00d\xe6-\x81W\x00/\x01v\xad<\x8e\
\xa4\xc2\x0c\xff~\x86\xbf\xd6c\x16\x05 3\x0f\x07\xde\
\x0e\xdc\xab\xf6,\x92\xca3\xfc\xfb\x19\xfeZ\xafI\xdf\
\x06\x98\x99\xbbd\xe6[\x81\x8fc\xf8KM2\xfc\xfb\
\x19\xfe\xda\x88\xc9\x1e\x01\xc8\xcc{\x01\x1f\x06\x1eR{\
\x16Iu,\xdf\xe7\x7f\x06e\xc3\xff\xe8\x99\x84\xff\x11\
t\xbf#K\x85\xfff\xe0\x10\xc3\x7fqL\xb2\x00d\
\xe6\xc3\x81\xd3\x80;\xd4\x9eER\x1d\x15\xbe\xf9\x03\x9c\
\x05\xcc!\xfc\xfd\xe6\xaf\x0d\x9b\x5c\x01\xc8\xccC\x80S\
\x80=j\xcf\xa2r2s_\xba\xdb:\x0f\x03\xf6\x07\
\xf6\xac9\xcf\x02\xb9\x16\xf81\xf0\x15\xe0c\xc0\x87\x22\
\xe2\xca\xba#m_\xa5\xf0\x07\xf8\x1d\xe0o2\xf3\x0f\
#\xe2\xba\xc2{\xaf\x8a\xe1\xaf\xa1L\xea\x1a\x80\xcc|\
\x02\xf0\x09\x0c\xfffd\xe6\xed2\xf3\xbf\x00?\x00^\
\x0d<\x1a\xc3\x7fH;\xd2\x85\xe8S\x80\xff\x0e\x5c\x90\
\x99\xcf\xae:\xd1vT\x0c\xff\x15\xcf\xa1+\x01\x93\xfa\
\xfd\x08\x86\xbf\x865\x99\xbf\xe0\xcb\x87\xfd\xff'\xe5\xfe\
b\xab\xb2\xcc\xdc\x1f8\x07x>]Pi|w\x02\
\xde\x9d\x99\xef\xc9\xcc\x9dk\x0fsS\x13\x08\xff\x15\x93\
+\x01\x86\xbf\x866\x89S\x00\xcb\x17\xfc\x9dF\xf7\xac\
~5`\xf9\xe2\xaeO\x03{\xd5\x9e\xa5Q\xcf\xa2+\
]\xc7\xd4\x1ed\xc5\x84\xc2\x7f\xc5s\x00\xa6p:\xc0\
\xf0\xd7\x18\xaa\xb7\xdb\xcc\xdc\x85\xeeJV/\xf8k\xc4\
\xf2\xb7\xaa\xf7c\xf8\xd7\xf6\xcc\xcc|~\xed!\x002\
\xf3\xae\x94\xbd\xda\x7f\xb5\x9e\x03\xfcm\xcd#\x01\x86\xbf\
\xc6R\xbd\x00\x00o\xc4[\xfdZs4\xf0\xd8\xdaC\
\x08\x80\x132\xb3\xea57\xcb\xe1\xfaA\xca\xbd\xd2w\
\xad6Q\xa9\x04\x18\xfe\x1aS\xd5\x02\xb0\xfc\x84\xbfc\
k\xce\xa0*^T{\x00]oO\xe0_U\x9ea\
\x13\xf0\xf8\xca3l\xcf&\x0a\x97\x00\xc3_c\xaby\
XkW\xba\xc7\xfb\xaa!\x99yw\xe0\xe1\xb5\xe7\xd0\
\x8d<\xb9\xd6\xc6\x99\x19\xc0\xcbk\xed\xbfF\x9b(T\
\x02\x0c\x7f\x95P\xf3\x08\xc0+\xf0\xf1\xbe-:\xb0\xf6\
\x00\xba\x99\x9a\xffN\x1e\x06\xdc\xa7\xe2\xfek\xb5\x89\x91\
K\x80\xe1\xafR\xaa\x14\x80\xe5W\xfa\xfei\x8d\xbdU\
\xdd]k\x0f\xa0\x9b\xb9Mf\xde\xaa\xd2\xde\x87W\xda\
w#61R\x090\xfcUR\xad#\x00\xc7\xe3+\
}\xa5)\xc9J\xfb\x1eVi\xdf\x8d\xda\xc4\xc0%\xc0\
g\xfb\xab\xb4\xe2\xcf\x01\xc8\xcc\xdb\x01\x7fTh\xbb\xcd\
\xc0\xc9t\xf7\x16\x7f\x13\xb88\x22./\xb4\xf7\xe82\
\xf3x\xba\xbb(\xe6\xe4\xa2\xda\x03\xe8f.\x8d\x88+\
Jo\x9a\x99\xbb\x03\x8f(\xbd\xef\x806\x01d\xe6\xf3\
6\xfa\x9c\x00\xbf\xf9\xab\x86\x1a\x0f\x02z\x0e\xb0\xfb\xc8\
{\x9c\x0b\xbc\x0e\xf8\x87\xda\x0f\xf0\xd0\xcd\x9c[{\x00\
\xddL\xad\x7f'\x8f\x07&\xf74\xc25\xda\x04\x1b+\
\x01\x86\xbfj\xa9q\x0a\xe0Y#\xae}\x05\xddm\x85\
\x8f\x88\x88S\x0d\xff\xe9\x89\x88\x9f\x00\xffX{\x0e\xdd\
\xc8)\x95\xf6\x1d\xeb\xf0\xff\xd5t\x0f\x15*e\x13\xeb\
<\x1d`\xf8\xab\xa6\xa2\x05 3\x1f\x08<p\xa4\xe5\
\xff\x098(\x22\xdei\xf0O\xde[j\x0f\xa0\xeb\xfd\
\x0b\xf0\xbeJ{\x8fQ\x00\xae\xa6{\xd0\xd4\x13\x80\xf7\
\x8e\xb0~\x9fM\xc0\x072s\xd5\xef\xb4\xf0\x9c\xbfj\
+}\x04\xe0\xa8\x91\xd6\xbd\x10x\x5cD|m\xa4\xf5\
5\xac\xbf\x03>W{\x08\x01\xf0\xca\x88\xb8\xac\xf4\xa6\
\xcb\x8f\xfe\xbd\xff\xc0\xcb^\x0d\x1c\x15\x11\x1f\x8d\x88k\
\x81\xe7\xd2=r\xba\x94\xa7\xb3\xca\x17\x08-\x7f\xf3?\
\x05\xd8e\xf4\xa9:Kt\xbf#\xcf/\xb4\x9ff\xa0\
t\x018t\x845\xaf\x00\x0e\x8f\x88\x1f\x8d\xb0\xb6F\
\xb0|\x84\xe6\x18\xba\xe2\xa6z>\x10\x11\xef\xaa\xb4\xf7\
a@\x0c\xbc\xe6\x0b#\xe2\xd4\x95\xff\xb2\x5c\x026Q\
\xb6\x04lb;\xa7\x03<\xec\xaf\xa9(\xf9X\xcb=\
\x18\xe7\x81#\x7f\xea7\xff\xf9\x89\x88\xcdt\x85\xf0\x87\
\xb5gi\xd4{Y~\xdb]%C\x1f\xfe\xbf\x8e\xee\
u\xe272\xb5\x12`\xf8kJJ\x1e\x01x\x14\xc3\
\xdfup.\xf0\x9f\x07^S\x85D\xc4w\xe8\x9e\x04\
\xf7.\xe0\xda\xca\xe3\xb4\xe2\xa7\xc0\xa6\x88xvD\x5c\
Sq\x8e\xa1\x8f\x06~5\x22~\xb6\xb5\x7f0\x95\x12\
`\xf8kjJ\x16\x80\x03FX\xf3\xb5^\xf07o\
\x11\xf1\xf3\x88x\x01po\xe05\xc0\xe7\xe9.L\xd3\
0\xae\xa5\x0b\x82\x93\xe9\xbe\xf1\xef\x13\x11\xef\xa99P\
f\xde\x1f\xb8\xdb\xc0\xcb\x9e\xbe\xad\x7fX\xbb\x04\x18\xfe\
\x9a\xa2\x92\xcf\x01\xd8o\xe0\xf5~\x02||\xe05U\
ID,\x01\x7f\xb1\xfc\x1f-\xb61\xae\xfe\xdff\x01\
\x80\xae\x04d\xe6\xa6\xe5\xffz\xcc\x083l\xcd&\xba\
\xb2\xf3x\x0c\x7fML\xc9\x02p\xdf\x81\xd7\xfb\xc8r\
\xab\x974/C\x17\x80+Y\xe5]%[\x94\x80\xeb\
\x18\xf7\x99$[\xfa\x9dB\xfb\x80\xb7\xfai\x0dJ\x9e\
\x02\x18\xfa%0g\x0d\xbc\x9e\xa4\x91e\xe6Nt\xdf\
\x86\x87\xf4\xf9\xb5<\xcax\x8b[\x04K>'\xa0\x84\
\xcdt\xdf\xfc\xbd\xd5O\xabR\xb2\x00\x0c\xfd\xf8\xdfo\
\x0e\xbc\x9e\xa4\xf1=\x02\xd8c\xe05?\xbd\xd6?\xb0\
\x80%\xc0\xf0\xd7\x9a\x95,\x00C\xff\x9f\xde{\xc8\xa5\
\xf9\xa9r\xfe\x7fk*=,h\x0cK\xf8\x90\x1f\xad\
C\xc9\x020\xf4\xfb\xc6\x7f5\xf0z\x92\xc67t\x01\
\xf8\x7f\xc0W\xd6\xfb\x87+\xdd\x1d0\xa4%\xbc\xe0O\
\xebT\xb2\x00\x0c\xfa\xd4\xaf\x88\xa8\xf5\xferI\xeb0\
\xd2\xeb\x7f?\xb3\xd1\x8b\x81g\x5c\x02\x960\xfc\xb5\x01\
5\xde\x06(\xa9Mc\xbc\xfe\xf7\x7f\x0f\xb1\xc8\x16%\
`.\xd7\x04x\xb5\xbf6\xcc\x02 \xa9\x941\xce\xff\
\xaf\xf9\x02\xc0>3\xba&`\x09\xcf\xf9k\x00\x16\x00\
I\xa5\x0c]\x00\x96\x22\xe2\x07C.8\x83\xd3\x01K\
x\xd8_\x03\xb1\x00H\x1a\xddH\xaf\xff]\xd7\xd5\xff\
\xdb3\xe1\x12\xb0\x84\xe1\xaf\x01Y\x00$\x950\xc6\xeb\
\x7f\x079\xff\xbf5\x13\xbc&\xc0s\xfe\x1a\x9c\x05@\
R\x09c\xbc\xfe\xf7\x8c\x81\xd7\xbc\x91\x09]\x13\xb0\x84\
\xe7\xfc5\x02\x0b\x80\xa4\x12\x8a\xbd\xfewH\x138\x1d\
\xb0\x84\x87\xfd5\x12\x0b\x80\xa4Q\xd5x\xfd\xef\x90\xb6\
(\x01\x83\xddq\xb0JK\x18\xfe\x1a\x91\x05@\xd2\xd8\
\xc6x\x1b\xdeh\xe7\xff{\xfc.\xf0\x98\x82\xfby\xce\
_\xa3\xb3\x00H\x1a\xdb\xd0\x87\xff\xaf\x04\xce\x1ex\xcd\
^\x99y$p\x0a\xb0K\xa1-\x97\xf0\x9c\xbf\x0a\xb0\
\x00H\x1aMf\xee\xcc\xf0\xaf\xff\xfd\xc2Z^\xff\xbb\
^\x99y\xc7\xcc|\x01p\x12p\x8b\xb1\xf7[\xb6\x84\
\x87\xfdU\xc8N\xb5\x07\x90\xb4\xd0\x1e\xce\xf0o\x02\x1d\
\xe5\xfc\x7ff\xee\x0a<\x96\xee\x8e\x85\xc3\x80\x07R\xf6\
K\xd2\x12\x86\xbf\x0a\xb2\x00H\x1a\xd3d^\xff{S\
\x99\xb9#\xf0\x10n\x08\xfcG\x01\xb7\x1cb\xeduX\
\xc2\xf0Wa\x16\x00Ic\x9a\xd4\xeb\x7f3\xf3\xde\xdc\
\x10\xf8\xbf\x0d\xdc~\xa0\xb96b\x09\xc3_\x15X\x00\
$\x8db\xa4\xd7\xff\x9e\xb1\x96\xd7\xfff\xe6\x1d\xe8.\
B\x5c\x09\xfd}\x07\x9eg\xa3\x960\xfcU\x89\x05@\
\xd2X\xc6x\xfd\xef6\xef\xc5\x9f\xc0y\xfc\xb5X\xc2\
\xf0WE\x16\x00Ic\x19\xe3\xfc\xff\x8d\xee\xff\xcf\xcc\
\x1d\x80\x07sC\xe0?\x86z\xe7\xf1\xd7\xc2\xfb\xfcU\
\x9d\x05@\xd2X\x86.\x00\x17D\xc4\x0f3\xf3\x9e\xdc\
\x10\xf8\x872\x8d\xf3\xf8k\xb1\x99\xee\x9b\xbf\xf7\xf9\xab\
*\x0b\x80\xa4\xc1e\xe6^\x0c\xff\xfa\xdf]2\xf3G\
\xc0=\x06^\xb7\xa4%<\xec\xaf\x89\xb0\x00H\x1a\xc3\
\xa1\x0c\xff\xfa\xdf\xbb\x0c\xbc^iK\x18\xfe\x9a\x90\xa9\
^\x1c#i\xde\xc68\xff?g\x9e\xf3\xd7\xe4X\x00\
$\x8d\xe1\x90\xda\x03L\x88\xe7\xfc5I\x16\x00I\x83\
Z~\xfd\xef\xddk\xcf1\x11K\xf8b\x1fM\x94\xd7\
\x00h2\x96\xef\xe1~4\xb0?\xb0[\xe5q\xa6\xe6\
*\xe0\xfb\xc0\xd9\x11qi\xeda\xb6\xc3\xc3\xff\x9d%\
<\xe7\xaf\x09\xb3\x00\xa8\xba\xcc\xbc\x17\xf0J\xe0\x19\xc0\
\xae\x95\xc7\x99\xbak2\xf3\xef\x81\x13\x22\xe2\xbc\xda\xc3\
\xf4\xb0\x00\x18\xfe\x9a\x01O\x01\xa8\xaa\xcc|!\xf0u\
\xe0\xb9\x18\xfe\xab\xb13\xf0T\xe0\x9c\xcc<a\xf9\x85\
6\x931\xd2\xeb\x7f\xe7f\x09\xc3_3`\x01P5\
\x99\xf9F\xe0\xad\x18\xfc\xeb\xb1#\xf0\x0a\xe0C\x13+\
\x01c\xbc\xfewN~\x88\xe1\xaf\x99\xb0\x00\xa8\x8a\xcc\
<\x168\xbe\xf6\x1c\x0b\xe0\xa9\xc0\xebk\x0f\xb1\x85\x96\
\x0f\xff\x9f\x05\x1cd\xf8k.,\x00*.3\xf7\x06\
\xfe\xaa\xf6\x1c\x0b\xe4\xf8\xcc\x1c\xfa\xad{\xeb\xd5b\x01\
\xf8\x1e\xf0\x87t\xf7\xf9\xff\xac\xf60\xd2jy\x11\xa0\
jx9\x1e\xf6\x1f\xd2\x0e\xc0_\x00\x87\xd7\x1cb\xa4\
\xd7\xffN\xd15\xc0\x17\x81\xd3\x81O\x02\xe7D\xc4u\
uG\x92\xd6\xce\x02\xa0\xa22s\x17\xba\xab\xfd5\xac\
'd\xe6^\x11qa\xc5\x19\x1e\xc6\xf0\xaf\xff\x9d\x8a\
o\xd2\xbd\x89\xf0t\xe0\xac\x88\xf8E\xe5y\xa4\x0d\xb3\
\x00\xa8\xb4\x07\x03\xb7\xad=\xc4\x02\xda\x81\xee\xea\xfb\x0f\
V\x9c\xe1>\x15\xf7\x1e\xda\x85ta\x7f:pzD\
\x5cTy\x1eip\x16\x00\x95\xb6\x7f\xed\x01\x16X\xed\
\x9f\xed\xee\x95\xf7\xdf\x88\xcb\x813\xb9!\xf0\xbfUw\
\x1ci|\x16\x00\x956\xe7\x90\x98\xba\xda?\xdb\xcb*\
\xef\xbf\x16\xd7\x00_\xe2\x86o\xf9_\x8a\x88_\xd7\x1d\
I*\xcb\x02\xa0\xd2.\xaf=\xc0\x02\xab\xfd\xb3\xfdv\
\xe5\xfd\xb7\xe7\x9b\xdc\x10\xf8gz\x1e_\xad\xb3\x00\xa8\
\xb4\xef\xd4\x1e`\x81\xd5\xfe\xd9\x9eKWBj\x1f\x89\
X\xe1y|i\x1b,\x00*\xed<\xe0\x12\xbc\x10p\
h\xd7\xd1=\x88\xa6\x9a\x88\xb8\x223?\x04\xfc\xebJ\
#x\x1e_Z\x03\x0b\x80\x8a\x8a\x88\xab2\xf3\x83\xc0\
\x1f\xd5\x9ee\xc1|\xaa\xf2-\x80+N\x00\x8e\xa1\xcc\
s\x1e<\x8f/m\x80\x05@5\xbc\x1e\xd8\x84\x0f\x03\
\x1a\xcaut\x0f\x02\xaa.\x22\x962\xf3\xa5\xc0\xdbG\
\xda\xc2\xf3\xf8\xd2@,\x00*.\x226g\xe6K\x80\
w\xd4\x9eeA\xbc)\x22\xbeT{\x88\x15\x11\xf1\x8e\
\xcc\xbc\x07\xc3\xbc\xeb\xc1\xf3\xf8\xd2H,\x00\xaa\x22\x22\
\xfe:3\xef\x89/\x04\xda\xa8\x8f\xd0=ZyR\x22\
\xe2\xc5\x99y>p\x22p\xab5\xfcQ\xcf\xe3K\x85\
X\x00T\xcdrH\x5c@wJ\xc0\xd3\x01ks-\
\xf0\x06\xe0U\x11qm\xeda\xb6f\xf9H\xc0it\
\x05\xe5\x99\xc0n[\xf9\x9fy\x1e_\xaa\xc4\x02\xa0\xaa\
\x22\xe2m\xcb!\xf1J\xbaw\x04X\x04\xb6\xed\x1a\xe0\
\xef\x81\x13\x22\xe2\xbc\xda\xc3lOD\x9c\x0f\xbc 3\
_\x08\x1c\x04\xec\x07\xdc\x0e\xf89\xdds\x03\xce\xf3<\
\xbeT\x87\x05@\xd5E\xc4\x0f\x81\xe7e\xe6q\xc0\xa3\
\xe9\x1ei\xbb'\x96\x81\x15W\xd1\x05\xe6\xf7\x81\xb3#\
\xe2\xd2\xca\xf3\xacYD\x5cEw\x9bb\xd5[\x15%\
\xdd\xc0\x02\xa0\xc9\x88\x88+\xb8\xe1P\xb0$iD;\
\xd4\x1e@\x92$\x95g\x01\x90$\xa9A\x16\x00I\x92\
\x1ad\x01\x90$\xa9A\x16\x00I\x92\x1ad\x01\x90$\
\xa9A\x16\x00I\x92\x1ad\x01\x90$\xa9A\x16\x00I\
\x92\x1ad\x01\x90$\xa9A\x16\x00I\x92\x1ad\x01\x90\
$\xa9A\x16\x00I\x92\x1ad\x01\x90$\xa9A\x16\x00\
I\x92\x1ad\x01\x90$\xa9A\x16\x00I\x92\x1ad\x01\
\x90$\xa9A\x16\x00I\x92\x1ad\x01\x90$\xa9A\x16\
\x00I\x92\x1ad\x01\x90$\xa9A\x16\x00I\x92\x1ad\
\x01\x90$\xa9A\x16\x00I\x92\x1ad\x01\x90$\xa9A\
\x16\x00I\x92\x1ad\x01\x90$\xa9A\x16\x00I\x92\x1a\
\xb4S\xed\x014)\xc7g\xe6\xf1\xb5\x87\xd0\xba\x5c\x0a\
|\x17\xf8\x0c\xf0\xde\x88\xf8V\xe5yn$3\xef\x01\
<\x1b8\x0c\xd8\x1f\xd8\x93y\xce,-\x8c(\xb5Q\
f\xe6\x90\xebED\xb1\xd9\xa7(3\xef\x03\xbc\x0dx\
b\xedY49\x09|\x04xQD\x5cXu\x90\xcc\
\xdb\x01o\x00\x9e\x03\xec\xb8\xad\xff)\xd3\x9a\xf9D\xe0\
\xb9l{f\xb5\xe9K\xc0\xf3#\xe2k\xb5\x07\xd9(\
\x0b\xc0\x8cd\xe6n\xc01\xc0\xb3\x80GU\x1eG\xd3\
w1\xf0\xa4\x88\xf8b\x8d\xcd3\xf3~\xc0?\x00\xf7\
\x5c\xc3\x1f\x9b\xe3\xccj\xd3W\x81\xf7\x00\xef\x8e\x88\x9f\
\xd7\x1ef=,\x003\x90\x99\xb7\x05\x8e\x03\xfe\x18\xb8\
C\xe5q4/\x97\x02\x8f\x8f\x88\xaf\x96\xdc43\xf7\
\x05>\x0f\xec\xb5\x8e?^k\xe6}\x80/\xb0\xbe\x99\
\xd5\xae\xcb\x80w\x02o\x8e\x88\x9f\xd6\x1ef-,\x00\
\x13\x96\x99;\x01\xc7\x02\xaf\x01nSy\x1c\xcd\xd7w\
\x80\x87D\xc4\x15%6\xcb\xcc\x1d\x80\xcf\x02\x8f\xde\xc0\
25f>\x0bxL\x89\xfd\xb4\x90~Ew\xba\xeb\
\xc4\x88\xb8\xb2\xf60\xab\xe1]\x00\x13\x95\x99\x07\x01\xe7\
\x00o\xc1\xf0\xd7\xc6\xecOw\x04\xa9\x94g\xb0\xb1\xf0\
\x87n\xe6c\x07\x98e\xb5\x9e\x8e\xe1\xaf\x8d\xb9\x15\xf0\
\x17\xc0\xd73\xf3w+\xcf\xb2*\x1e\x01\x98\x98\xcc\x0c\
\xe0\xa5\xc0_\xe2\x05H\x1a\xce\x85\xc0\xde\x11q\xed\xd8\
\x1be\xe6\xb9\xc0C\x07X\xaa\xe4\xcc\xe7\x00\x07\x8e\xbd\
\x8f\x9a\xf2.\xe0\x85\x11qU\xedA\xfaX\x00&$\
3\xef\x0c|\x008\xb4\xf6,ZH\x8f\x1c\xfb\xe2\xba\
\xcc\xdc\x1b\xb8`\xc0%K\xcc\xfc\x1b\xc0\xe61\xf7P\
\xb3\xce\x05\x8e\x8e\x88\x1f\xd5\x1edk<\x050\x11\xcb\
\xb7\xf5\xfd\x1f\x0c\x7f\x8d\xa7\xc47\xdc\xa1\xf7\x98\xe3\xcc\
\xd2\x8a\x03\x81/f\xe6$\xff\x8eY\x00& 3\x1f\
\x0a\x9c\x0d\xdc\xa3\xf6,Zhw)\xb0\xc7\xd0W\xd0\
\xcfqfiKw\x04\xce\xcc\xcc\xc9=\xb3\xc5\x02P\
Yf>\x048\x03\xb8S\xedY\xb4\xf0J\x9c6\x1b\
\xf4T\xdf\x08\xeb\xd5\xdaCm\xdb\x0d\xf8hf\x1eV\
{\x90-Y\x00*\xca\xcc{\x03\x1f\x07\xf6\xa8=\x8b\
\x9ap\xd1\x0c\xf7\xb8x\xe0\xf5\xb6\xa6\xc4\xcfE\xda\x05\
8yJ\xa7\x03,\x00\x95d\xe6\x1d\x80O\x02w\xae\
=\x8b\x9aq\xee\x0c\xf7\x98\xe3\xccR\x9f\xdd\x81\xd3\x96\
\xdf3Q\x9d\x05\xa0\x82\xe5[\xfd\xfe\x16\x1f7\xaar\
.\xa4{\xae\xc4\xa8\x22b3\xf0\xe5\x81\x96+5\xf3\
\x8f\xb1\x04\xa8\x9c;\x01\x1f\xce\xcc]j\x0fb\x01\xa8\
\xe3e\xc0\x91\xb5\x87PS\xde\x5c\xe2~\xfa\x95\xbd\x86\
Zg\x863K\xabq \xdd\x0b\xa7\xaa\xf29\x00\x85\
e\xe6\x83\xe8\xbe\xd5\xf8*f\x95\xe2\xa3\x80\xb7\xc3G\
\x01\xab\x82\x04\x9e\x18\x11\x9f\xaa5\x80G\x00\x0aZ\xfe\
%\xf3N\x0c\x7f\x95s)\xf0\xf4RA\x0a\x10\x11\xd7\
\xd1\xbd\xb5r\xbd\xaf\xf5\x9d\xe3\xcc\xd2Z\x05\xf0\x8e\x9a\
\xa7\x02,\x00e=\x0fxd\xed!\xd4\x8c\x8b\xe9\xbe\
a\x14}\xab\x1e@D,\x01\x87\x01k}\x02Z\xcd\
\x99/`}3K\xebu\x1f\xbaS\xc2UX\x00\x0a\
\xc9\xcc]\x81\xd7\xd6\x9eCMH\xe0$\xbaC\xe8\xa3\
>Fw[\x22\xe2\xdbt\xe7:\xff\x06\xd8\xde\xb9\xfc\
\xa9\xcd\xfc_\xd9\xfe\xcc\xd2\x10^\x96\x99w\xac\xb1\xb1\
\xd7\x00\x14\x92\x99\xc7\x01o\xaf=\x87\x16\xd6\xa5\xc0w\
\x81\xcf\x00\xef\x8d\x88oU\x9e\xe7F\x96o{z6\
\xdd7\xec\xfd\x81=\x99\xe7\xcc\xd2\x18\xfecD\xbc\xb2\
\xf4\xa6\x16\x80\x022sg\xe0\x07\xc0\xde\x05\xb6\xfb)\
p2p&\xf0U\xe0\xa2\x88\xb8\xb4\xc0\xbe\x924k\
\x99\xb9;\xdd\xe3\xa7\x0f\x00\x0e\x06\x9e\x02\xfcF\x81\xad\
/\x03\xf6\x8d\x88\x9f\x17\xd8\xab\xbc\x1cX\xed\xcf\xb3\x16\
\x99y\xd4\xd0\x9f\x7f+\xbe\x9d\x99\xcf\xcc\xaelH\x92\
6(3w\xc8\xcc#3\xf3\xdc\x02\xbf\xc3\xff\xa4\xf6\
\xe7\x1d\xcd\xd0?\xa9\xda\x9fg-2\xf3cC\x7f\xfe\
-\x5c\x93\x99\x7f\x9e\x06\xbf$\x8d\x22\xbb\x22p\x5cf\
^1\xe2\xef\xf2\xf3J\x7f.O\x01\x8c,3\xef\x0c\
\xfc\x84qn\xfd\xbb\x04xrD\x9c9\xc2\xda\x92\xa4\
-d\xf7\x1c\x97\xd3\x18\xef\x0d\x92\x0f\x8c\x88\xaf\x8d\xb4\
\xf6\xcdx\x17\xc0\xf8\x9e\xcc8\xe1\x7f\x19p\x98\xe1/\
IeD\xc4\xff\x05\x1e\xcbx\xcf\x8bx\xeaH\xebn\
\x95\x05`|\x87\x8c\xb0\xe6u\xc0\x1fD\xc4P\xcf\x5c\
\x97$\xadBD\xfc\x08\xf8=\xe0\xca\x11\x96?t\x84\
5{Y\x00F\x94\xddK\x7f\x0e\x1ea\xe97D\xc4\
\xe9#\xac+I\xda\x8e\x888\x0fx\xe9\x08K?,\
\xbb;\x11\x8a\xf0\x1a\x80\x11e\xe6\x01\xc07\x06^\xf6\
\x02\xe0~%\x1f\x93*I\xba\xb1\xcc\xdc\x91\xee\xbd.\
\x0f\x1ex\xe9'F\xc4'\x07^s\xab<\x020\xae\
\x03FX\xf3D\xc3_\x92\xeaZ~S\xe5kFX\
z\x8c\xdc\xd8*\x0b\xc0\xb8\xf6\x1bx\xbd_\x02\xef\x1f\
xMI\xd2\xfa|\x0c\xf8\xf1\xc0k\x0e\x9d\x1b\xbd,\
\x00\xe3\x1a\xfa_\xe4'\x22\xe2\xf2\x81\xd7\x94$\xad\xc3\
\xf2[$O\x19xY\x0b\xc0\x82\xb8\xcb\xc0\xeb}v\
\xe0\xf5$I\x1bs\xe6\xc0\xeb\x0d\x9d\x1b\xbd,\x00\xe3\
\x1a\xfaj\xce\xa1/(\x94$m\xcc7\x07^\xaf\xd8\
]\x00\x16\x80q\xed1\xf0z\x17\x0d\xbc\x9e$ic\
\x86~(\x90\x05`A\xdcj\xe0\xf5~5\xf0z\x92\
\xa4\x8d\xf9\xe5\xc0\xeb\xddz\xe0\xf5zY\x00\xc65\xf4\
\xb3\x0af\xf5\x12$IZt\x111\xf4\xef\xe5b\xcf\
\xb8\xb1\x00H\x92\xd4 \x0b\x80$I\x0d\xb2\x00H\x92\
\xd4 \x0b\x80$I\x0d\xb2\x00H\x92\xd4 \x0b\x80$\
I\x0d\xb2\x00H\x92\xd4 \x0b\x80$I\x0d\xb2\x00H\
\x92\xd4 \x0b\x80$I\x0d\xb2\x00H\x92\xd4 \x0b\x80\
$I\x0d\xb2\x00H\x92\xd4 \x0b\x80$I\x0d\xb2\x00\
H\x92\xd4 \x0b\x80$I\x0d\xb2\x00H\x92\xd4 \x0b\
\x80$I\x0d\xb2\x00H\x92\xd4 \x0b\x80$I\x0d\xb2\
\x00H\x92\xd4 \x0b\x80$I\x0d\xb2\x00H\x92\xd4 \
\x0b\x80$I\x0d\xb2\x00H\x92\xd4 \x0b\x80$I\x0d\
\xb2\x00H\x92\xd4 \x0b\x80$I\x0d\xb2\x00H\x92\xd4\
 \x0b\x80$I\x0d\xb2\x00H\x92\xd4 \x0b\x80$I\
\x0d\xb2\x00H\x92\xd4 \x0b\x80$I\x0d\xb2\x00H\x92\
\xd4 \x0b\x80$I\x0d\xb2\x00H\x92\xd4 \x0b\x80$\
I\x0d\xb2\x00H\x92\xd4 \x0b\x80$I\x0d\xb2\x00H\
\x92\xd4 \x0b\x80$I\x0d\xb2\x00H\x92\xd4 \x0b\x80\
$I\x0d\xb2\x00H\x92\xd4 \x0b\x80$I\x0d\xb2\x00\
H\x92\xd4 \x0b\x80$I\x0d\xb2\x00H\x92\xd4 \x0b\
\x80$I\x0d\xb2\x00H\x92\xd4 \x0b\x80$I\x0d\xb2\
\x00H\x92\xd4 \x0b\x80$I\x0d\xb2\x00H\x92\xd4 \
\x0b\x80$I\x0d\xb2\x00H\x92\xd4 \x0b\x80$I\x0d\
\xb2\x00H\x92\xd4 \x0b\x80$I\x0d\xb2\x00H\x92\xd4\
 \x0b\x80$I\x0d\xb2\x00H\x92\xd4 \x0b\x80$I\
\x0d\xb2\x00H\x92\xd4 \x0b\x80$I\x0d\xb2\x00H\x92\
\xd4 \x0b\x80$I\x0d\xb2\x00H\x92\xd4 \x0b\x80$\
I\x0d\xb2\x00H\x92\xd4 \x0b\x80$I\x0d\xb2\x00H\
\x92\xd4 \x0b\x80$I\x0d\xb2\x00H\x92\xd4 \x0b\x80\
$I\x0d\xb2\x00H\x92\xd4 \x0b\x80$I\x0d\xb2\x00\
H\x92\xd4 \x0b\x80$I\x0d\xb2\x00H\x92\xd4 \x0b\
\x80$I\x0d\xb2\x00H\x92\xd4 \x0b\x80$I\x0d\xb2\
\x00H\x92\xd4 \x0b\x80$I\x0d\xb2\x00H\x92\xd4 \
\x0b\x80$I\x0d\xb2\x00H\x92\xd4 \x0b\x80$I\x0d\
\xb2\x00H\x92\xd4 \x0b\x80$I\x0d\xb2\x00H\x92\xd4\
 \x0b\x80$I\x0d\xb2\x00H\x92\xd4 \x0b\x80$I\
\x0d\xb2\x00H\x92\xd4 \x0b\x80$I\x0d\xb2\x00H\x92\
\xd4 \x0b\x80$I\x0d\xb2\x00H\x92\xd4 \x0b\x80$\
I\x0d\xb2\x00H\x92\xd4 \x0b\x80$I\x0d\xb2\x00H\
\x92\xd4 \x0b\x80$I\x0d\xb2\x00H\x92\xd4 \x0b\x80\
$I\x0d\xb2\x00H\x92\xd4 \x0b\x80$I\x0d\xb2\x00\
H\x92\xd4 \x0b\x80$I\x0d\xb2\x00H\x92\xd4 \x0b\
\x80$I\x0d\xb2\x00H\x92\xd4 \x0b\x80$I\x0d\xb2\
\x00H\x92\xd4 \x0b\x80$I\x0d\xb2\x00H\x92\xd4 \
\x0b\x80$I\x0d\xb2\x00H\x92\xd4 \x0b\x80$I\x0d\
\xb2\x00H\x92\xd4 \x0b\x80$I\x0d\xb2\x00H\x92\xd4\
 \x0b\x80$I\x0d\xb2\x00H\x92\xd4 \x0b\x80$I\
\x0d\xb2\x00H\x92\xd4 \x0b\x80$I\x0d\xb2\x00H\x92\
\xd4 \x0b\x80$I\x0d\xb2\x00H\x92\xd4 \x0b\x80$\
I\x0d\xb2\x00H\x92\xd4 \x0b\x80$I\x0d\xb2\x00H\
\x92\xd4 \x0b\x80$I\x0d\xb2\x00H\x92\xd4 \x0b\x80\
$I\x0d\xb2\x00H\x92\xd4 \x0b\x80$I\x0d\xb2\x00\
H\x92\xd4 \x0b\x80$I\x0d\xb2\x00H\x92\xd4 \x0b\
\x80$I\x0d\xb2\x00H\x92\xd4 \x0b\x80$I\x0d\xb2\
\x00H\x92\xd4 \x0b\x80$I\x0d\xb2\x00H\x92\xd4 \
\x0b\x80$I\x0d\xb2\x00H\x92\xd4 \x0b\x80$I\x0d\
\xb2\x00H\x92\xd4 \x0b\x80$I\x0d\xb2\x00H\x92\xd4\
 \x0b\x80$I\x0d\xb2\x00H\x92\xd4 \x0b\x80$I\
\x0d\xb2\x00H\x92\xd4 \x0b\x80$I\x0d\xb2\x00H\x92\
\xd4 \x0b\x80$I\x0d\xb2\x00H\x92\xd4 \x0b\x80$\
I\x0d\xb2\x00H\x92\xd4 \x0b\x80$I\x0d\xb2\x00H\
\x92\xd4 \x0b\x80$I\x0d\xb2\x00H\x92\xd4 \x0b\x80\
$I\x0d\xb2\x00H\x92\xd4 \x0b\x80$I\x0d\xb2\x00\
H\x92\xd4 \x0b\x80$I\x0d\xb2\x00H\x92\xd4 \x0b\
\x80$I\x0d\xb2\x00H\x92\xd4 \x0b\x80$I\x0d\xb2\
\x00H\x92\xd4 \x0b\x80$I\x0d\xb2\x00H\x92\xd4 \
\x0b\x80$I\x0d\xb2\x00H\x92\xd4 \x0b\x80$I\x0d\
\xb2\x00H\x92\xd4 \x0b\x80$I\x0d\xb2\x00H\x92\xd4\
 \x0b\x80$I\x0d\xb2\x00H\x92\xd4 \x0b\x80$I\
\x0d\xb2\x00H\x92\xd4 \x0b\x80$I\x0d\xb2\x00H\x92\
\xd4 \x0b\x80$I\x0d\xb2\x00H\x92\xd4 \x0b\x80$\
I\x0d\xb2\x00H\x92\xd4\xa0\x92\x05 \x07],3\x86\
\x5co$C\xcf8\xe8\xcfP\x92\xb41#dQ\xb1\
\xdf\xf3%\x0b\xc0\xaf\x06^\xefV\x03\xaf7\x86[\x0f\
\xbc\xde/\x06^O\x92\xb41\xbb\x0f\xbc^\xb1\xdf\xf3\
%\x0b\xc0e\x03\xaf\xb7\xd7\xc0\xeb\x0d*3w\x03n\
3\xf0\xb2\x16\x00I\x9a\x96\xbb\x0e\xbc\xde\xe5\x03\xaf\xd7\
\xabd\x01\x18\xfaC\x1d0\xf0zC\xbb?\xc3\x9e\x02\
\xf8UD\xfcz\xc0\xf5$I\x1b\xf7\x9b\x03\xaf7\xf4\
\x97\xe5^%\x0b\xc0E\x03\xafw\xf0\xc0\xeb\x0d\xed\xe0\
\x81\xd7\xfb\xe7\x81\xd7\x93$m\xdc\xc1\x03\xaf7tV\
\xf6*Y\x00\xbe7\xf0zO\xcd\xcc\x1d\x07^sH\
G\x0d\xbc\xdew\x06^O\x92\xb4\x01\x99\xb9\x03\xf0\xa4\
\x81\x97\xfd\xee\xc0\xeb\xf5*Y\x00\x86\x0e\xb0\xbb\x01\xbf\
7\xf0\x9a\x83\xc8\xcc\x87\x02\x0f\x1bx\xd9b\x7f)$\
I\xabl\xcd\xa6\x8a\x00\x00\x03\xb7IDAT\xf2$\
\xe0\xee\x03\xaf\xb9\x90\x05\xe0[#\xac\xf9\xaa\xe5\x066\
5\xaf\x1da\xcd1~~\x92\xa4uX>\x02\xfd\xe7\
#,\xbdx\xbf\xeb3s\xf7\xcc\xbc&\x87w\x5c\xed\
\xcf\xb6\xa5\xcc\xfc\x83\x11>cf\xe6\xbdk\x7f6I\
R'3_4\xc2\xef\xf9\xab3s\xe8\xdb\xc7\xa7!\
3\xbf0\xc2\x0f\xec\x8a\xcc|P\xed\xcf\x06\x90\x99\xf7\
\xc8\xcc\x7f\x19\xe13^P\xfb\xb3I\x92:\x99y`\
f^9\xc2\xef\xfa\xcf\x95\xfc\x1c\xa5\x0f\x9f\x9f1\xc2\
\x9a\xb7\x04N\xcb\xcc{\x8e\xb0\xf6\xaae\xe6\x1d\x81O\
\x00\xb7\x1fa\xf9O\x8f\xb0\xa6$i\x8d\xb2;\x1a\xfb\
1`\x97\x11\x96/\xfa\xbb\xbet\x01\xf8\xf0H\xeb\xee\
\x05\x9c\x9d\x99\x0f\x1ei\xfdmZ\xfe\x0bq6\xb0\xdf\
H[\x9c4\xd2\xba\x92\xa4U\xca\xcc\x03\x81\xcf\x01w\
\x19i\x8b\xc5\xfe]\x9f\x99\xe7\x8dp\xd8d\xc5\x15\x99\
\xf9\xef\xb2\xe0\xed\x81\x99yLf^2\xe2g\xba(\
3w*\xf5y$I7\x96\x99;fw\xce\x7f\x8c\
\xc3\xfe+\xce-\xfd\xb9j\x5cA\xff\xde\x11\xd7\xbe%\
\xf06\xe0\x9c\xcc\xfc\xfd\x1c\xf1\x0e\x81\xcc<43?\
\x0b\xbc\x8f\xe1\x1f\xf9\xbb\xa5\xff\xe1\x13\x00%\xa9\xbc\xe5\
\xe0\x7f\x12\xf0e\xe0\xcd\x8cs\xd8\x7f\xc5\xfbF\x5c{\
\xab\x8a\xbfQ/3o\x0f,1\xfc\x0b\x14\xb6\xe6'\
\xc0\xc9\xc0\x99\xc07\x80\x8b#b\xcd\x8fY\xcc\xee\xaa\
\xcc;\x01\xf7\x03\x1e\x0f<\x19(qU\xfe\xaf\x81\xfd\
\x22\xe2G\x05\xf6\x92\xa4\xa6e\xe6\x1et\x87\xf7\x7f\x13\
\xf8m\xe0)\x94y\xef\xcc\xa5\xc0\xbe\x11qI\x81\xbd\
\xaeW\xe5\x95\xba\x99\xf9z\xe0e5\xf6\x96$ib\
N\x88\x88\x7f_z\xd3Z\x05\xe0\xce\xc0\x8f\x98\xc7+\
}%I\x1a\xcb/\xe9\xbe\xfd\xff\xac\xf4\xc6U\x9e\xa2\
\x17\x11\x17\x03o\xa8\xb1\xb7$I\x13rB\x8d\xf0\x87\
JG\x00\x002\xf3\x96\xc0\xd7)s.]\x92\xa4\xa9\
\xf9.\xf0[\x11qu\x8d\xcd\xab=G?\x22\xae\x04\
\x8e\x03\xb2\xd6\x0c\x92$U\x92\xc0\xb1\xb5\xc2\x1f*\x16\
\x00\x80\x88\xf8$\xf0\x8e\x9a3H\x92T\xc1\x9b#\xa2\
\xeaS^\xab\x9d\x02X\x91\x99;\x03\x9f\x05\x0e\xaa=\
\x8b$I\x05\xfc#\xf0\xd8\x9a\xdf\xfea\x02\x05\x00 \
\xbb\xe7\xf8\x7f\x11\xb8c\xedY$I\x1a\xd1?\x03\x07\
ED\xf5\x97\xbcU=\x05\xb0b\xf9A7G\x00\x97\
\xd7\x9eE\x92\xa4\x91\x5c\x06\x1c1\x85\xf0\x87\x89\x14\x00\
\x80\x888\x97\xee\xa9KW\xd5\x9eE\x92\xa4\x81]\x05\
<9\x22\xce\xab=\xc8\x8a\xc9\x14\x00\x80\x888\x1d8\
\x9c\xae%I\x92\xb4\x08~\x01\xfc~D\x9cQ{\x90\
-M\xe2\x1a\x80\x9b\xca\xee\x95\x8b\xa7\xd1=\x7f_\x92\
\xa4\xb9\xba\x98\xee\xb0\xffWj\x0frS\x93:\x02\xb0\
b\xf9t\xc0A@\xf1\xd7#J\x924\x90/\x01\x8f\
\x98b\xf8\xc3D\x0b\x00@D\x9c\x0f<\x128\x11\x1f\
\x16$I\x9a\x8f\xa4{5\xfd\xe3\xa6r\xc1\xdf\xd6L\
\xf2\x14\xc0Me\xe6\x13\xe8\x1e\x18t\x9f\xda\xb3H\x92\
\xb4\x0d\xdf\xa5{\xc2_\xd5\x87\xfc\xac\xc6d\x8f\x00l\
)\x22>\x05<\x00x5\xf0\xab\xca\xe3H\x92tS\
\xbf\x00\xfe\x0cx\xe0\x1c\xc2\x1ffr\x04`K\x99y\
'\xe0O\x80c\x81\xdd+\x8f#Ij\xdb\xa5tG\
\xa8\xdfR\xeb\xad~\xeb5\xbb\x02\xb0\x223o\x07l\
\x02\x9e\x05<\xa8\xee4\x92\xa4\xc6\x9c\x07\xbc\x17xw\
D\x5cR{\x98\xf5\x98m\x01\xd8Rf>\x008\x0a\
8\x14x8\xb0S\xdd\x89$I\x0b\xe6\x1a\xbag\xf8\
\x7f\x1a8)\x22\xbeQy\x9e\x0d[\x88\x02\xb0\xa5\xcc\
\xdc\x1dx\x14p\x00\xb0\x1fp_`/\xba\xd3\x05\xbb\
\x01{\xd4\x9bN\x924a\x97\xd1\x9d\xcb\xff\x05p!\
\xf0=\xba\x8b\xfa\xbe\x01|!\x22~Qq\xb6\xc1\xfd\
\x7f\xd5\xf7%A8\xb3\xc5e\x00\x00\x00\x00IEN\
D\xaeB`\x82\
\x00\x00B\x8f\
\x89\
PNG\x0d\x0a\x1a\x0a\x00\x00\x00\x0dIHDR\x00\
\x00\x02\x00\x00\x00\x02\x00\x08\x06\x00\x00\x00\xf4x\xd4\xfa\
\x00\x00\x00\x09pHYs\x00\x00\x0e\xc3\x00\x00\x0e\xc3\
\x01\xc7o\xa8d\x00\x00\x00\x19tEXtSof\
tware\x00www.inksca\
pe.org\x9b\xee<\x1a\x00\x00 \x00ID\
ATx\x9c\xec\xddy\xdcoS\xdd\xff\xf1\xd7\xe7\x9c\
c\x9e\x87\x8c\x89T\x22\x1a\xb8SBw2\xa5\xa4\xee\
\x84fIE\x13\xfdB\x03\xa9\x88\x06\xaa\x1b\x89B\x91\
rw\x87\x94(el0G\xa6\x9b2\xcf\xf3\x18'\
\xe3\xe1\xbc\x7f\x7f\xec}r9]\xe7\x1a\xbek\xed\xef\
\xfa~\xf7~?\x1f\x8f\xef\x83s\x9dk}\xf6\xc7p\
\xae\xf5\xd9k\xaf\xfdY\xc1$H\x9a\x1b\xd8\x08\xd8\x10\
X\x13x)\xb0(\xb0\xe0d\xe2\x98\x99\xf5\xc1\xd3\xc0\
#\xc0\xad\xc0\xd5\xc0\xd9\xc0\xef\x22\xe2\xa6\xa2Y\x99\x0d\
\x88\x98\xc87Iz>\xb0\x0b\xb0-\xb0D\xa3\x19\x99\
\x995G\xc0\xb9\xc0\x01\xc0\x89\x111\xb3p>f\xc5\
\x8cY\x00H\x9a\x1f\xd8\x13\xd8\x15\x98\xbb/\x19\x99\x99\
\xf5\xc7\xa5\xc0'\x22\xe2\x82\xd2\x89\x98\x950\xc7\x02@\
\xd2j\xc0q\xc0\x1a\xfdK\xc7\xcc\xac\xaf\x04\x1c\x0c\xec\
\x16\x113J'c\xd6O\xa3\x16\x00\x926\x04N\x04\
\x16\xeao:ffE\x9c\x0c\xbc+\x22\x1e/\x9d\x88\
Y\xbf\xfc[\x01 iS\xaa?\x0c^\xf27\xb3.\
9\x0d\xd8\x22\x22\x9e*\x9d\x88Y?L\x19\xf9\x0bI\
/\x07N\xc0\x93\xbf\x99u\xcf\xa6\xc0a\xa5\x930\xeb\
\x97\x7f\xad\x00\xd4\x1b\xfe.\x06V+\x97\x8e\x99Yq\
\xdbE\xc4\xd1\xa5\x930k\xda\xc8\x15\x80=\xf1\xe4o\
fv\x80\xa4\xa5J'a\xd6\xb4)\xf0\x9c\xf7\xfc\xcd\
\xcc\xban1\xe0K\xa5\x930k\xda\xac\x15\x80]\x80\
yJ&bf6@>\xecU\x00k\xbb)u{\
\xdf\x0f\x94N\xc4\xccl\x80\xcc\x07\xbc\xb7t\x12fM\
\x9aB\xd5\xd7\x7f\xc9\xd2\x89\x98\x99\x0d\x98mJ'`\
\xd6\xa4Y\x05\x80\x99\x99=\xd7\xda\x92\xdc\x0c\xcdZk\
\x0a\xb0V\xe9$\xcc\xcc\x06\xd04\xe0\xe5\xa5\x930k\
\x8c\xa4[\xd4\xbb\xeb$\xbd^\xd2\xb4\xd2\xff\x1cff\
#Iz\x9e\xa4o$\xfc|\x93\xa4\x0f\x95\xfe\xe70\
k\x8c\xa4\xe9\x09\x7f8^_:\x7f3\xb3\xb1H:\
3\xe1g\xdc\xae\xa5\xf37k\xca\x14`\xfe\x84\xf1\x17\
\xe6J\xc4\xcc\xac!\xe7%\x8c] [\x16f\x03f\
\x0ac\x1c\x09<\x01>>\xd3\xcc\x06\xdd\xd3\x09c\xa7\
\x8c\xff-f\xc3\xc9\xffs\x9b\x99\x99u\x90\x0b\x003\
3\xb3\x0er\x01`ff\xd6A.\x00\xcc\xcc\xcc:\
\xc8\x05\x80\x99\x99Y\x07\xb9\x00033\xeb \x17\x00\
fff\x1d\xe4\x02\xc0\xcc\xcc\xac\x83\x5c\x00\x98\x99\x99\
uPH\x9aI\xef\xdd\x00\xa7D\x84r&4;I\
S\x815\x81u\x80U\x81\xa5\x80Eh_\xf12\x1d\
\xb8\x158\x1385\x22\x9e*\x9c\x0f\x00\x92\xe6\x016\
\x056\x06V\x00|<\xaa\x0d\x9b\x95\xebO/n\xac\
?\x131\x13x\x18\xb8\x0f\xb8\x1a\xb8\x00\xb8$\x22\x9e\
\xe9\xf1\xdaf\x8d\x1a\xd8\x02@\xd2\x1a\xc0\xc7\x80w\x03\
K4q\x8d\x01v\x03\xb0cD\x9cY2\x09I\x9b\
\x00?\xa0\xf7\x1f\x9ef]\xf7 \xf0s\xe0\xb0\x88\xb8\
\xa2t2f#\x0d\x5c\x01 \xe9\x85\xc0\xb7\x81w\x90\
vN\xc1\xb0\x9b\x01\xbc+\x22~U\xe2\xe2\x92\xde\x09\
\xfc/0W\x89\xeb\x9b\xb5\x8c\x80_\x03\xbbF\xc4D\
W\x14\xcc\x1a5P\x05\x80\xa4O\x02\xdf\x02\xe6\xcb\x15\
s\xc8=\x0c\xbc\x22\x22n\xed\xe7E%\xad\x04\x5c\x81\
\x97\xfb\xcdr{\x1c\xf8\x02pp\xd3\x8fO\xcd\xc63\
\x10\xcf\xd1%\xcd%\xe9\x18\xe0{x\xf2\x1fi\x11\xe0\
s\x05\xae\xfby<\xf9\x9b5a>\xe0 \xe0g\xf5\
\xfe\x1a\xb3b\x8a\xaf\x00H\x9a\x0b\xf8\x15\xb0yJ\x9c\
\x16{\x10x^D\xcc\xec\xc7\xc5\xeaM\x97\xf7\x01\x8b\
\xf5\xe3zf\x1dv\x1a\xf0\xb6\x88x\xb2t\x22\xd6M\
\x83\xb0\x02p$\x9e\xfc\xc7\xb28\xb0J\x1f\xaf\xb7\x0a\
\x9e\xfc\xcd\xfaaS\xe0hI]\xde\xebd\x05\x15-\
\x00\xeag\xfe\xef/\x99\xc3\x90X\xba\x8f\xd7Z\xaa\x8f\
\xd72\xeb\xbaw\x01\x9f.\x9d\x84uS\xb1\x02@\xd2\
\x8a\xc0~\xa5\xae?d\x1e\xeb\xe3\xb5\x9e\xe8\xe3\xb5\xcc\
\x0c\xbe)\xe9\xa5\xa5\x93\xb0\xee)\xb9\x02p\x00\xb0@\
\xc1\xeb\x0f\x0b\x017\xf5\xf1z7\xd6\xd74\xb3\xfe\x98\
\x87\xea\xd5g\xb3\xbe*R\x00\xd4M~\xfe\xab\xc4\xb5\
\x87\xd0%\x11q\x7f\xbf.\x16\x11\xf7\x01\x97\xf5\xebz\
f\x06\xc0\xe6\x92\xd6*\x9d\x84uK\xa9\x15\x80\x8f\xd3\
\xed&?\x93\xf1\xdd\x02\xd7\xfc^\x81k\x9auYP\
\xfd\x5c4\xeb\x9b\xbe\xbf\x06X\xbffv\x0f\xddk\xef\
\xdb\x8b\xb3\x80M\xfa\xf5\x0a\xe0,\x92\xa6P\x9dI\xb0\
A?\xafk\xd6q\x0fS\xbd\xf2;\xa3t\x22\xd6\x0d\
%V\x00\xd6\xc2\x93\xffD\x9c\x0bl\xd5\xef\xc9\x1f\xa0\
\xbe\xe6\x96\xc0\xf9\xfd\xbe\xb6Y\x87-\x02\xbc\xa6t\x12\
\xd6\x1d%\x0a\x80\xd7\x15\xb8\xe60\xb9\x86\xea\xb5\xa0\x0d\
\x22\xe2\xa1RI\xd4\xd7~\x03\xf0\xff\xea\x9c\xcc\xacy\
\xfe\xf9h}3\xad\xc05S_w9\x06\xf8%\xd5\
\xf1\xb9m\xf2\x18pkD\xdc^:\x91Y\xea\xa5\xc8\
\x83\x80\x83$\xad@u\x1c\xf0\xfce\xb32\x1bX\x0b\
\x02o\x07>H\xef\x8fU\xfd:\xa0\xf5M\x89\x02`\
\x99\x84\xb1?\x8d\x88m\xb3eb\x13\x16\x11\xb7\x01\xb7\
\x95\xce\xc3l\xc0\x9d(\xe9\x19\xe0\xc3=\x8eO\xf9\xf9\
h6)%\x1e\x01\xa4\xbc\xfb\xff\xcblY\x98\x995\
\xe3\x17\x09c}\x08\x97\xf5M\x89\x02`j\xc2\xd8\x7f\
f\xcb\xc2\xcc\xac\x19)?\xa7R~>\x9aM\xca \
\x1c\x06dfff}\xe6\x02\xc0\xcc\xcc\xac\x83\x5c\x00\
\x98\x99\x99u\x90\x0b\x0033\xb3\x0er\x01`ff\
\xd6A.\x00\xcc\xcc\xcc:\xc8\x05\x80\x99\x99Y\x07\xb9\
\x00033\xeb\xa0\x12\xad\x80\x07\x9a\xa4\xa5\x80M\x81\
\xf5\x81\xd5\x80\xe7\x03\x8b\xd2{oo3\xeb\x96\x94\x9f\
\xab\xebHzp\x12\xdf\xff\x18\xf0\x10p-p\x09\xd5\
\x11\xe2\x17\x968E\xd4\x86\x8f\x0b\x80\x9a\xa4\x8d\xa9N\
\xbe{\x13\xfe\xf7bfeL\x03\x16\x9b\xc4\xf7/\x06\
,\x0f\xacAu\x847\xc0\xad\x92~\x04|/\x22&\
SLX\xc7t\xfe\x11\x80\xa4WH:\x1b8\x1d\xd8\
\x1cO\xfef6\xdc^\x00\xec\x0d\xdc,\xe9\xb3\x92\xe6\
*\x9d\x90\x0d\xa6\xce\x16\x00\x92B\xd2\xa7\x81\x8b\xa8\x96\
\xfb\xcd\xcc\xdad!`\x7f\xe0\x02I/.\x9d\x8c\x0d\
\x9eN\x16\x00uE|\x0cp 0w\xe1t\xcc\xcc\
\x9a\xb4\x16p\xa1\xa4uK'b\x83\xa5s\x05\x80\xa4\
\xa9\xc0\xb1\xc0{K\xe7bf\xd6'\x8b\x03\xa7KZ\
\xaft\x2268:W\x00\x00\x07\x01\xef(\x9d\x84\x99\
Y\x9f\xcd\x0f\x9c\xec\xc7\x016K\xa7\x0a\x00I\xdb\x00\
\x9f,\x9d\x87\x99Y!\x8b\x01\xc7J\xf2\xa3O\xebN\
\x01 iq\xe0\xe0\xd2y\x98\x99\x15\xb6\x16\xb0[\xe9\
$\xac\xbc\xce\x14\x00\xc0\x17\x81\xa5J'af6\x00\
\xbeX7=\xb3\x0e\xebD\x01 i\x09`\xc7\xd2y\
\x98\x99\x0d\x88\xf9\x81\xcf\x94N\xc2\xca\xeaD\x01@\xb5\
\xe3\x7f\x81\xd2I\x98\x99\x0d\x90\xed%\xb9\xf1Y\x87u\
\xa5\x00\xd8\xa6t\x02ff\x03f)\xe0?K'a\
\xe5\xb4\xbe\x00\x90\xb4\x00\xf0\x9a\xd2y\x98\x99\x0d\xa0\x0d\
K'`\xe5\xb4\xbe\x00\x00^\x89\xbb\xfd\x99\x99\x8d\xe6\
\xd5\xa5\x13\xb0r\xba\xf0\xfcg\x95\xc4\xf1\x87\x02\x07\x00\
\x0fd\xc8\xc5\xcc,\x97iT\xab\x9b\xdf\x07V\xe81\
F\xea\xcfG\x1bb](\x00\x16O\x18{\x0e\xf0\xa9\
\x88P\xaed\xcc\xcc2\xfa\xad\xa4\xed\xa9N3\xed\xc5\
\x929\x93\xb1\xe1\xd2\x85G\x00)\xbb\xff\xcf\xf6\xe4o\
f\x03\xee\xcf@\xaf?\xa7\xfcvT\x87u\xa1\x00H\
\xf9g|*[\x16ff\x0d\x88\x88\x94\x9fS]\x98\
\x03l\x0e\xfc\x1f\xdf\xcc\xcc\xac\x83\x5c\x00\x98\x99\x99u\
\x90\x0b\x0033\xb3\x0er\x01`ff\xd6A.\x00\
\xcc\xcc\xcc:\xc8\x05\x80\x99\x99Y\x07\xb9\x00033\
\xeb \x17\x00fff\x1d\xe4\x02\xc0\xcc\xcc\xac\x83\x5c\
\x00\x98\x99\x99u\x90\x0b\x0033\xb3\x0er\x01`f\
f\xd6A.\x00\xcc\xcc\xcc:\xc8\x05\x80\x99\x99Y\x07\
\xb9\x00033\xeb \x17\x00fff\x1d\xe4\x02\xc0\
\xcc\xcc\xac\x83\x5c\x00\x98\x99\x99u\x90\x0b\x0033\xb3\
\x0er\x01`ff\xd6A.\x00\xcc\xcc\xcc:\xc8\x05\
\x80\x99\x99Y\x07\xb9\x00033\xeb \x17\x00ff\
f\x1d\xe4\x02\xc0\xcc\xcc\xac\x83\x5c\x00\x98\x99\x99u\x90\
\x0b\x0033\xb3\x0er\x01`ff\xd6A.\x00\xcc\
\xcc\xcc:\xc8\x05\x80\x99\x99Y\x07\xb9\x00033\xeb\
 \x17\x00fff\x1d\xe4\x02\xc0\xcc\xcc\xac\x83\x5c\x00\
\x98\x99\x99u\x90\x0b\x0033\xb3\x0er\x01`ff\
\xd6A.\x00\xcc\xcc\xcc:\xc8\x05\x80\x99\x99Y\x07\xb9\
\x00033\xeb\xa0i\xa5\x1303\xb3r$\xfd\xc7\
\x18\xbf\xfdO\xe0\x11`zD\xfc\xb3O)Y\x9f\xb8\
\x0003\xeb\xb6\x8b'\xf2M\x92f\x02\x0f\x03\xff\xa0\
*\x0a\xee\xa8?\xb7\x03\xb7\x8e\xf8\xfb[\x22\xe2\xb1f\
R\xb5\x9c\x5c\x00\x98\x99\x0d\x09IS\x81\x17\x03k\x00\
\xab\x01\xab\xd7\x7f\x8d>\x5c~\x0a\xb0X\xfd\x01x\xe5\
\x1c\xbeO\x92n\x06\xfe\x06\x5c5\xe2\xaf\x7f\x8f\x88G\
\x9bN\xd2&\xce\x05\x80\x99\xd9\x80\x92\xb4\x22\xf0Z`\
\xed\xfa\xb3\x16\xb0P\xd1\xa4\xc6\x17\xc0\x0b\xeb\xcf\xe6#\
\xbe>S\xd2\xb5\xc0\x05\xc0\xf9\xc0y\xc0\xdf\x22bf\
\xffS4p\x01`f60$\xbd\x08xC\xfd\xd9\
\x00xA\xd1\x84\xf2\x9a\x02\xacZ\x7f\xb6\xab\xbf\xf6\x88\
\xa4Y\x05\xc1\x19\xc0\x05\x11\xf1t\x99\xf4\xba\xc7\x05\x80\
\x99Y!\x92\xe6\x03\xd6\x036\x06\xdeN59v\xc9\
\xc2\xc0\xa6\xf5\xe7+\xc0\xa3\x92\xfe\x00\x9c\x0c\xfc.\x22\
n+\x99\x5c\xdb\xb9\x0003\xeb#IK\x00\xff\x05\
l\x09\xbc\x11\x98\xaflF\x03e\x01\xe0\xad\xf5\x07I\
\x97\x03\xa7\x00\xc7F\xc4\xe5%\x13k#\x17\x00ff\
\x0d\xab'\xfd-\x81\xad\x80\x0d\xf1\xcf\xde\x89ze\xfd\
\xd9]\xd2\xdf\x81\x9fS\x15\x03\xd7\x94M\xab\x1d\xdc\x08\
\xc8\xcc\xac\x01\x92\xa6I\xdaB\xd2\x09\xc0\x9d\xc0\xe1T\
K\xdd\x9e\xfc{\xb3\x1a\xb07p\xb5\xa4K$}V\
\xd2\xb2\xa5\x93\x1af.\x00\xcc\xcc2\x92\xf4\x12I\xfb\
\x03\xb7\x01'Q\xdd\xf9\xcf]6\xab\xd6Y\x13\xd8\x1f\
\xb8E\xd2\xf1\x926\x92\xd4\x8fW![\xc5\x95h\x8b\
Iz1\xf02`i\xfa\xf3\x9e\xb0u\xc3\x83\xc0\xf5\
\xc0\xe5\x11\xa1\xd2\xc9\x0c\x02IS\xa8\x96\xf6w\xa0\x9a\
\xf0\xa7\x96\xcd\xa83\xe6\xa2z\xac\xb2\x15p\x9d\xa4\x1f\
\x01?\x8a\x88\xfb\xcb\xa65\x1c\x5c\x00\xb4\x90\xa4M\x80\
oR\xbd3l\xd6\x94[$\xed\x03\x1c\xd5\xd5w\xb9\
%-\x08|\x04\xf8\x14\xf0\xa2\xc2\xe9t\xddK\xa8~\
\xee\xed%\xe9\x7f\x81\x03\x22\xe2\xff\x0a\xe74\xd0\xfc\x08\
\xa0e$\xed\x0e\x9c\x86'\x7fk\xde\x8a\xc0\x0f\x81c\
$\xcdU:\x99~\x92\xb4\xb0\xa4\xcf\x037\x03\x07\xe0\
\xc9\x7f\x90\xcc\x0b|\x08\xb8B\xd2\xe9\x92^W:\xa1\
A\xe5\x02\xa0E$m\x09|\xbdt\x1e\xd69\xef\x01\
\xbeZ:\x89~\x90\xb4\x8c\xa4\xefP\xf5\xbd\xff&\xb0\
D\xe1\x94ll\x1b\x03\xe7I:C\xd2\x1bK'3\
h\x5c\x00\xb4\x84\xa4y\x80\xef\x95\xce\xc3:\xeb\xb3\x92\
V.\x9dDS$-.\xe9\x9bT{\x1fv\x01\x16\
,\x9c\x92M\xceF\xc0Y\x92\xce\x91\xb4~\xe9d\x06\
\x85\xf7\x00\xb4\xc7\x16\x80_\x89\xb1R\xa6\x02\x1f\x05v\
/\x9dHN\x92\x16\xa2\x9a\xf0?\x03,R8\x9d\x5c\
fP\x1d\xf3\xfb40}\xc4_\x9f\xa1:\xe5o1\
\xaa\xb9a!\xaa\xe5\xf4\xf9\xa8\x1a\xf4\xb4\xe1M\x86\xf5\
\x80\xb3%\x9d\x0c\xec\x1e\x11W\x95N\xa8$\x17\x00\xed\
\xe1\xe5-+\xad5\xff\x0f\xd6\xbb\xfa?\x04\xec\x0b,\
S8\x9d\xc9\xb8\x0b\xb8\x96\xea\x15\xc4\xbb\xa9\x1eU\xdc\
9\xf2\x13\x11O\xf4\x1a\x5c\xd2\xf3\xa8n4V\x00\x96\
\x03\x96\x07\x9e_\x7f\xed\x05\xc0*\x0cG\xa1\xb0\x05\xf0\
\x16I?\x01\xbe\xd2\xd5\x96\xc3.\x00\xdac\xc5\xd2\x09\
X\xe7\xadT:\x81\x1c$\xbd\x168\x10X\xa7t.\
cx\x04\xb8\x8e\xe7\x1e\xb9{QD\xdc\xdd\xe4E#\
\xe2>\xe0>\xe0\x8a\xd1~_\xd24\xaaB`u\xe0\
?\xa8^C\xee\xe7\x91\xc5\x931\x95\xaa\xc8{\x97\xa4\
o\x01\xdf\x88\x88'\x0b\xe7\xd4W.\x00\xda\xc3\xef\x1d\
[iC\xfd\xff`\xddU\xee@`\x9b\xd2\xb9\x8c\xe2\
f\xe0\xcf\xc0\x1f\x81\xb3#\xe2\xfa\xa2\xd9\xccA}\x92\
\xdf\x8d\xf5\xe7\xe4Y_\x97\xb4(\xd5q\xc6\xb3N9\
|\x0d\xd5;\xfc\x83`~\xaa\x83\x88\xde#i\xe7\x88\
8\xb5tB\xfd\xe2\x02\xa0=\xee,\x9d\x80u\xde\x1d\
\xa5\x13\xe8E\xbd\xdc\xff1\xaa7h\x06\xe59\xff\x0d\
T\x93\xfd\x9f\x81?E\xc4-e\xd3I\x13\x11\xff\x00\
N\xaf?HZ\x80\xeay\xfc\x06TE\xc1k(?\
\x1f\xad\x02\xfc^\xd2\xaf\x80\x9d#\xe2\xf6\xc2\xf94\xae\
\xf4\xbfp\xcb\xe7\x5c`\xfb\xd2IX\xa7\x9d[:\x81\
\xc9\x92\xf4r\xe00`\x10\xde\x15\xbf\x0c8\x01\xf8e\
D\xfc\xadt2M\x8a\x88G\xa9\xfa\x95\x9c\x06U_\
\x05`s\xaa\x8e~\x9bQ\xdd\x95\x97\xf2\x0e`CI\
\x9f\x05~\xd8\xe6n\x97~\x0d\xb0=~\x01<\x5c:\
\x09\xeb\xb4\xa3K'0Q\x92\xa6\xd6\x8d|.\xa6\xec\
\xe4\xff7\xaa\x03nV\x8d\x885#b\xdf\xb6O\xfe\
\xa3\x89\x88G\x22\xe2\x7f#\xe2\x9d\xc0\x92\xc0\xdb\x80\x9f\
R\xedu(a\x11\xaa\xc3\x9b\xfe$\xe9%\x85rh\
\x9c\x0b\x80\x96\x88\x88G\x80\xaf\x95\xce\xc3:\xeb\x7f#\
\xe2/\xa5\x93\x98\x08I\xab\x00\xe7P5\xf2)\xb1c\
\xfd\x06\xe0\x0b\xc0\x0a\x11\xb1zD\xec\xe5\xe3m\x9f\x15\
\x11\x8fG\xc4\xc9\x11\xb1-\xd5\x1b\x18\xbb\x14L\xe7\xf5\
\xc0%\x92>\xde\xc6\xc3\x86\x5c\x00\xb4\xcbw\x80\xff)\
\x9d\x84u\xce_\x80O\x94Nb<\x92B\xd2'\x80\
K\xe9\xff\x0e\xff\x19T\xcb\xfb\x9b\x02\xabD\xc4~]\
x\xc6\x9c*\x22\x1e\x07^\x5c8\x8d\x05\x81C\x81\x13\
%-Y8\x97\xac\x5c\x00\xb4H} \xcb\xb6\xc0\xae\
\x94[:\xb3\xee\x98\x01\x1c\x04lTo\xf2\x1aX\xf5\
3\xe6c\x81C\xe8\xef\xf3\xe5;\x80\xfd\x80\x17E\xc4\
V\x11qzW\x0fN\xea\x85\xa4\xc5\x81\x0f\x96\xce\xa3\
\xf66\xe0JI\x9b\x95N$\x17o\x02l\x99\xfa\x87\
\xcb\x7fK\xfa\x01\xb0\x09\xf0\x0a\xaa\xe3\x80\x07\xe5\x95\x1b\
\x1bn\x02\xee\xa1j\x89{JD<P8\x9fqI\
Z\x07\xf89\xfd\xed\x95q\x09\xb0\x0fp\x92'\xfc$\
\x1f\xa7\xeaB8(\x96\x06~[\xb7\x85\xfeJ\xfd\xda\
\xe3\xd0r\x01\xd0R\x11\xf1\x18\xf0\xeb\xfac\xd69\xf5\
3\xdb]\x80o\xd0\xbf\x02\xf8B\xaa\x89\xff\x946\xef\
\x1e\xef\x87\xfa|\x93O\x95\xcec\x14S\x80=\x80u\
%mS7G\x1aJ~\x04`f\xad#i^\xaa\
\xb7\x12\xbeM\x7f&\xff\xf3\x80\xb7E\xc4:\x11\xf1[\
O\xfeY\xbc\x9f\xc1n\xc3\xbc\x01pi\xdd9r(\
\xb9\x000\xb3V\x91\xf4\x02\xaa\x09\xf9\x03}\xb8\xdc\xf9\
\xc0\x86\x11\xb1^D\x9c<\xeew\xdb\x84\xd4\xab7\x9f\
I\x0c\xf3w\xe0\xa9\x0c\xe9\x8cey\xe0\x8f\x92\xb6k\
\xf8:\x8dp\x01`f\xadQ\x1f\xf5z\x11\xb0f\xc3\
\x97\xba\x83\xaa\xc0X/\x22\xfe\xd0\xf0\xb5\xba\xe8MT\
g\x08\xf4J\xc0\xd6\xc0\xcb\x81S\xb2d4g\xf3\x02\
GI:P\xd2P\xb5\xc3v\x01`f\xad i+\
\xaaV\xb3K5x\x99\x19\xc0w\x81\xd5\x22\xe2\x18/\
\xf57f\xb7\xc4\xf1\xbf\x8b\x88\xab\x22\xe2\xda\x88\xd8\x9c\
jCt\xd3G\xff~\x1a8AR\xc9.\x86\x93\xe2\
\x02\xc0\xcc\x86\x9e\xa4OS\xbd\xe67o\x83\x97\xf9\x0d\
\xd5\xc4\xff\xe9\x88\x98\xde\xe0u:M\xd2+\x80\x0d\x13\
\xc3|g\xe4/\x22\xe2\x0c\xaaU\xa1\xffG\xb3\x1dS\
\xdfN\xf5H`\xe9\x06\xaf\x91\x8d\x0b\x003\x1bZu\
K\xdfC\xa8N\xf1k\xea\xe7\xd9\x0d\xc0\xa6\x11\xb1E\
D\xdc\xd0\xd05\xecY\xbb\x91vt\xf0e\x11q\xd6\
\xec_\x8c\x88\x19\x11q\x10\xb0*pLB\xfc\xf1\xac\
\x0d\x9c'\xe9\xa5\x0d^#\x0b\x17\x00f6\x94\xea\xd7\
\xc4\x8e\xa7\xb9.\x84\xa2:(\xe8U\x11qzC\xd7\
\xb0\x11$-\x0f\xbc+1\xcc\x7f\x8f\xf5\x9b\x11qw\
D|\x80\xea\xd0\x9f{\x13\xaf5'+\x03\xe7HZ\
\xab\xa1\xf8Y\xb8\x000\xb3\xa1SO\xfe\xc7Q\xfd\x10\
o\xc2=\xc0\xdb#\xe2c\x11\xf1\xcf\x86\xaea\xffn\
g\xd2\xceg\xb8\x83\xeaQ\xd0\xb8\x22\xe2D`\x0d\xe0\
W\x09\xd7\x1b\xcb\x92\xc0Y\x92\xd6k(~2\x17\x00\
f6T\xea\xb3\xe4\x7fC\xd5\x9a\xb5\x09\xc7\x03\xab\xfb\
\xb5\xbe\xfe\x92\xb4\x10\xb0Cb\x98\x83\x22b\xc2\xaf\xfe\
E\xc4}\x11\xb1%\xb0\x0d\xf0P\xe2\xb5G\xb3\x08p\
\x9a\xa4M\x1a\x88\x9d\xcc\x05\x80\x99\x0d\x0dI\x8b\x00\xa7\
\x02\x1b7\x10\xfeA\xe0\xdd\x11\xb1\xcd0\xb48n\xa1\
\xed\x81E\x13\xc6O\x07\x8e\xe8e`D\x1cO\xb5I\
\xb0\x89W:\xe7\x07N\x92\xb4y\x03\xb1\x93\xb8\x000\
\xb3\xa1P\xdf\xf9\x9f\x024\xb1\xa4z>\xd5\xb3\xfe\x09\
-\x1f[^\xf5\xfb\xf3\x9fN\x0csd\xca\xa1T\x11\
q\x0bUa\xf9e \xf7\xf9\x0d\xf3\x02\xbf\x1c\xb4\x83\
\x84\x5c\x00\x98\xd9\xc0\x9347\xf0\x0b`\xdd\x06\xc2\x1f\
\x0el\x10\x11\xb75\x10\xdb&\xe6\x9d\xc0\x0b\x13\xc6?\
C\xd5\x9f!ID\xcc\x8c\x88}\x80-\x80\xdc'\x5c\
\xceMU\x04l\x909n\xcf\x5c\x00\x98\xd9@\x934\
\x17p\x02\x90\xfb\xee\xe91\xe0]\x11\xb1\xe3d\x9e\x1b\
[#vI\x1c\x7fBD\xdc\x98%\x13 \x22N\x01\
\xd6\x01\xae\xce\x15\xb36\x1f\xd5\xe3\x80\x818?\xc0\x05\
\x80\x99\x0d\xaczi\xf8'\xc0[3\x87\xbe\x13xC\
D\x1c\x979\xaeMR\xdd\xbe9uB\x1c\xf3\xd5\xbf\
^D\xc45\xc0k\x80_f\x0e\xbd\x10p\xea \xbc\
\x22\xe8\x02\xc0\xcc\x06R} \xcc\xe1\xc0\xbb3\x87\xbe\
\x10xuD\x5c\x9c9\xae\xf5&\xf5\xee\xff\x9c\x88\xb8\
0K&\xb3\xa9;>n\x05\xecM\xd5\x17\x22\x97E\
\x80S$\xad\x9c1\xe6\xa4\xb9\x000\xb3A\xb5'\xd5\
\xce\xf0\x9cN\x04\xde\x18\x11we\x8ek=\x90\xf4b\
\xaa\xf6\xb9)\xbe3\xfe\xb7\xf4.\x22\x14\x11{\x01\xef\
%\xef\xe9\x82K\x03\xbf\x95\xb4x\xc6\x98\x93\xe2\x02\xc0\
\xcc\x06\x8e\xa4m\xa8\xee\xbar:\x12\xd8:\x22\x1e\xcf\
\x1c\xd7z\xb7\x0bi\xf3\xd0u\xc0I\x99r\x19SD\
\xfc\x1cx\x0b\x90\xb31\xd4\xaa\xc0\x89uc\xab\xbes\
\x01`f\x03\xa5~&\xfc\x13\xd2\xfa\xc1\xcf\xee\xcb\x11\
\xf1\xe1\x88x:cLK i\x09\xe0\x83\x89a\x0e\
\x8c\x88\xdc\xaf\xec\xcdQD\x9cI\xb5\x195\xe7\x1b\x02\
\xaf\x07\x8e\xac\x1fy\xf5\x95\x0b\x003\x1b\x18\xf5\x92\xf0\
\xaf\x80\x5cwD\x02>S\xbf\xdae\x83\xe5cTM\
rz\xf5\x00\xf0\xe3<\xa9L\x5cD\x9c\x0bl@\xd5\
.:\x97\xf7\x02_\xcd\x18oB\x5c\x00\x98\xd9@\xa8\
\xbb\xfc\xfd\x86\xaa\x87z\x0e3\x81OD\xc4\x81\x99\xe2\
Y&\xf5\x92\xf7\xa7\x12\xc3|?\x22\x1e\xcb\x91\xcfd\
E\xc4\xe5Tw\xee7g\x0c\xfbEI[f\x8c7\
.\x17\x00fV\x5c\xbd\xfcy\x14\x90\xeb\x08\xd5\x99\xc0\
G#\xe2\x07\x99\xe2Y^\xef\x03\x96I\x18\xff$p\
H\xa6\x5cz\x12\x11\xd7\x01\xeb\x03\xd7\xe4\x0a\x09\xfcX\
\xd2j\x99\xe2\x8d\xcb\x05\x80\x99\x0d\x82\xcf\x91\xefd?\
\x01;E\xc4\x91\x99\xe2YFu\xb1\x97\xda\xf6\xf7\x98\
\x88\xb8;G>)\x22\xe2\x0e\xaa\xf6\xc17g\x0a\xb9\
\x10\xd5\xa6\xc0E2\xc5\x1b\x93\x0b\x003+\xaan\x8d\
\xbao\xc6\x90\xbbG\xc4\xa1\x19\xe3Y^\x9b\x01\xafH\
\x18/\xe0\x80L\xb9$\x8b\x88\xdb\x81M\x80\x5c\x05\xc9\
*\xc0\xd1\xfd\xd8\x14\xe8\x02\xc0\xcc\x8a\x91\xb4\x1c\xf0s\
`Z\xa6\x90{E\xc4~\x99bY3R\x1b\xff\xfc\
>\x22\xae\xca\x92I&\x11q=Ua\x93\xebH\xe1\
\xb7\x93\xfe\xefi\x5c.\x00\xcc\xac\x08IS\x80\x9fQ\
5D\xc9\xe1\x80\x88\xc8\xdd;\xc02\x92\xf4J\xd2\x8f\
rn\xb4\xf1O\xaf\xea\x8d\x81\x9b\x03\x8ff\x0a\xf9\xf5\
\xa6\xdb\x05\xbb\x000\xb3Rv\x05\xde\x90)\xd6/\x81\
\xdd2\xc5\xb2\xe6\xa4\xde\xd5^V\xbf\x8b?\x90\x22\xe2\
|\xaa\xbd,32\x84\x9b\x1b\xf8\x9f\xfa\x18\xecF\xb8\
\x000\xb3\xbe\x93\xb4:\xf9\xde{\xbe\x18\xd8\xb6\x9f\x0d\
al\xf2$-O\xfa\xb9\x0e\x03y\xf7?RD\x9c\
\x0e\xec\x98)\xdc\xaa4p\xd0\xd1,.\x00\xcc\xac\xaf\
\xeaw\xc0\x7f\x06\xcc\x9b!\xdcM\xc0[#\x22\xd7\xb2\
\xab5gg\xaa\xbb\xda^\xdd\x01\x0c\xc5\xe9\x8d\x11q\
\x14\xf0\xbdL\xe1v\xa8[cg\xe7\x02\xc0\xcc\xfam\
_\xd2v\x81\xcf\xf2\x08\xb0yD\xe4\xec\xc8f\x0d\x90\
\xb4 \xf0\xd1\xc40\x07GD\xce\xc3x\x9a\xf6\x19\xe0\
\x8cL\xb1\x0e\x91\x94\xabA\xd6\xbf\xb8\x000\xb3\xbe\x91\
\xb4\x1eyv7\x0b\xd8.\x22\xfe\x9e!\x965o{\
`\xb1\x84\xf1\xd3\x81\xc32\xe5\xd2\x17\xf5\xb9\x13\xef\xa2\
:\xb0(\xd5\x92@\xf6\x8e\x96.\x00\xcc\xac/$\xcd\
M\xf5C<\xc7\xcf\x9d\xfd\x22\xe2W\x19\xe2X\xc3$\
M\x05\xfe_b\x98##\x22\xe7\x01<}\x11\x11\x0f\
\x02o\x03\x1e\xce\x10\xee}\x92\xde\x92!\xce\xbf\xb8\x00\
0\xb3~\xf9,\xb0z\x868g\x02{f\x88c\xfd\
\xf1N\xe0\x85\x09\xe3\x9f\x01\xbe\x9b)\x97\xbe\x8b\x88\xab\
\x81\x0fg\x0awD\xce.\x81.\x00\xcc\xacq\xf5)\
\x7f_\xcc\x10\xeav\xe0\xdd\x11\xf1L\x86X\xd6\x1f\x9f\
I\x1c\xff\xcb\x88\xb81K&\x85D\xc4\x09\xc0\x8f2\
\x84Z\x0e\xf8Z\x868\x80\x0b\x003\xeb\x8fC\x81\xf9\
\x12c\xcc\x04>\x18\x11\xf7g\xc8\xc7\xfa@\xd2\xfa\xc0\
:\x89a\x1a{\x0d\xae\xcf>\x0d\x5c\x9d!\xce\xc7%\
\xad\x9d!\x8e\x0b\x003k\x96\xa4\xf7P\xf5JO\xf5\
\xdf\x11qV\x868\xd6?\xa9\x1b>\xcf\x89\x88\x0b\xb2\
dRX\xfd\xaa\xea{\xa8N2L1\x05\xf8\xef\x1c\
g\x05\xb8\x000\xb3\xc6H\x9a\x17\xf8f\x86PW\x02\
_\xca\x10\xc7\xfaD\xd2\xcaT\x1b\xe0R|;G.\
\x83\x22\x22.\x03\xbe\x90!\xd4\xfa\xa47Ur\x01`\
f\x8d\xfa\x0c\xf0\x82\xc4\x18OP=\xf7\x7f\x22C>\
\xd6?\xbb\x00S\x13\xc6_\x07\x9c\x9c)\x97Ar\x10\
pZ\x868\xfb\xa7\xb6\x09v\x01`f\x8d\x90\xb4\x14\
y\xeev\xbe:h\xa7\xbf\xd9\xd8$-\x01l\x97\x18\
\xe6\xc06\xb6w\x8e\x08\x01\x1f\x03\x1eK\x0c\xf5|\xe0\
\xf3)\x01r\x1d\xc1i\x03H\xd2\x0a\xc0\xcb\xa9N[\
\x9b\xabp:\x96f&p/p}D\xfc\xadt2\
\x13\xb4\x17\xb0pb\x8c+h\xd92pG|\x1cH\
\xb9;}\x108:S.\x03'\x22n\x92\xb4\x17\xb0\
\x7fb\xa8\xdd$\x1d\x16\x11w\xf42\xd8\x05@\x0bI\
\xda\x00\xf8\x06\xf0Z y\xa3\x88\x0d\x16I\xd7\x01\xfb\
\x00\xc7\xd4w\x13\x03G\xd2\xaa\xa4\xb7~}\x06\xf8H\
D\xe48Y\xcd\xfa\xa4>\xeb\xe1\x93\x89a\x0e\xed\xc0\
\xf9\x0e\x07Pm\x0a\x5c3!\xc6|T\xabl;\xf5\
2\xd8\x8f\x00ZF\xd2\xae\xc0YT\xaf\xdex\xf2o\
\xa7\x97\x00?\x01~,iP\x8b\xf8\xbdH\xbf\xc18\
(\x22.\xca\x90\x8b\xf5\xd7\xfb\x80e\x12\xc6?\x09\x1c\
\x92)\x97\x81U\xb7\x0a\xfe\x10\xf0tb\xa8\x1d$\xf5\
\xd4h\xc9\x05@\x8bH\xfa/\xaa\xe5RO\xfc\xdd\xb0\
-\xf0\x95\xd2I\xccN\xd2j\xc0\xd6\x89a\xee\x00\xbe\
\x9c!\x1d\xeb\xa3\xfa\xd5\xb4\xd4\xc6?\xff\x13\x11w\xe7\
\xc8g\xd0E\xc4\xe5\xa4w9\x9c\x9b\x1e;c\xba\x00\
h\x89\xba\xcfz\xae\xe3'mx|A\xd2J\xa5\x93\
\x98\xcd\x17I\xff\xd9\xb2{\x07\x96\x80\xdb\xe8M\xc0\x1a\
\x09\xe3E{\x1a\xffL\xd4^@\xea\x89\x96\xdbJZ\
e\xb2\x83\x5c\x00\xb4\xc7\x16\xc0\xf2\xa5\x93\xb0\xbe\x9bF\
\xfa\xb3\xf6l\xea\x1fB\xa9\xef'\xff\x058&C:\
\xd6\x7f\xbb&\x8e?\xb5ko|D\xc4t\xaa\x22 \
\xc54`\x8f\xc9\x0er\x01\xd0\x1eo,\x9d\x80\x15\xb3\
a\xe9\x04F\xf8\x22i\xef~\x0b\xd8uP77\xda\
\x9cIz9\xb0Qb\x98\xae\xbe\xf1q\x04\x90\xfav\
\xcf{%M\xaa\xe7\x86\x0b\x80\xf6X\xa9t\x02V\xcc\
J\xa5\x13\x00\xa8\x1fE\xbc71\xcc\xcf#\xe2\x9c\x0c\
\xe9X\xff\xedF\xda\xfe\xa3\xcb#\xe2\xcc\x5c\xc9\x0c\x93\
\xfap\xabI\xdf\xc1\xcff.\xaa\xf3\x06&\xcc\x05@\
{\xa4\xdcu\xd9p\x1b\x94\x1e\x0f\x9f\x22m\xe7\xff3\
\xc0\xde\x99r\xb1>\x92\xb4\x1c\xe9\x8f~\xbaz\xf7\x0f\
@D\xfc\x9a\xea\x0d\xae\x14\x1f\x95\xb4\xe8D\xbf\xd9\x05\
@{\xdcU:\x01+\xa6\xa7& 9\xd5-I\xb7\
O\x0cstD\x5c\x93#\x1f\xeb\xbb\x9d\xa8v\xa3\xf7\
\xea\x0e\xe0\xb8L\xb9\x0c\xb3=\xa8\x1e\x83\xf5j!\xaa\
&L\x13\xe2\x02\xa0=\xce+\x9d\x80\x15sn\xe9\x04\
\xa8^I\x5c,a\xfcST\xcd\x8dl\xc8HZ\x10\
\xd811\xcc\xc1\x11\xf1T\x8e|\x86YD\x5c\x08\xfc\
.1\xccN\x92&\xb4*\xe8\x02\xa0=~\x01\xfc\xb3\
t\x12V\xc4OJ^\xbc~\xf7\xbb\xa7Nd#\x1c\
\x19\x117gH\xc7\xfa\xef\xc3\xa4\x15\x7f\xd3\x81\xc32\
\xe5\xd2\x06\xa9\x85\xf0\xb2\xc0\xdb'\xf2\x8d.\x00Z\x22\
\x22\xfe\x01|\xbdt\x1e\xd6w\xc7\x0f\xc0y\xe9\x9b\x02\
\xab%\x8c\x7f\x9a\xaau\xb5\x0d\x19IS\x99\xe4\xc6\xb3\
Q\x1cY\xff\xfc2\xa0\xfe\xf3\x9c\xba\x11vB+2\
.\x00\xdae\x7f\xfc\x1c\xadK.\xa1:U\xac\xb4\x1d\
\x12\xc7\x1f\x17\x11\xb7f\xc9\xc4\xfamK\xa0\xa76\xb4\
\xb5gH\xef\x84\xd7F\xa9\x05\xf1F\x13i\x0c\xe4\x02\
\xa0E\xeaWI\xde\x0b\xec\x0e\xb8\x8bZ{=\x03|\
\x1fxcD<X2\x91\xfa\xd8\xd7\xcd\x13\xc3\x1c\x94\
#\x17+b\x97\xc4\xf1'D\xc4\x8dY2i\x91\x88\
8\x85\xaa\xc0\xef9\x04\xf0\x91\xf1\xbeiP\x0f\x12\xb1\
\x1e\xd5E\xc07%\x1d\x02\xbc\x05x\x19\xd5q\xc0>\
\x1f`\xf8=\x08\x5c\x0f\xfc&\x22R[\x87\xe6\xf2>\
`\x9e\x84\xf1\x7f\x8c\x88\xbf\xe4J\xc6\xfaG\xd2zT\
\x87\x8e\xa5\xe8Z\xdb\xdf\xc9\xf8\x16\xf0\xbf\x09\xe3?$\
i\xcf\xb16W\xba\x00h\xa9\xba\xbd\xe4\xb1\xa5\xf3\xb0\
\xd6\xdb.q\xbc'\x80\xe1\x95\xda\xf6\xf7\xdcz\xd7\xbb\
\x8d\xee\x17T\x7f>\x96\xedq\xfc\x92\xc0\x9b\x81_\xcf\
\xe9\x1b\xfc\x08\xc0\xcczR\xb7~M9\xcb\xfcV\xe0\
\x94L\xe9X\x1fIZ\x19x[b\x98N7\xfe\x19\
O}\x5c\xf0Q\x89a\xde3\xd6o\xba\x000\xb3^\
m\x978\xfe\x88\xfa\x91\x95\x0d\x9f]H\xeb>z=\
pR\xa6\x5c\xda\xec\x87\xc0\xcc\x84\xf1[HZhN\
\xbf\xe9\x02\xc0\xcc&\xad~\xf7\x7f\xab\x84\x109\xeen\
\xac\x00I\x8b\x93\xe1\xd1OD\xa4Ll\x9d\x10\x117\
\x01\xa7'\x84\x98\x1f\xf8\xaf9\xfd\xa6\x0b\x003\xeb\xc5\
\xab\x81I\x9d<6\x9b\xdfDD\xf1\x16\xc6\xd6\x93O\
\x00\x0b$\x8c\x7f\x90\xc2\xcd\xab\x86\xcc\x11\x89\xe3\xe7\xf8\
\x18\xc0\x05\x80\x99\xf5\xe2\x1d\x89\xe3\x7f\x94%\x0b\xeb+\
I\xf3\x00\x9fL\x0c\xf3\xfd\x88\xf0k\xca\x13w\x12p\
w\xc2\xf8\x8d%\x8d\xda\xa9\xd1\x05\x80\x99\xf5b\xcb\x84\
\xb1\x0f\x02\xa7\xe5J\xc4\xfa\xea}\xc02\x09\xe3\x9f\x04\
\x0e\xc9\x94K'D\xc4\x0c\xd2^\x07\x9c\x0b\xd8l\xb4\
\xdfp\x01`f\x93R\xef\xfe\x7fiB\x88\xe3}\xf0\
\xcb\xd0Jm\xfb{LD\xf8\xe4\xd2\xc9\xfbE\xe2\xf8\
\xb7\x8e\xf6E\x17\x00f6Y[$\x8ew\xbb\xea!\
$i3\xe0\x15)!\x80\x033\xa5\xd35\xe7\x03\xb7\
'\x8c\xdfL\xd2\xbf\xf5\xfdq\x01`f\x93\xb5I\xc2\
\xd8\xbb\x81?\xe5J\xc4\xfa*\xb5\xf1\xcf\xef#\xe2\xca\
,\x99tLD\x088!!\xc4\xe2\xc0\xba\xb3\x7f\xd1\
\x05\x80\x99M\x98\xa4\x05\x18\xe5\x07\xc9$\x9c\xe0w\xff\
\x87\x8f\xa4W\x02\x1b%\x86q\xd7\xc74\xc7'\x8e\xff\
\xb7\xc7\x00.\x00\xccl2\xde\x00\xcc\x9d0\xfe\xb7\xb9\
\x12\xb1\xbe\xda\x95\xb4\xf3D\xfe\x0f83S.]u\
\x1ep[\xc2\xf8\x0dg\xff\x82\x0b\x003\x9b\x8c\x8d\x13\
\xc6>\x06\xfc1S\x1e\xd6'\x92\x96\x03\xde\x95\x18\xe6\
\xdb\xf52\xb6\xf5\xa8\xfe\xf7\xf7\x9b\x84\x10\xaf\x92\xb4\xe8\
\xc8/\xb8\x000\xb3\xc9Hy\xfe\x7fVD<\x9e-\
\x13\xeb\x97\x9dH[\xf5\xb9\x03\xf8y\xa6\x5c\xba\xee\x8c\
\x84\xb1S\x81\xd7\x8f\xfc\x82\x0b\x003\x9b\x10IK\x00\
\xab'\x84\xf0\xf2\xff\x90\xa9\xf7||41\xccw\xfd\
\xdag6g\x01){h\xfes\xe4/\x5c\x00\x98\xd9\
D\xbd\x86\xb4\xe7\xc0n\xfe3|>\x0c,\x910\xfe\
\x9f\xa4\xb7\xb2\xb5ZD\xfc\x03\xb8$!\xc4\x1bG\xfe\
\xc2\x05\x80\x99M\xd4k\x13\xc6\xde\x1e\x117f\xcb\xc4\
\x1a'i*\xe9\x8d\x7f\x8e\x8c\x88\x87r\xe4c\xff\x92\
\xb2\x99\xf2U\x92\x16\x9c\xf5\x0b\x17\x00f6Q\xafK\
\x18\xfb\xe7lYX\xbfl\x09\xac\x9c0\xfe\x19\xe0\xbb\
\x99r\xb1g\xa5\x14\x00S\x815g\xfd\xc2\x05\x80\x99\
\x8d\xab>\xfew\xed\x84\x10g\xe7\xca\xc5\xfaf\x97\xc4\
\xf1\xbf\x8c\x88\x1b\xb2db#\x9dCu\xa6B\xaf\xd6\
\x9a\xf57.\x00\xccl\x22V\x01F=Ql\x82\xbc\
\x020D$\xad\x07\xac\x93\x18\xc6\x8d\x7f\x1a\x10\x11O\
\x00W$\x84\xf8\x8fY\x7f\xe3\x02\xc0\xcc&\xe2\x95\x09\
c\x1f\x06\xfe\x9e+\x11\xeb\x8b\xd4\xbb\xffs#\xe2\x82\
,\x99\xd8h.N\x18\xeb\x15\x003\x9b\x945\x12\xc6\
^\xe2&0\xc3C\xd2\xca\xc0\xdb\x13\xc3|;G.\
6G\x7fM\x18\xbbj\xfdz\xa7\x0b\x003\x9b\x90\x94\
\xf7\xff/\xcd\x96\x85\xf5\xc3.T\x9b\xc5zu=p\
R\xa6\x5clt)+\x00S\x81\xd5\xc0\x05\x80\x99M\
L\xd2\x0a@\xb6,\xacQ\x92\x16\x07\xb6K\x0cs@\
D\xcc\xcc\x90\x8e\xcd\xd9U@JW\xcdU\xc0\x05\x80\
\x99\x8dC\xd2<\xa4\xbd\x0e\xe6\x02`x|\x1cX \
a\xfc\x83\xc0\xd1\x99r\xb19\x88\x88\xa7\x81\xcb\x13B\
\xbc\x14\x5c\x00\x98\xd9\xf8V\x05\xa6\xf58\xf6)\xe0\xba\
\x8c\xb9XC\xeaB\xef\x93\x89a\xbe\x1f\x11\x8f\xe6\xc8\
\xc7\xc6ue\xc2X\x17\x00f6!)w\xff7\xd6\
w+6\xf8\xde\x07,\x9b0\xfeI\xe0\x90L\xb9\xd8\
\xf8Rz,\xf8\x11\x80\x99M\xc8\x0b\x12\xc6\xfa\xee\x7f\
\x08\xd4\x8d\x9e>\x93\x18\xe6g\x11qW\x8e|lB\
\xaeO\x18\xfb\x12I\xe1\x02\xc0\xcc\xc6\x93R\x00\x5c\x9b\
-\x0bk\xd2\x9bH\xdb\xe8\x09p`\x8eDl\xc2R\
V\x00\x16\x04\x96p\x01`f\xe3\xf1\x0a@\xfb\xa56\
\xfe\xf9}D\xa4t\xa7\xb3\xc9KY\x01\x00X\xce\x05\
\x80\x99\x8dg\xc5\x84\xb1\xb7d\xcb\xc2\x1a!\xe9\xe5\xc0\
\xc6\x89a\xdc\xf8\xa7\xcf\x22b:pOB\x08\x17\x00\
f6\xae\x15\x12\xc6\xfa\x99\xf0\xe0\xdb\x0d\x88\x84\xf1\x97\
GD\xca\x09u\xd6\xbb\x94#\xb6]\x00\x98\xd9\x9c\xd5\
\x9b\xc3\x96L\x08qG\xae\x5c,?I\xcb\x01\xefN\
\x0c\xf3\x9d\x1c\xb9XO\xeeM\x18\xbb\xbc\x0b\x003\x1b\
\xcbB\xa4\xf5\x00x c.\x96\xdfN\xc0\xdc\x09\xe3\
\xef\x04\x8e\xcd\x94\x8bM\xde}\x09c\x97u\x01`f\
cY<a\xec\xdd>\x04hpIZ\x10\xd811\
\xcc\xc1\x11\xf1T\x8e|\xac'\xf7'\x8c]\xcc\x05\x80\
\x99\x8de\x89\x84\xb1\xbe\xfb\x1fl\xdb\x03\x8b%\x8c\x7f\
\x148\x22S.\xd6\x9b\x94\x02`!\x17\x00f6\x96\
\x94\x02\xe0\x91lYXV\x92\xa6\x02;'\x86\xf9a\
D\xb8\xc8++\xe5\x11\xc0\xc2.\x00\xccl,\x8b$\
\x8c\x9d\x9e-\x0b\xcb\xed\x1d\xc0\x8b\x12\xc6?\x03|7\
S.\xd6\xbb\x94\x02`\x11\x17\x00f6\x96y\x13\xc6\
z\x05`p\xed\x9a8\xfe.\xe0\x15\x92\x16\xcd\x91\x8c\
\xf5\xec\x9f\x09c\x17\xeeuw\xaf\x0d\x01I\xcb\x00\xab\
\x91\xf6\x1a\x97\xe53\x1d\xb86\x22R\xde\xdd\xed\xb7\x94\
\x1d\xe2.\x00\x06\x90\xa4\xcf\x00\xeb$\x86y>\xf0+\
\xe0\x19I\x17\x03g\x02g\x00\xe7E\xc4\x93\x89\xb1m\
\xe2f$\x8cu\x01\xd0F\x92\xd6\x05\xbe\x0e\xbc\x1e\x1f\
\xf84p$]\x09\xec\x13\x11\xc7\x95\xcee\x02\xe6I\
\x18\xfbD\xb6,,\x0bI\xff\x0f\xf8\xef\x8c!\xa7\x02\
\xaf\xad?{\x00\x8fK:\x97\xaa\x188\x03\xb84\x22\
ff\xbc\x9e=WJ\x010\xd5\x05@\xcbH\xfa8\
\xf0=<\xf1\x0f\xb25\x80c%m\x0e|x\xc0\x8f\
\xcbMY\x01\xf0\x0f\xfe\x01RO\xfe\x074|\x99\xf9\
\xa8\xda\x0a\xcfj-|\xbf\xa4?\x00\xe7\x02\xe7D\xc4\
_\x1b\xbe~\xd7\xa4\x14\x00S\x5c\x00\xb4\x88\xa4\xcd\xa8\
\xce\xe3Ni\xebi\xfd\xb3-\xd5\x89^_-\x9d\xc8\
\x18R\x0a\x80g\xb2eaI\xfa4\xf9\x8ffI`\
\xeb\xfa\x83\xa4\xbb\x80s\xa8V\x07~\x1b\x11\xee\x14\x99\
&\xa5\x07\xc3\x14\xdf%\xb6\x84\xa4\xb9\x80\xc3\xf1\xe4?\
l\xf6\x94\x94r\xda^\xd3\xa6&\x8cu\x010\x00\x1a\
X\xf6O\xb1,U1p\x18p\xab\xa4K%}K\
\xd2\x9b$\xcd_8\xb7a\x94\xb4\x02\xe0\x02\xa0=6\
'\xed\xd0\x16+c.\xe0\xa3\xa5\x93\x18C\xca\x0f\x18\
?\x02\xb9IW\x95\x00\x00 \x00IDAT(l\
\xc4\xe4?\x887\x06S\x80WQ\x1dF\xf4{\xe0A\
I\x7f\x90\xb4\xa7\xa4u\xea^\x056\xb6\x94\x22;\x5c\
\x00\xb4\xc7F\xa5\x13\xb0\x9emX:\x811\xa4,1\
\xfa\x11cA\x03>\xf9\x8ff\x1e`\x03`\x1f\xe0|\
\xe0\x01I'J\xdaI\xd2jE3\x1b\x5c)\xaf\xe9\
\xfa\x0fh\x8b\xacT:\x01\xeb\xd9\xca\xa5\x13\x18C\xca\
\x0a\xc0|\xd9\xb2\xb0I)\xf8\xcc?\xa7E\x80\xb7\xd7\
\x1f$\xdd\x03\xfc\x99j\xff\xc0\xef#\xe2\xd6\x82\xb9\x0d\
\x8a\x94\xc7&\x8f\xbb\x00h\x8f\xb9J'`=\x1b\xe4\
\xffv)+\x00.\x00\x0ah\xc9\xe4?\x9a\xa5y\xee\
\x86\xc2\x1by\xf6u\xc33\x22\xe2\xa1\x82\xb9\x95\x92R\
\x00<\xe6\x02\xa0=\xee*\x9d\x80\xf5l\x90\xff\xdb\xb9\
\x00\x18\x22-\x9e\xfcG\xb32\xb0C\xfdyF\xd2e\
<[\x10\x9c\xdd\x91\x86DI\x05\x80\xf7\x00\xb4\xc7\xf9\
\xa5\x13\xb0\x9e\x9d[:\x811<\x9e0\xd6\xbb\xba\xfb\
h\xc0v\xfb\xf7\xdbT\xe0?\x80\xcf\x03\xa7S\xed\x1f\
8E\xd2\xae\x92^)iX\xf6ALVJ\x91\xfd\
\xb8\x0b\x80\xf68\x9e\xb4\xbe\xd0V\xce\xd1\xa5\x13\x18C\
\xca\xb2\xaa\xfb\xc4\xf7\xc9\x88;\xff\xb6Nt\x93\xb5\x00\
\xf0f\xe0\xdb\xc0e\xc0\xbd\x92\x8e\x93\xb4\x83\xa4\x17\x96\
M-\xab\x94\x22\xfbQ\x17\x00-Q?\xff\xfaV\xe9\
<l\xd2N\x8c\x88A^\xbdI9\xee\xf5y\xd9\xb2\
\xb09j\xe8\xce\xff>@\x99c\x964\xab!\xd1a\
\xc0\x8d\x92\xae\x93\xf4\x03I[IJ9\xf2\xba\xb4\xc5\
\x12\xc6Nw\x01\xd0._\x07N,\x9d\x84M\xd8\x15\
\x0cv\x0f\x00\x80\x07\x13\xc6.\x95-\x0b\x1bUCw\
\xfegS=__\x1a\xd8\x86\xaa\xc1\xd8M\x19\xe3\x0f\
\x82\x17\x03;R\xad\x9c\xde+\xe9*I\x87I\xdaZ\
\xd2B\x85s\x9b\x8c\xe5\x12\xc6\xde\xeb\x02\xa0E\xea\x9e\
\xf2[\x03{\x91\xf6\xec\xd6\x9a5\x138\x12\xd8 \x22\
\xee/\x9d\xcc8R\x0a\x80%$\xf9gLC\x1a\xda\
\xf0w6\xf0\x96\x88\xf8gD\xdc\x17\x11\xc7G\xc4\x8e\
\x11\xb12\xf0\x22\x9e\x9d4SV\x86\x06\xcd\x14\xe0e\
T\x9b\x09\x8f\xa3jHt\xb1\xa4oJ\xda\xb8\xee\xb2\
:\xa8\x96M\x18{\x8f\xdf\x02h\x99\xba\x08\xd8[\xd2\
w\x81\xb7R\x1d<\xb3,\x89\x0d#,\xd9\xd3\xc0=\
\xc0\xb5\xc0o\x22\xe2\xb6\xc2\xf9LHD\xfcS\xd2S\
\xf4v&\xc0T\xaa%\xca6M\x16\x03\xa1\xa1e\xff\
\xb3\x80-\x22\xe2\xb1\xd1~\xb3>\xc6\xfap\xe0\xf0\xba\
\xb0[\x93\xea\xd0\x9f\x8d\x80\xf5i\xcf[\x1f\xd3\xa86\
\x14\xce\xdaT\xf8\x90\xa4?\xf2\xec\xeb\x86\xd7\x16\xccm\
v\xcb$\x8c\xbd\xcf\x05@K\xd5{\x02~Z:\x0f\
k\x85\xfb\x80\xe5{\x1c\xfb|\x5c\x00d\xd5P\x87\xbf\
1'\xff\xd9\xd5G\xfc\xfe\xb5\xfe\xec'i^`=\
\xaab`c`-\xd2\xce\x91\x18$\x8b\x01\xef\xa8?\
H\xba\x8d\xaa\x188\x1383\x22\xee.\x98[\xca\x0a\
\x80\x1f\x01\x98\xd9\xb8RV+V\xca\x95\x845\xfa\xcc\
\xff\xed\x13\x9d\xfcG\x13\x11OD\xc4\x99\x11\xb1GD\
\xbc\x86\xea\x0d\x90M\x80\xfd\xa8\x8a\x846Y\x01\xf8\x10\
p\x0cp\x97\xa4\x1bF\xec\x1f\xe8\xf7\x9b/){\x00\
\xfc\x08\xc0\xcc\xc6u\x0b\xb0N\x8fc\x07\xb9\xcd\xf1P\
)\xb1\xec\xdf\xab\x88\xf8'\xcf6\xe5\xa1>\xf1r\xd6\
\xea\xc0FT\x1b\x0c\xdbbdC\xa2\x19\x92.\xa4Z\
\x1d8\x03\xb80\x22R\xdai\xcfQ\xbd7a\xc9\x84\
\x10w\xba\x000\xb3\xf1\xa4\xf4\x5c_)W\x12]\xd6\
\xe0\x86\xbf\xa4;\xff\x89\xaa\xfb\xf6\x1fU\x7f\x90\xb42\
U1\xb01\xb0)U\xdf\xff6\x98\x8bj?\xc4\xfa\
\xc0W\x80\xc7$\x9d\xc7\xb3\xc5\xd0%\x11\x91\xeb\xf5\xca\
\x17\x93\xf6\x98\xe5F\x17\x00f6\x9e[\x12\xc6z\x05\
 \xd10\xdd\xf9O\xd4l\x1b\x0a\xe7\x02^\xcb\xb3\xab\
\x03\xeb\xd0\x9e\x83\xea\xe6\xe7\xd9B\x07\xe0\x1eI\xb3V\
\x07\xceH\xdc\x0c\xbcj\xc2\xd8\xfb#\xe2\x91\xb6\xfcK\
6\xb3\xe6\xa4\xac\x00\xbc4[\x16\x1d4\xecw\xfe\x13\
Q/\x91\x9fS\x7f\xf6\x92\xb4\x00\xf0:\x9e\x9d8\xd7\
\xa2=\x1d\x0e\x97\x06\xde[\x7ff?\xd0\xe8\xcc\x88\x98\
\xcck\xb7)G$\xdf\x00\xed\xa9\xb2\xcc\xac97&\
\x8c}\x91\xa4\xf9\x07e\xb2\x19&m\xbc\xf3\x9f\x88\x88\
x\x94\xe7\xee\x1fX\x86je`\xd6\x1e\x82\x15\xcae\
\x97\xdd\xec\x07\x1a]\xc2\xb3o\x18\x9c\x1b\x11O\x8c1\
6e\x05\xe0&p\x01`f\xe3\xbb\x96\xeaT\xc0^\
z\x01\xccj\xb2rq\xd6\x8cZn\x10^\xf5\x1b\x14\
\xf5kv\xffS\x7f\x90\xf4R\x9e-\x066 \xad\x1d\
\xee \x99\x0a\xac]\x7fv\x07\x1e\x97t\x0e\xcfn(\
\xbc\xb4~\xfdr\x96\x94\x02\xe0Fp\x01`f\xe3\x88\
\x88\x19\x92\xae\xa5j*\xd5\x8b\x97\xe3\x02`\xc2<\xf9\
\x8f-\x22\xae\x01\xae\x01\x0e\x954\xeb\x14\xc0Y\xfb\x07\
\xd6\xa5=M\xcf\xe6\xa3z\x95r\x93\xfa\xd7\x0fH\xfa\
\x03U1p\x16i\x05\xc0\xdf\xc0\x05\x80\x99M\xccU\
\xf4^\x00\xf4:\xaes<\xf9OND<\x03\xfc\xa5\
\xfe|]\xd2|T;\xf0g\x15\x04kR\xadB\xb5\
\xc1\x12\xc0V\xf5'\xd5\x15\xe0\x02\xc0\xcc&\xe6o\x09\
c\xd7\xce\x96E\x8bua\xc3_\xd3\x22\xe2q\xe0\xf4\
\xfaC}\xb0\xcf\xac7\x0c6\xa6Z-\xe8\xba'\x81\
\xab\xc1\x05\x80\x99M\xcc\x95\x09c_-i\xee\x88x\
*[6-\xd3\xf4\xc1>\x99\xe3\x0e\x8d\x88\x98\xces\
7\x14.\xcb\xb3+\x04\x9b\xd3{\x8b\xeba\xf6\xb7Y\
\xcd\x89\xda\xb24bf\xcd\xba4a\xec|\xc0+s\
%\xd26\x0d\xee\xf6\xdf\xac\xcb\x93\xffh\x22\xe2\xaeY\
'\x1cR\xbdM\xb0&\xb0\x1b\xf0{\xe0\xd1\xa2\xc9\xf5\
\xcf\x15\xb3\xfe\xc6\x05\x80\x99\x8d+\x22n\x02\xeeM\x08\
\xf1\xba\x5c\xb9\xb4\x89\x9f\xf9\x97\x13\x11\x8a\x88\xcb\x22\xe2\
;\x11\xf1f`q\xaa\xb7\x0a\xf6\x01\xce\xa7:\xc1\xb3\
\x8d.\x9b\xf57.\x00\xccl\xa2.L\x18\xbbn\xb6\
,Z\xc2\x93\xff`\x89\x88\xa7\x22\xe2O\x11\xf1\xe5\x88\
X\x97j\xd3\xdd\xdb\x81\x83I\xdb\x033h\xce\x9f\xf5\
7.\x00\xccl\xa2R\x0a\x80\x0d$\xb5\xa5\x9b[\xb2\
A=\xd5\xcf\x9e\x15\x11\x8fD\xc4I\x11\xb1sD\xac\
\x0e,\x03lC\xd5\xc28\xa5;fI\x8f3\xe2q\
\x9e\x0b\x003\x9b\xa8\x0b\x12\xc6.\x8d\xf7\x01\x00\xde\xf0\
7\xac\x22\xe2\x9eY\xfb\x07\x22bE\xe0E\xc0\x8e\xc0\
\xf1\xc0Ce\xb3\x9b\xb0\xbf\x8c\xdc\x8c\xeb\x02\xc0\xcc&\
\xea\x22`\xe6\xb8\xdf5g\x9b\xe6JdXy\xc3_\
{D\xc4\x8d\x11qxDl\x03,E\xf5\x98\xebK\
\xc0\x9f\xa8:g\x0e\xa2\xf3F\xfe\xc2\x05\x80\x99MH\
D<B\xda\xdb\x00\x9b\x8c\xff-\xed\xe5e\xff\xf6\x8a\
\x88\xa7#\xe2\xfc\x88\xd87\x226\xa0jO\xbc\x09\xb0\
\x1f\xf0W\xd2\x0a\xe7\x9c\xce\x19\xf9\x0b\xf7\x010\xb3\xc9\
8\x8d\xde\x9b\xa9\xac/i\x81\xfa\xb0\x97N\xe9\xea\xc1\
>]U\xff7\x19\xd9\x7f\xe0y\xc0\x86<\xdb\xa1\xf0\
\x85\x05\xd2z\x1a\xaf\x00\x98Y\x823\x12\xc6\xce\x0bl\
\x96+\x91a\xe1;\x7f\x8b\x88\xfb\x22\xe2\xd8\x88\xf8h\
D\xac\xcc\xb3\xfb\x07~\x0a\xdc\xd9\xa74.\x88\x88\x7f\
\x8c\xfc\x82\x0b\x003\x9b\x8csHk\x98\xf2\xce\x5c\x89\
\x0c\x03o\xf8\xb3\xd1\x8c\xd8?\xb0mD,\xcfs7\
\x14No\xe8\xb2\xa7\xce\xfe\x05\x17\x00f6a\xf5\x0e\
\xe2s\xc6\xfd\xc69{\xab\xa4\xb6\x9c\xd66\xa6\x86\x96\
\xfd=\xf9\xb7\xd0l\x1b\x0a\x17\x07^\x0d|\x81j\xc5\
mF\xa6\xcb\xfc~\xf6/\xb8\x000\xb3\xc9:-a\
\xecBT\xcfA[\xad\xc1&?\xde\xed\xdfr\xf5\x86\
\xc2\xbfF\xc4~\x11\xb1\x09\xd5\x1b\x06[\x02)\x8f{\
\xee\x03.\x99\xfd\x8b.\x00\xccl\xb2~\x9d8~\xeb\
,Y\x0c(w\xf8\xb3\x9c\xea\xe7\xf6\xb7\x03\xf3'\x84\
9-\x22\xfe\xedM\x04\x17\x00f6)\x11q\x03p\
yB\x88wJZ0W>\x83\xa4\xa1\xc9\xdf\x1b\xfe\
l\xdb\xc4\xf1\xbf\x1c\xed\x8b.\x00\xcc\xac\x17\xa3\xfe@\
\x99\xa0\x05h\xe1f\xc0\x06'\x7f?\xf3\xef0Is\
\x01\xefN\x08\xf1\x18\xa3l\x00\x04\x17\x00f\xd6\x9b\x13\
\x12\xc7\x7f0K\x16\x03\xc2\x93\xbf5hs`\xc9\x84\
\xf1'\xcf\xa9\xf7\x86\x0b\x003\x9b\xb4\x88\xb8\x0a\xb8&\
!\xc4\x06\x92J4C\xc9N\xd2\xa7\xf1\x86?kN\
j\xb1<\xc7b\xdd\x05\x80\x99\xf5\xea\xf8\x84\xb1\x01|\
8W\x22\xa5\xd4\x93\x7f\xee&?\xde\xf0g\x00HZ\
\x01xkB\x88\xc7\x80S\xe6\xf4\x9b.\x00\xcc\xacW\
?\x01\x940~\x87a\xee\x09\xe0\xc9\xdf\xfa\xe0c\xa4\
\xb5\xec?i\xac\xd6\xdb.\x00\xcc\xac'\x11q\x1d\xb3\
\xf5\x16\x9f\xa4\xe7\x91\xb6\xb9\xa9\x18\xb7\xf7\xb5\xa6I\x9a\
\x07\xf8Hb\x98\x1f\x8d\xf5\x9b.\x00\xcc,\xc5\x8f\x13\
\xc7\xef\x9c#\x89~\xf2\x86?\xeb\x93wS5\x01\xea\
\xd5\xcdT+Js\xe4\x02\xc0\xccR\x1cGZ\x87\xb2\
5%\xad\x9f+\x99\xa6y\xc3\x9f\xf5\xd1N\x89\xe3\x8f\
\x1a\xad\xf9\xcfH.\x00\xcc\xacg\x11\xf1\x08i=\x01\
\x00>\x9f#\x97\xa6y\xd9\xdf\xfaE\xd2f\xf4~\xec\
6\xc0L\xe0\xe8\xf1\xbe\xc9\x05\x80\x99\xa5:,q\xfc\
\xe6\x92\xd6\xcc\x92IC|\xe7o}\xf6\xc5\xc4\xf1\xa7\
E\xc4-\xe3}\x93\x0b\x003K\x12\x11\xe7\x00\x17\xa5\
\x84 \xfd\x07^c|\xe7o\xfd$i\x03 \xf5\xb1\
\xd8A\x13\xf9&\x17\x00f\x96\xc3\xc1\x89\xe3\xb7\x94\xb4\
F\x96L2\xf2\x86?+ \xb5\x18\xbe\x96\x09\x9e\xd8\
\xe9\x02\xc0\xccr8\x16\xb8;a|\x00{f\xca%\
\x0b/\xfb[\xbf\xd5\x1bbS\x8f\xcb>`\xbc\xcd\x7f\
\xb3\xb8\x000\xb3d\x11\xf1\x14\xf0\x83\xc40\xdbHz\
]\x8e|Ry\xd9\xdf\x0a\xf9f\xe2\xf8\x07\x81\x9fN\
\xf4\x9b]\x00\x98Y.?\x00\x9eH\x18\x1f\xc0\xd73\
\xe5\xd23\xdf\xf9[\x09\x92\xb6\x04\xd6K\x0cs\xf8X\
\x9d\xfff\xe7\x02\xc0\xcc\xb2\x88\x88{\x80\x1f&\x86\xd9\
@RJ\xef\xf3$\xbe\xf3\xb7\x12$M\x03\xf6M\x0c\
\xf3\x04\xf0\xdd\xc9\x0cp\x01`f9\xed\x07<\x99\x1a\
C\xd2\xd4\x1c\xc9L\x86\xef\xfc\xad\xa0\x8f\x00\xab%\xc6\
84\x22\xee\x9a\xcc\x00\x17\x00f\x96MD\xdc\x0e\x1c\
\x99\x18\xe6e\xc0'3\xa43a\xbe\xf3\xb7R$-\
\x0e|51\xcc\x13\xc0w&;\xc8\x05\x80\x99\xe5\xf6\
\x0d\xe0\xa9\xc4\x18\xfbHZ.G2\xe3\xf1\xab~V\
\xd8~T\x07c\xa584\x22\xee\x9c\xec \x17\x00f\
\x96UD\xdc\xc6\x04\xda\x90\x8eca\xe0\xdb\x19\xd2\x19\
\x93'\x7f+I\xd2\xda\xc0\xf6\x89az\xba\xfb\x07\x17\
\x00f\xd6\x8c\xbdI;$\x08\xe0=\x926\xca\x91\xcc\
h<\xf9[I\xf5>\x97\xc3H\x9f\x87\x0f\xec\xe5\xee\
\x9f\x0c\x1763\xfb7\x11q\x07\x13lG:\x8eC\
%\xcd\x9f!\xcesx\xc3\x9f\x0d\x80\xcf\x00\xa9g`\
\xdcGB\xef\x00\x17\x00f\xd6\x94o\x90\xd6\x1d\x10`\
\x152\xf7\x06\xf0\x86?+M\xd2\xaa\xa4o\xfc\x03\xd8\
;\x22\x1e\xeeu\xb0\x0b\x003kDDL'\xcf\x0f\
\xb9\x9d\xea\x03R\x92y\xd9\xdfJ\xab\xdf\xf9?\x1a\x98\
/1\xd45\xc0\xe1)\x01\x5c\x00\x98Y\x93\x0e\x07\xae\
J\x8c1\x058J\xd2B)A<\xf9\xdb\x80\xd8\x03\
xM\x868\x9f\x8b\x88\x19)\x01\x5c\x00\x98Yc\x22\
\xe2\x19\xe0\xb3\x19B\xadD\x8f;\x9d\xc1\xcf\xfcm0\
HZ\x93<G_\x9f\x1a\x11'\xa5\x06q\x01`f\
\x8d\x8a\x88\xdf\x01\xc7g\x08\xf5QI\xef\x9b\xec ?\
\xf3\xb7A iA\xe0g\xc0\xdc\x89\xa1\x1e'S\xa3\
,\x17\x00f\xd6\x0f;\x03\xff\xc8\x10\xe7\x07\xf5\x06\xaa\
\x09\xf1\xb2\xbf\x0d\x90\x1f\x00\x13\xfe\x7fw\x0c\xfbF\xc4\
\x0d\x19\xe2\xb8\x000\xb3\xe6E\xc4\xdd\xc0\x9e\x19B-\
\x08\x1c'i\xdc\x0dT\x9e\xfcmPH\xfa$0\xe9\
\xd5\xabQ\x5cC\xc2\xa3\xb0\xd9\xb9\x000\xb3~\xf9>\
pA\x868/\xa7Z\xd2\x9f#?\xf3\xb7A!\xe9\
?\xc83i\x0b\xd8!\x22R\x0f\xdb\xfa\x17\x17\x00f\
\xd6\x17\x111\x13\xd8\x91\xf4s\x02\x00v\x94\xb4\xc3h\
\xbfQO\xfe\xb9\x9f\xf9\x9f\x05l\xe1g\xfe6\x19\x92\
\x96\x06N\x00\xe6\xc9\x10\xee\xfb\x11\xf1\xe7\x0cq\xfe\xc5\
\x05\x80\x99\xf5MD\x5c\x01\xec\x95)\xdc\xf7$m8\
\xf2\x0b\xde\xf0g\x83B\xd2\xdc\xc0\xb1\xc0\x8a\x19\xc2\xdd\
\x08|>C\x9c\xe7p\x01`f\xfd\xb6\x1f\xf0\xa7\x0c\
q\xe6\x02\x8e\x97\xf4b\xf03\x7f\x1b8\x87\x00o\xc8\
\x10g&\xb0]\x13\xff\x0f\xba\x000\xb3\xbe\xaa\x1f\x05\
l\x0fL\xcf\x10nq\xe0\xd7\x92\xf6\xc0\xcf\xfcm@\
H\xfa\x1c\xf0\x91L\xe1\xf6\x8b\x88\xb33\xc5z\x0e\x17\
\x00f\xd6w\x11q#\xd5a(9\xbc\x0c\xf8\x1a~\
\xe6o\x03@\xd2\x1b\xa9\xce\xc1\xc8\xe12\xf2=2\xfb\
7.\x00\xcc\xac\x88\x88\xf8\x11pb\xe9<F\xe1\xc9\
\xdfz\x22i^\xe0'\xe4\x99[\xa7\x03\xef\x8e\x88\x1c\
\x9bfG\xe5\x02\xc0\xccJ\xfa\x10\x90\xa5\xa9I&\x9e\
\xfc-\xc5{\x80\xe7g\x8a\xb5CD\x5c\x93)\xd6\xa8\
\x5c\x00\x98Y1\x11\xf1\x0f`K`\x10&\x5c\xef\xf6\
\xb7T\x9be\x8asHD\xfc<S\xac9r\x01`\
fE\xd5\xaf\x06~\xaap\x1a\xde\xf0g9\xbc0C\
\x8c\xbf\x02\xbbf\x883.\x17\x00fV\x5cD\x1c\x05\
\xfc\xb0\xd0\xe5\xbd\xeco\xb9\xa4\xfe?\xf4\x00\xb0u\xce\
n\x7fcq\x01`f\x83b'\xe0\xa2>_\xd3\x93\
\xbf\xe5ti\xc2\xd8\x19\xc0V\x11qS\xaed\xc6\xe3\
\x02\xc0\xcc\x06BD<\x01\xbc\x0d\xb8\xa5O\x97\xf43\
\x7f\xcb\xedg\x09cw\x8a\x88?\xe6Jd\x22\xa6\xf5\
\xf3bf\xbd\x92\xf4R\xe0\xc5\xc0\xfc\xa5s\x99\x83\x7f\
\x00WF\xc4]\xa5\x13\x19f\x11q\xb7\xa4-\x80s\
\x80\x85\x1b\xbc\x94\xef\xfc-\xbb\x88\xb8H\xd2\xc9\xc0\x16\
\x93\x1cz`D\x1c\xd6DNcq\x01`\x03K\xd2\
T\xe0\x83\xc0\x17\x80\x97\x14Ng\x22$\xe9\x5c\xe0+\
\x11qV\xe9d\x86UD\xfc\x9f\xa4m\x80\xdf\xd0\xcc\
\xcf(O\xfe\xd6\xa4\x1d\xa8N\xbd\x9c\xe8\x19\x00\xbf\x03\
vk.\x9d9\xf3#\x00\x1bH\x92\x16\x02N\x02~\
\xc4pL\xfePu\xa2[\x1f8C\xd2\xd7%\xe5\xec\
L\xd7)\x11q*\xcd\xbc\x19\xf0\x04\xf0\x11O\xfe\xd6\
\x94\x88\xb8\x1b\xd8\x08\xf8\xfb\x04\xbe\xfdwT\xcf\xfd\x9f\
i6\xab\xd1\xb9\x00\xb0\x81S\xdf\xf9\xff\x1cxK\xe9\
\x5cz\x14\xc0\xee\xc0\x17K'2\xcc\xea%\xd1\x5c-\
Ug\x99\x17\xf8\xa3\xa4Wf\x8ek\xf6/\x11q\x03\
\xb06\xf0uF?\xf3b:\xd5\xe9~E\xf7\xa0\xf8\
\x11\x80\x0d\xa2\xed\x19\xde\xc9\x7f\xa4\xbd$\xfd*\x22\xae\
*\x9d\xc8\xb0\x8a\x88=$-\x0c|2c\xd8\x17\x00\
\xe7Hz\x7fD\xfc:c\x5c\xb3\x7f\x89\x88G\x81/\
J\xda\x97\xeaT\xc0\x97\xd6\xbfu=pVD<^\
,\xb9\x9a\x0b\x00\x1bD\xd9\xcf\xbd.d*\xf0Y`\
\xbb\xc2y\x0c\xbb\x9d\x80\x05\xc8\xfb\xefqA\xe0\x97\x92\
\xf6\x06\xf6\xadO(4\xcb\xae\x9e\xe8\x7f_\x7f\x06\x8a\
\x1f\x01\xd8@\x91\xf42\xe0E\xa5\xf3\xc8h\x0b\xef\x05\
H\x13\x11\xa2:Z5wk\xd4)\xc0\xde\xc0\xe9\x92\
\x96\xca\x1c\xdbl\xe0\xb9\x00\xb0A\xf3\xe2\xd2\x09d\xb6\
x\xfd\xb1\x04\xf5&\xa9\x0f\x02\xa74\x10~C\xe0/\
\x92\xd6n \xb6\xd9\xc0r\x01`\x83f\x91\xd2\x094\
`\xb1\xd2\x09\xb4A},\xea;h\xe6\x08\xe1\x15\x81\
\xf3$\xedUoB5k=\x17\x006h\xbc\x5cn\
sT\x17\x01\xdb\x00\xbfh \xfc4\xe0+\xc0\xd9\x92\
Vn \xbe\xd9@q\x01`fC%\x22f\x00\xef\
\x06~\xda\xd0%^\x07\xfcU\xd2v\x0d\xc57\x1b\x08\
.\x00\xccl\xe8\xd4{\x02\xb6\x03\xbe\xdf\xd0%\x16\x05\
\x8e\x92\xf4{I/h\xe8\x1afE\xb9\x000\xb3\xa1\
\x14\x113#\xe2\x13\xc0\x9e\x80\x1a\xba\xcc\x9b\x80+%\
}\xca{\x03\xacm\x5c\x00\x98\xd9P\x8b\x88\xafQ\xad\
\x06\xcch\xe8\x12\x0b\x01\x07\x03\x17KZ\xaf\xa1k\x98\
\xf5\x9d\x1b\x01\x99\xd9\xd0\x8b\x88\x9fH\xba\x078\x9ej\
\xc2n\xc2\xab\xa86\x08\x1e\x0d\xec\xe1\x93\x1f\x87G\xfd\
\x18g3`\x0d\xe01\xe0\x1a\xe0\x94\x88\xb8\xa7hb\
\x85\xb9\x00\xb06\xb9\x05\xf8KC\xb1\xdfL\xd5=\xce\
\x06TD\x9c*\xe9u\xc0\xafi\xae\x99TP\xad6\
l-\xe9\xdb\xc0\xb7#\xe2\x9f\x0d]\xcb\x12IZ\x9d\
\xea\xcd\x8e-\xa9:s\x8e\xf4\x84\xa4\xef\x01{F\xc4\
\x93}On\x00\xb8\x00\xb06\xf9sDl\xdbD`\
I\xd7\xd1\xbe&E\xad\x13\x11WIz-p,\xd5\
\x89lMY\x80jb\xd9\xb1n'|d\xfd\x8a\xa2\
\x0d\x00I+Ruy|?\xff>\xf1\xcf2/\xd5\
1\xbc\xebJ\xda,\x22F;\xb4\xa7\xd5\xbc\x07\xc0\xcc\
Z%\x22\x1e\xa0Z\xee=\xb8\x0f\x97[\x86\xeaM\x84\
k%\xed i\xee>\x5c\xd3\xe6@\xd2\xf2\x92\x0e\xa2\
Z\xe2\xff s\x9e\xfcGZ\x178\xa6\xd1\xc4\x06\x94\
\x0b\x003k\x9d\x88x:\x22v\x06\xde\x07\xf4c\x89\
~E\xe00\xaaB\xe0\xe3\x92\xe6\xeb\xc35\xad&i\
%I\xdf\x07n\x00v\x06\xe6\x99d\x88\xb7I\xda&\
\x7ff\x83\xcd\x05\x80\x99\xb5VD\xfc\x8c\xea\x5c\xf6+\
\xfbt\xc9\x15\x81C\x81[\xea\xb6\xc2\xcf\xeb\xd3u;\
I\xd2Z\xf5\xa6\xcck\x81\x8f1\xf9\x89\x7f\xa4\xb6\x9c\
B:a.\x00\xcc\xac\xd5\x22\xe2j\xe0\xb5\xc0\x8f\xfb\
x\xd9\xe7Q\xed\x11\xb8E\xd2\x11\x92^\xdd\xc7k\xb7\
\x9a\xa4\xa9\x92\xde)\xe9\xcf\xc0_\x81m\x81\xb92\x84\
^\xabkM\x9f\x5c\x00\x98Y\xebE\xc4c\x11\xf1!\
\xe0]\xc0\x83}\xbc\xf4|TG\x19_$\xe9\x22I\
\x1f\x96\xe4\xb7IzP/\xf3\x7f\x15\xb8\x99\xea,\x88\
\xd77p\x99W4\x10s`\xb9\x000\xb3\xce\x88\x88\
\xe3\x80\x97\x03\xa7\x16\xb8\xfc\xab\x81\x1f\x02wK\xfa\xa9\
\xa4M\xdd]pl\x92\x16\x94\xf4>I\xa7Q=\xdf\
\xff\x12\xf0\xfc\x06/\xb9p\x83\xb1\x07\x8e\x0b\x003\xeb\
\x94\x88\xb8\x93\xaa\xaf\xc3\xa7\x80G\x0b\xa4\xb0\x00\xd5\xeb\
i\xa7\x02\xb7J\xfa\xae\xa4\x0d\x5c\x0cT$\xcd'i\
KI\xc7\x01\xf7R\xed\xd0\xdf\x84\xfe\xccW\xf7\xf5\xe1\
\x1a\x03\xc3\x05\x80\x99uND(\x22\x0e\x01V\x07~\
W0\x95\xe5\x80\x9d\x80?\x00w\xd5\xfb\x05\xde!\xa9\
Sw\xa2\x92\x96\xae\x1f\x8f\x9c\x08\xdc\x0f\x9c\x00lM\
\xf5\x08\xa5_\x9e\x00.\xe8\xe3\xf5\x8as# 3\xeb\
\xac\x88\xb8\x05x\x8b\xa4\xf7\x02\x07\x00K\x15L\xe7y\
T\xfb\x05>\x02\xcc\x90t\x1e\xf0{\xe0O\xc0\xc5\xf5\
1\xc8\xad i~`}\xaafM\x1b\x01kR\xfe\
\x86\xf4']k\x06\xe4\x02\xc0\xcc:/\x22~&\xe9\
T\xe0kT\x13p\xe9\xe5\xf8\xb9\x807\xd4\x1f\x80\xc7\
$]\x00\x9cM\xd5\xee\xfa\xe2\x88\xb8\xb7Tr\x93%\
iy`\x1d\xe0u\xf5_\xd7\x06\x06\xa9i\xd2\xcdT\
\xa7Jv\x8a\x0b\x0033\xfe\xd5A\xf0c\x92~\x00\
\x1c\x04\xfcg\xe1\x94F\x9a\x1f\xd8\xb0\xfe\x00 \xe96\
\xe0b\xe0\xaa\xfas5puD<Q$\xc3*\xa7\
\x85\xa8Zf\xafN\xb5\xd9\xf2\x95\xf5_\x97+\x95\xd3\
\x04\x5c\x0b\xbc5\x22:\xf5\xfc\x1f\x5c\x00\x98\x99=G\
D\x5c&i\x03`\x1b`\x7f`P\xdf\x0d_\xa1\xfe\
\xbcc\xc4\xd7\x9e\x91t'\xd5\x1d\xedM\xf5_\xef\x04\
\xee\xa1\xda\xe0v\x1f\xd53\xf6G's\x00\x8e\xa4y\
\x81E\x81\xc5\xea\xcf\xb2\xc0\xf2\xf5_\x97\xa3:|\xe9\
\xc5\xc0\xd2)\xff@}\xf6$U\x1b\xe7=#\xa2\xc4\
f\xd0\xe2\x5c\x00\x98\x99\xcd&\x22\x04\x1c[oJ\xfb\
8\xb0\x07\xd53\xfaA7\x95g\x0b\x831\xdf\x93\x97\
\xf440\x1dx\x18\x989\xca\xb7,B\xf5\x5c~^\
\xfa\xbb\x19\xafiOS5\x85\xda'\x22n-\x9cK\
Q.\x00\xcc\xcc\xe6\xa0\xbeK>P\xd2\x11T\xaf\x0d\
\xeeN51\xb6\xc14\x9e\xbd\xa3\xef\x82\x99To\x17\
\xec\x19\x11\xd7\x96Nf\x10\x94\xdeuif6\xf0\x22\
\xe2\xd1\x88\xd8\x8fj\xa9{\x1f\xe0\xa1\xc2)\xd9\xc4\x89\
j\xe2\x7fEDl\xe3\xc9\xffY.\x00\xcc\xcc&(\
\x22\x1e\x88\x88/S\x1d\xfa\xf3y\xaag\xeb6\x98\x9e\
\x04\x8e\x02^\x15\x11[E\xc4U\xa5\x13\x1a4.\x00\
\xcc\xcc&)\x22\xa6G\xc4\xfe\xc0\x0b\x81\x1d\x80\xff+\
\x9c\x92=\xeb\x1e`/\xe0\x05\x11\xb1}D\x5cQ8\
\x9f\x81\xe5=\x00f\xcd{\xb7\xa4\x12\xefl\xcf\x00\xee\
\x02\xce\x8b\x88G\x0a\x5c\xbf\xf5\x22\xe2q\xe0\x08\xe0\x08\
I\xebS\x9dE\xff\x0e\xfc\xb3\xb5\x84\xcb\xa9\x8eb\xfe\
i\xfd\xdf\xc5\xc6\xe1\xffI\xcd\x9a\xb7O\xe1\xeb?U\
\xf7U\xdf\xb3\xee|g\x0d\x88\x88s\x80s$\xad\x08\
lW\x7fV*\x98R\x17L\xa7z\xbe\xff\xe3\x88\xf8\
S\xe9d\x86\x8d\x1f\x01\x98\xb5\xdf\xdcT\x87\xcf\x5c*\
i\xc3\xf1\xbe\xd9\xd2D\xc4-\x11\xb17\xd5\x86\xc1\x8d\
\x81\x9f\x01\xbe#\xcd\xe7i\xe0\x14\xe0\xbd\xc0\xd2\x11\xf1\
!O\xfe\xbd\xf1\x0a\x80Yw,\x06\xfcZ\xd2z~\
.\xda\xbc\x88\x98\x09\x9c\x09\x9c)i>\xaab`k\
`K\xaa\x13\x01mr\xfe\x06\xfc\x048:\x22\xee.\
\x9dL\x1bx\x05\xc0\xac[\x16\xa4z^\x1d\xa5\x13\xe9\
\x92\x88x<\x22N\x8e\x88m\xa9:\xe7}\x008\x9e\
\xaa\x09\x8f\x8d\xee\x09\xaa#\x93w\x02^\x14\x11\xabG\
\xc4~\x9e\xfc\xf3\xf1\x0a\x80Y\xf7\xbc\x86\xaa\xcf\xbd\x97\
M\x0b\xa87d\x1e\x03\x1c#i\x1a\xd5\xa9x\x9b\x03\
o\xa6\xea\xa1\xdfe\xb7S-\xef\xff\x168\xb3\xab-\
z\xfb\xc5\x05\x80Y7m\x8e\x0b\x80\xe2\x22\xe2i\xe0\
\x8f\xf5\xe7\xb3\x92\x96\xa6:\x01p\x83\xfa\xb3Z\xa1\xd4\
\xfa\xe5f\xe0<\xe0|\xe0\xec\x88\xb8\xbcl:\xdd\xe2\
\x02\xc0\xac\x9b^T:\x01\xfbw\x11q\x0fp\x5c\xfd\
A\xd2\xf3\xa8\x8e\xce]\x9bj\xe5fm\x86\xe3L\x82\
\xd1<\x01\x5cB5\xd9\x9f\x07\x9c\x1f\x11w\x95M\xa9\
\xdb\x5c\x00\x98uS[\xfa\xd9\xb7Z}D\xed)\xf5\
\x07\x00I+\x00/\x03\xd6\x18\xf1\xd7\xd7\x14Ipt\
\x8fP\x1dM\xfc\xf7\xfas5\xd5\x06\xbe\x9b\xea\x15\x0f\
\x1b\x10.\x00\xcc\xcc\x86HD\xdc\x06\xdcF\xb5A\x0e\
\x00I3\x81\xa67v\xce\xa4:N\xf8^\xe0\x0e\xaa\
\x8e{w\x01w\xd7\x7f\x7f'pcD\xdc\xdep\x1e\
\x96\x89\x0b\x003\xb3n[\x9b\xea\xc0\x9cYf\x1d\x13\
\xfc\x0c\xd5\xdd\xfc3\xee$\xd9N.\x00\xcc\xcc\xba\xed\
\xaf\x11\xa1\xf1\xbf\xcd\xda\xc6}\x00\xcc\xcc\xcc:\xc8\x05\
\x80\x99\x99Y\x07\xb9\x00033\xeb \xef\x010k\
\xdeIT;\xa5s[\x9e\xaa\xa1\x8f\x99\xd9\xa4\xb9\x00\
0k\xde\xfe\x11qn\xee\xa0\x926\xc2\x05\x80\x99\xf5\
\xc8\x8f\x00\xcc\xcc\xcc:\xc8\x05\x80\x99\x99Y\x07\xf9\x11\
\x80=G}L\xecr\xc0\xd24\xdfYl4+\x15\
\xb8\xa6\x99Y\xe7\xb8\x000\x00$-\x06|\x0ex\x1f\
\xb0B\xe1t\xcc\xcc\xaca.\x00\x0cI\xeb\x02\xbf\xa4\
\xba\xeb73\xb3\x0ep\x01\xd0q\x92^\x05\x9c\x06,\
P:\x1733\xeb\x1fo\x02\xec0I\xd3\x80\x9f\xe1\
\xc9\xdf\xcc\xacs\x5c\x00t\xdb\xd6\xc0j\xa5\x9303\
\xb3\xfes\x01\xd0m[\x96N\xc0\xcc\xcc\xcap\x01\xd0\
m/+\x9d\x80\x99\x99\x95\xe1\x02\xa0\xdb\x16+\x9d\x80\
\x99\x99\x95\xe1\x02\xa0\xdbJ4\xfa13\xb3\x01\xe0\x02\
\xc0\xcc\xcc\xac\x83\x5c\x00\x98\x99\x99u\x90\x0b\x0033\
\xb3\x0er\x01`ff\xd6A.\x00\xcc\xcc\xcc:\xc8\
g\x01X\xaf\xae\x00f4\x10wI`\xc5\x06\xe2\x9a\
\x99\xd9\x08.\x00\xacW\x9bE\xc4]\xb9\x83J\xfa(\
px\xee\xb8ff\xf6\x5c~\x04`ff\xd6A.\
\x00\xcc\xcc\xcc:\xc8\x05\x80\x99\x99Y\x07\xb9\x0003\
3\xeb \x17\x00fff\x1d\xe4\x02\xc0\xcc\xcc\xac\x83\
\x5c\x00\x98\x99\x99u\x90\x0b\x0033\xb3\x0er\x01`\
ff\xd6A.\x00\xcc\xcc\xcc:\xc8\x05\x80\x99\x99Y\
\x07\xb9\x00033\xeb \x17\x00fff\x1d\xe4\x02\
\xc0\xcc\xcc\xac\x83\x5c\x00\x98\x99\x99u\x90\x0b\x0033\
\xb3\x0er\x01`ff\xd6A.\x00\xcc\xcc\xcc:\xc8\
\x05\x80\x99\x99Y\x07\xb9\x00033\xeb \x17\x00f\
ff\x1d\xe4\x02\xc0\xcc\xcc\xac\x83\x5c\x00\x98\x99\x99u\
\x90\x0b\x0033\xb3\x0er\x01`ff\xd6A.\x00\
\xcc\xcc\xcc:\xc8\x05\x80\x99\x99Y\x07\xb9\x00033\
\xeb \x17\x00fff\x1d\xe4\x02\xc0\xcc\xcc\xac\x83\x5c\
\x00\x98\x99\x99u\x90\x0b\x0033\xb3\x0er\x01`f\
f\xd6A.\x00\xcc\xcc\xcc:\xc8\x05\x80\x99\x99Y\x07\
\xb9\x00033\xeb \x17\x00fff\x1d\xe4\x02\xc0\
\xcc\xcc\xac\x83\x5c\x00\x98\x99\x99u\x90\x0b\x0033\xb3\
\x0e\x9aV:\x013\xb3&I\x9a\x1bX\x1bX\x03X\
\x11X\x1c\x88\xa2I\xe5\xd7\xb6\x7f\x1e\xeb\x03\x17\x00f\
\xd6:\x92\xa6\x00\x9b\x03\x1f\x02\xde\x04\xcc_6#\xb3\
\xc1\xe3\x02\xc0\xccZE\xd2V\xc0>\xc0\xaa\xa5s1\
\x1bd.\x00\xcc\xac\x15$-\x05\x1c\x05\xbc\xa5t.\
f\xc3\xc0\x05\x80\x99\x0d=I\xff\x01\x9c\x0c,[:\
\x17\xb3a\xe1\x02\xa0\xc5$\xadDu7\xf4\x12F\x7f\
\x06\xbapB\xf8\xfd%=\x960~NR\x96m\xd7\
\x91tX\xb6L\x9ek\xa9\x84\xb1\x9f\x93tw\xb6L\
\x9e\xb5|\xc2\xd8U\xe7\xf0\xef\xeaa\xe0*\xe0\xb7\x11\
q\x7fB\xfc\xbe\x91\xb4>p\x0a\xb0P\xe9\x5c\xcc\x86\
\x89\x0b\x80\x16\x92\xb4,\xf0\x1d\xe0\xdd4\xb7;\xf8\xfd\
\x0d\xc5M\xf1\x92\xfa3h\xdeV:\x81Q,\x0f\xec\
0\xc6\xef?)\xe9\x10\xe0K\x11\xd1D\xa1\x97\x85\xa4\
\x97S\xdd\xf9{\xf27\x9b$\xf7\x01h\x19I\xab\x01\
\x7f\x01\xde\x83_\x0d\xb2\xde\xcd\x03\xec\x02\x9c-i\xc9\
\xd2\xc9\x8cF\xd2\x82\xc0q\xc0\xa2\xa5s1\x1bF.\
\x00ZD\xd2\xa2\xc0o\x80\xe7\x97\xce\xc5Zc-\xe0\
\xb8\xfa\xb5\xbaA\xf3-\xbc\xd3?\xd5\xcc\xd2\x09X9\
\x83\xf8\x87\xdaz\xb7\x07\xb0r\xe9$\xacu\xde\x08\xbc\
\xaft\x12#IZ\x8b\xb1\x1fa\xd8\xc4\xdc\x1b\x11*\
\x9d\x84\x95\xe1\x02\xa0%$\xcd\x05|\xa4t\x1e\xd6Z\
\x9f(\x9d\xc0l\xbe\x84\x7f~\xe5pQ\xe9\x04\xac\x1c\
\xff\x01j\x8fW\x03\x8b\x95N\xc2Z\xeb5\x92\x16)\
\x9d\x04\x80\xa4\x170\x98\x1b+\x87\xd1\xcfK'`\xe5\
L\x01R\x96\x7f\xe6\xce\x95\x88%[\xa1t\x02\xd6j\
SH{\xed0\xa7\xf7\xe2\x9b\x97\x1c.\x03\x8e-\x9d\
\x84\x953\x05x4a\xfc\x7f\xe6J\xc4\x92=U:\
\x01k\xbd'K'P{S\xe9\x04Z\xe0A`\xeb\
\x88x\xa6t\x22V\xce4\xe0\x01z\x7f\x87\xf6G\x92\
>\x09\x5c\x00<=\xc11s\xf5x-\x1b\xdb\x0d\xa5\
\x13\xb0V{\x02\xb8\xa3t\x12\x92\xa6\x02\xaf-\x9d\xc7\
\x90{\x08\xd84\x22\xae/\x9d\x88\x955\x0d\xb8\x16X\
\xa9\xc7\xf1+\x00'e\xcb\xc6R\x5c\x09\xdcL\xef\xff\
-\xcd\xc6rFD<Q:\x09\xaa\xe3|\xe7K\x18\
\xff p\x08p{\x9et\x1a3\x15\xf82\xb0L\xe6\
\xb8\x0f\x02\x9bD\xc4%\x99\xe3\xda\x10\x9a\x06\x5c\x0cl\
Z:\x11K\x13\x11\x92\xb4?ph\xe9\x5c\xac\x95\xf6\
+\x9d@-e\x1f\xc2\x93\xc0\xeb#\xe2o\xb9\x92i\
B\xbd\xca\xf1\x13<\xf9[\xc3\xa6\x00g\x95N\xc2\xb2\
9\x028\xbdt\x12\xd6:\xdf\x8d\x88sJ'Q[\
0a\xecEC2\xf9\x1fM\xb5\xd11\xa7\x07\x80\x8d\
=\xf9\xdbHS\x80?\x01M\x1cTb}\x16\x11O\
\x03[\xe3\x22\xc0\xf29\x1c\xd8\xb5t\x12#\xa4\x9c_\
\xf2P\xb6,\x1aPO\xfeG\x92\xbf\xe9\xd2C\xc0f\
\x11qi\xe6\xb86\xe4\xa6\xd4\x93\xc6Q\xa5\x13\xb1<\
\x22\xe2a\xaa\x13\x00?N\xb5'\xc0\xac\x17\x97\x01\xff\
\x15\x11;\xd6?#\xacA\xf5\xe4\x7f\x14\xb0m\xe6\xd0\
\xf7\x03\x1bF\xc4\xc5\x99\xe3Z\x0b\xcc\xaa\xa6\x0f\x04v\
\x06\x16(\x98\x8beR\xff\xc0\xfe\x01\xf0\x03I\xaf\xa0\
j\x0f\x9cr\x9c\xadu\xc3L\xe0\x1e\xe0\xaa\x88\xb8\xb1\
t2]Q\x9f\xb3p$\xf0\x81\xcc\xa1\xef\xa7Z\xf6\
\xbf<s\x5ck\x89i\x00\x11q\xaf\xa4o\x00\xfb\x16\
\xce\xc72\x8b\x88+\x80+J\xe7af\xffn\xc4\xe4\
\x9f\xfb\xce\xff>\xaa\xc9\xdf\x7f\xf6m\x8eFv\xd3\xfa\
\x16\xe0\x0d\x22ff}PO\xfe?\x02>\x989\xf4\
}\xc0F\x9e\xfcm<\xff*\x00\x22\xe2)\xe0]T\
\xaf\x8a\x98\x99YC\xea\xc9\xff\x87\xc0v\x99C\xcf\x9a\
\xfc\xff/s\x5ck\xa1\xe7\xf4\xd3\xae;C\xbd\x0dx\
\xacL:ff\xedVO\xfeG\x00\x1f\xca\x1c\xfa^\
\xaa\x0d\x7f\x9e\xfcmB\xfe\xed@\x8d\x888\x17\xd8\x04\
\xaf\x04\x98\x99eUO\xfe\x87\x03\xdbg\x0e=k\xf2\
\xbf2s\x5ck\xb1QO\xd4\x8a\x88\xf3\x80\xb5\xa9\xba\
\x04\x9a\x99Y\xa2z\xf2?\x0c\xf8p\xe6\xd0\xf7\x00o\
\x8c\x88\xab2\xc7\xb5\x96\x9b\xe3\x91\x9a\xf5k@\xeb\x02\
\x9f\x05\xa6\xf7-#3\xb3\x96\x91\x14T\xaf\xe6~$\
s\xe8{\xa8\xee\xfc\x07\xba\xc3\xa1\x0d\xa61\xcf\xd4\x8e\
\x88\x19\x11\xf1m\xaa\x03f\xbe\x02\xdc\xd2\x8f\xa4\xcc\xcc\
\xdab\xc4\xe4\xff\xd1\xcc\xa1\xef\xa6\xba\xf3\xf7\xe4o=\
\x99P[\xcd\x88x\x10\xf8\xaa\xa4}\xa9\x1e\x0dl\x04\
\xac\x09\xbc\x14X\x8c\xc95\x10Z\x10\x1f\x09lf\x1d\
PO\xfe\xdf\x07v\xc8\x1c\xfa.\xaa;\xff\xab3\xc7\
\xb5\x0e\x99T_\xed\x88\x98\x09\x5cX\x7fz\x22\xe9t\
`\xe3^\xc7\x9b\x99\x0d\x83z\xf2?\x18\xd81s\xe8\
{\xa8\x9a\xfcx\xf2\xb7$c>\x0203\xb3\xc9\xab\
'\xff\xef\x02\x9f\xcc\x1c\xda\xcf\xfc-\x1b\x17\x00ff\
\x19\x8d\x98\xfc?\x959\xb4'\x7f\xcb\xca\x05\x80\x99Y\
&\xf5\xe4\x7f\x10\xf9'\xff\xbb\xf1\xe4o\x99\xa5\x9c\xad\
mff\xb5\x11\x93\xffN\x99C\xcf\x9a\xfc\xff\x9e9\
\xaeu\x9c\x0b\x003\xb3D\xf5\xe4\x7f \xf9'\xff\xdb\
\xa9^\xf5\xbb>s\x5c3?\x0203\xcb\xe0\x9b\xc0\
\xce\x99cz\xf2\xb7F\xb9\x0003K \xe9\x9b\xc0\
\xe72\x87\xbd\x0dO\xfe\xd60?\x0203\xeb\x91\xa4\
o\x00\x9f\xcf\x1cv\xd6\xe4\x7fC\xe6\xb8f\xcf\xe1\x15\
\x003\xb3\x1e\xd4\x93\xff\x172\x87\xf5\xe4o}3l\
+\x00Q:\x0133I\xdf\x06v\xcd\x1c\xf6\x16\xaa\
\xc9\xff\xa6\xccq\xcdFUb\x05\xe0\x89\x84\xb1/\xcd\
\x96\x85\x99Y\x0f$}\x0bO\xfe\xd6\x02%\x0a\x80\x87\
\x13\xc6\xee!i\x8dl\x99\x98\x99M\x82\xa4\xfd\x81\xdd\
2\x87\xbd\x19\xd8\xc0\x93\xbf\xf5[\x89G\x00)\xcf\xb6\
\x96\x05.\x93t-\xf0\xd8\x88\xaf\x0b\xf8\xc7\x1c\xc6\xac\
\x9cp=33\xe0_\xbb\xfd?\x9b9\xec\xcdT\x93\
\xbf\x8fZ\xb7\xbe+Q\x00\x5c\x918~*\xb0Z\x8e\
D\xcc\xcc&\xa2\xa1\xdd\xfe7Q-\xfb{\xf2\xb7\x22\
J<\x02\xf83\xd5\x1d\xbb\x99\xd9\xc0\x93\xf4u\xf2\xef\
\xf6\xbf\x11\xdf\xf9[a}/\x00\x22\xe2>\xe0\x9c~\
_\xd7\xccl\xb2$\xed\x03\xec\x9e9\xec-\xc0\xc6\x11\
qk\xe6\xb8f\x93R\xaa\x0f\xc0Q\x85\xaekf6\
!\x92\xf6\x05\xf6\xcc\x1c\xf6\x06\xe0\xf5\xde\xf0g\x83\xa0\
T\x01p\x0c\xe0\xea\xd7\xcc\x06\x92\xa4\xaf\x02_\xcc\x1c\
\xf6f\xaa;\xff\xdb2\xc75\xebI\x91\x02 \x22f\
\x00{\x95\xb8\xb6\x99\xd9X$\xed\x0d|)s\xd8\xeb\
\xa9\xee\xfco\xce\x1c\xd7\xacg%[\x01\xff\x18\xf8S\
\xc1\xeb\x9b\x99=\x87\xa4\xbd\x80/g\x0e{\x1d\xd5\x86\
\xbf\xdb3\xc75KR\xac\x00\x88\x08\x01\xef\x07\xee/\
\x95\x83\x99\xd9,\xf5\xe4\xff\x95\xcca\xaf\xa5z\xd5\xef\
\x8e\xccq\xcd\x92\x15=\x0c\xa8\xae\x887\x07\x1e-\x99\
\x87\x99u\x9b\xa4\xcf\xd3\xcc\xe4\xbf\xa1'\x7f\x1bT\xc5\
O\x03\x8c\x88\xbf\x00[\x00\x8f\x94\xce\xc5\xcc\xbaG\xd2\
\x97\x81of\x0e{\x0d\xbe\xf3\xb7\x01W\xbc\x00\x00\x88\
\x88?\x00\xaf\xa7\xaa\x98\xcd\xcc\xfaB\xd2\x97\x80\xbd3\
\x87\xbd\x9aj\xf2\xbf3s\x5c\xb3\xac\x06\xa2\x00\x00\x88\
\x88+\x80W\x03\x07\x03\xcf\x14N\xc7\xccZN\xd2\x17\
\x81\xaff\x0e{5\xd5\xb2\xff]\x99\xe3\x9ae70\
\x05\x00@DL\x8f\x88\x9d\x81W\x01?\x07f\x14N\
\xc9\xccZH\xd2\x1e\xc0\xbe\x99\xc3\xfe\x9d\xea\xce\xdf\x93\
\xbf\x0d\x85\x81*\x00f\x89\x88+#\xe2=\xc0\xf3\x81\
O\x02\xbf\x06\xee)\x9b\x95\x99\xb5\x81\xa4\xdd\x81\xafe\
\x0e\xfb7\xaa;\xff\xbb3\xc75kL\x89\xd3\x00'\
,\x22\xee\x05\x0e\xad?HZ\x14X\x0aXh\xf6o\
\x05\x16\x9dC\x98\x0f\x00\xdb6\x95\xa3\x99\x0d\x0fI_\
\x00\xbe\x9e9\xec\xac\xc9\xdf7)6T\x06\xba\x00\x98\
]D\xfc\x03\xf8\xc7d\xc6HZ\xaf\xa1t\xccl\xb8\
\xbc\x81\xea\x8d\xa3\x9c\xae\x026\xf2\xe4o\xc3h \x1f\
\x01\x98\x995`\xe1\xcc\xf1\xae\x066\xf1\xe4o\xc3\xca\
\x05\x80\x99\xd9\xe4y\xc3\x9f\x0d=\x17\x00ff\x93\xf3\
w\xbc\xe1\xcfZ\xc0\x05\x80\x99\xd9\xc4]\x01\xfc\xa7'\
\x7fk\x03\x17\x00ff\x13s9\xd5\x86?\x1f\x17\xcf\
\xd4{\x00\x00\x02\x04IDAT`f\xad\xe0\x02\xc0\
\xccl|\x97\x03\x1b{\xf2\xb76q\x01`f6\xb6\
\xcb\xf0\xe4o-\xd4\x85\x02`f\xc2\xd8\xb9\xb2ea\
f\xc3\xe8R<\xf9[Ku\xa1\x00x,a\xec\xeb\
\xb2eaf\xc3\xe6\x12\xaa\xc9\xff\x81\xd2\x89\x985\xa1\
\x0b\x05\xc0\x83\x09c\xdf(i?IKg\xcb\xc6\xcc\
\x86\xc1%TM~R~~\x98\x0d\xb4(\x9d@\xd3\
$\xad\x0f\x9c]:\x0f3\x1b\x1a\x97RM\xfe\xbe\xf3\
\xb7V\xebB\x01\xb00\xf0\x00Cv\xee\x81\x99\x15q\
1\xb0iD<T:\x11\xb3\xa6\xb5\xfe\x11@D<\
\x02\x5cT:\x0f3\x1bx\x17Q\xdd\xf9{\xf2\xb7N\
h}\x01P\xfbE\xe9\x04\xccl\xa0]\x02lV\x9f\
8j\xd6\x09\xad\x7f\x04\x00 i)\xe0f`\xbe\xc2\
\xa9\x98\xd9\xe0\xf9\x0b\xf0&O\xfe\xd65\x9dX\x01\x88\
\x88{\x81\x1f\x96\xce\xc3\xcc\x06\xce\x85T\xcf\xfc=\xf9\
[\xe7tb\x05\x00@\xd2\x12T\xe7w/Y:\x17\
3\x1b\x08\x7f\xc5\xcf\xfc\xad\xc3:\xb1\x02\x00P\xbf\xd2\
\xb3[\xe9<\xccl \x9cOu\xa4\xaf'\x7f\xeb\xac\
\xce\x14\x00\x00\x11q4pT\xe9<\xcc\xac\xa8\xf3\xa8\
6\xfc=R:\x11\xb3\x92:\xf3\x08`\x16Is\x03\
'\x01o*\x9d\x8b\x99\xf5\xddy\xc0\x9b=\xf9\x9bu\
l\x05\x00 \x22\x9e\x02\xde\x8e_\x0d4\xeb\x1a\xdf\xf9\
\x9b\x8d\xd0\xb9\x02\x00 \x22\x9e\x04\xde\xc5\xffo\xef\x0e\
Q\x1b\x8a\x820\x8c\x9e\x11\xb1]B\xa8\x8d,\x04\xa2\
\xea\x03uYMvR\xda\xbd\xc4\x14\x22\xaa\xba\x88,\
!\x155\xe1F<S\x9e\x8aH\xb8\x0f\xde\x7fV\xf0\
\xb9\x81\x19.\x97=.\x9ds\x22\xe2\xf1\x8e\x86\xe1\x7f\
\xee\x1d\x121\x15\xb3;\x01\x8c\xb5\xd66x\xc7K\xef\
\x96\x88x\x88/\xbcU\xd5o\xef\x90\x88)\x99\xe5\x06\
\xe0\xbf\xaa\xfa\xc6\x1a;\xc3\xa7A\xadoQD\xdcI\
\xc3\x87\xe1\x9d\x7f\x86\x7f\xc4\xc8\xec7\x00c\xad\xb5g\
l\xf1\x8a\x15\x96x\xc2\xa2cVD\xdc\xe6\x0f'\x1c\
\xf0YU?\x9d{\x22&\xeb\x0a.\xf5\x1f\xaa.g\
>9\x00\x00\x00\x00IEND\xaeB`\x82\
\x00\x00\x10I\
\x89\
PNG\x0d\x0a\x1a\x0a\x00\x00\x00\x0dIHDR\x00\
\x00\x02\x00\x00\x00\x02\x00\x08\x06\x00\x00\x00\xf4x\xd4\xfa\
\x00\x00\x00\x04sBIT\x08\x08\x08\x08|\x08d\x88\
\x00\x00\x10\x00IDATx\x9c\xed\xdd[\xa8\xf5y\
]\xc7\xf1\xcfo\x071\xcd\xd8\x0c\x94\x16\xd8\x09s&\
\x85\x06,\xc4\xb4\x8b\x0et5\x12t\x11\x8d\x06\x0a]\
\x14%\x8a\xe2t\xa3\xd0\x88]\xd6E\xc1\x04\xd9\x81\xa0\
\x1b\xadA\xe9\xaeH/\xbd)\x02\x09\x8a\x89\xe6iF\
EP\xa1L3\x9dq\x92r\xbe]<{\xcf\xecg\
\xcf>\xac\xc3\xff\xff\xff\xfd\x0f\xaf\x17\x0c\xcc\xb3\xf7\xda\
\xeb\xf9\xedu\xf3y\xef\xff^\xcfZ\x09\x00\x00\x00\x00\
\x00\x00\x00\x00\x00\x00\x00\x00\x00\x00\x00\x00\x00\x00\x00\x00\
\x00\x00\x00\x00\x00\x00\x00\x00\x00\x00\x00\x00\x00\x00\x00\x00\
\x00\x00\x00\x00\x00\x00\x00\x00\x00\x00\x00\x00\x00\x00\x00\x00\
\x00\x00\x00\x00\x00\x00\x00\x00\x00\x00\x00\x00\x00\x00\x00\x00\
\x00\x00\x00\x00\x00\x00\x00\x00\x00\x00\x00\x00\x00\x00\x00\x00\
\x00\x00\x00\x00\x00\x00\x00\x00\x00\x00\x00\x00\x00\x00\x00\x00\
\x00\x00\x00\x00\x00\x00\x00\x00\x00\x00\x00\x00\x00\x00\x00\x00\
\x00\x00\x00\x00\x00\x00\x00\x00\x00\x00\x00\x00\x00\x00\x00\x00\
\x00\x00\x00\x00\x00\x00\x00\x00\x00\x00\x00\x00\x00\x00\x00\x00\
\x00\x00\x00\x00\x00\x00\x00\x00\x00\x00\x00\x00\x00\x00\x00\x00\
\x00\x00\x00\x00\x00\x00\x00\x00\x00\x00\x00\x00\x00\x00\x00\x00\
\x00\x00\x00\x00\x00\x00\x00\x00\x00\x00\x00\x00\x00\x00\x00\x00\
\x00\x00\x00\x00\x00\x00\x00\x00\x00\x00\x00\x00\x00\x00\x00\x00\
\x00\x00\x00\x00\x00\x00\x00\x00\x00\x00=\xb5\xde\x07\x00\xc6\
SU\xafL\xf2\xd3I\x1eL\xf2\xc0\xe9\x7f\xdf\x95\xe4\
\xde$\xdfyz\xb3\xaf'\xf9Z\x92\xaf$y*\xc9\
\xd3I\x9eH\xf2\xc9\xd6\xda\x17\xa7>3\x00p\x80\xaa\
\xfa\x89\xaaz\xac\xaan\xd5\xf1\xfe\xad\xaa\xfe\xa0\xaa\xde\
\xd8\xfb\xfb\x02\x00.\xa8\xaa\xbb\xab\xea\xbdU\xf5\xe4\x00\
\xa3\x7f\x95[U\xf5HU\xdd\xd3\xfb\xfb\x05\x80M\xab\
\xaa\xef\xa8\xaa\xf7U\xd5\xbf\x8f8\xfc\x17\xfdGU\xbd\
\xbf\xaa\xee\xee\xfd\xfd\x03\xc0\xe6T\xd5\x9b\xab\xea\xd3\x13\
\x0e\xffEOV\xd5\xcf\xf5~\x1c\x00`\x13\xaa\xea\xde\
\xaa\xfa\x8b\x8e\xc3\x7f\xd1\xe3Uu_\xef\xc7\x05\x00V\
\xab\xaa^W\xb7\x9f\x9877OU\xd5\x8f\xf5~|\
\x00`u\xaa\xea\xe1\xaa\xfaF\xe7\xa1\xbf\xcesU\xf5\
\xd6\xde\x8f\x13\x00\xacFU\xbd\xa3\xaa\xfe\xaf\xf3\xc0\xef\
\xe2[U\xf5\xce\xde\x8f\x17\x00,^U=\xda{\xd5\
\x0f\xf0\x81\xde\x8f\x1b\x00,VU}\xb0\xf7\x92\x1f\xe1\
}\xbd\x1f?\x00X\x9cZ\xf6\xf8\x9f\x11\x01\x00\xb0\xab\
Z\xc7\xf8\x9f\x11\x01\x00p\x93Z\xd7\xf8\x9f\x11\x01\x00\
p\x95Z\xe7\xf8\x9f\x11\x01\x00pQ\xad{\xfc\xcf\x88\
\x00\x008S\xdb\x18\xff3\x22\x00\x00j[\xe3\x7fF\
\x04\x00\xb0]\xb5\xcd\xf1?#\x02\xa0\xa3\xd6\xfb\x00\xb0\
UU\xf5\xc1$\xbf\xdd\xfb\x1c\x9d\xbd\xbf\xb5\xf6\xbb\xbd\
\x0f\x01[$\x00\xa0\x03\xe3\x7f\x07\x11\x00\x1d\x08\x00\x98\
\x98\xf1\xbf\x94\x08\x80\x89\x09\x00\x98\x90\xf1\xbf\x96\x08\x80\
\x09\x09\x00\x98\x88\xf1\xdf\x89\x08\x80\x89\x08\x00\x98\x80\xf1\
\xdf\x8b\x08\x80\x09\x08\x00\x18\x99\xf1?\x88\x08\x80\x91\x09\
\x00\x18\x91\xf1?\x8a\x08\x80\x11\x09\x00\x18\x89\xf1\x1f\x84\
\x08\x80\x91\x08\x00\x18\x81\xf1\x1f\x94\x08\x80\x11\x08\x00\x18\
\x98\xf1\x1f\x85\x08\x80\x81\x09\x00\x18\x90\xf1\x1f\x95\x08\x80\
\x01\x09\x00\x18\x88\xf1\x9f\x84\x08\x80\x81\x08\x00\x18\x80\xf1\
\x9f\x94\x08\x80\x01\x08\x008\x92\xf1\xefB\x04\xc0\x91\x04\
\x00\x1c\xc1\xf8w%\x02\xe0\x08\x02\x00\x0ed\xfcgA\
\x04\xc0\x81\x04\x00\x1c\xc0\xf8\xcf\x8a\x08\x80\x03\x08\x00\xd8\
\x93\xf1\x9f%\x11\x00{\x12\x00\xb0\x07\xe3?k\x22\x00\
\xf6 \x00`G\xc6\x7f\x11D\x00\xecH\x00\xc0\x0e\x8c\
\xff\xa2\x88\x00\xd8\x81\x00\x80\x1b\x18\xffE\x12\x01p\x03\
\x01\x00\xd70\xfe\x8b&\x02\xe0\x1a\x02\x00\xae`\xfcW\
A\x04\xc0\x15\x04\x00\x5c\xc2\xf8\xaf\x8a\x08\x80K\x08\x00\
\xb8\xc0\xf8\xaf\x92\x08\x80\x0b\x04\x00\x9cc\xfcWM\x04\
\xc09\x02\x00N\x19\xffM\x10\x01pJ\x00@\x8c\xff\
\xc6\x88\x00\x88\x00\x00\xe3\xbfM\x22\x80\xcd\x13\x00l\x9a\
\xf1\xdf4\x11\xc0\xa6\x09\x006\xcb\xf8\x13\x11\xc0\x86\x09\
\x006\xc9\xf8s\x8e\x08`\x93\x04\x00\x9bc\xfc\xb9\x84\
\x08`s\x04\x00\x9bb\xfc\xb9\x86\x08`S\x04\x00\x9b\
a\xfc\xd9\x81\x08`3\x04\x00\x9b`\xfc\xd9\x83\x08`\
\x13\x04\x00\xabg\xfc9\x80\x08`\xf5\x04\x00\xabf\xfc\
9\x82\x08`\xd5\x04\x00\xabe\xfc\x19\x80\x08`\xb5\x04\
\x00\xabd\xfc\x19\x90\x08`\x95\x04\x00\xabc\xfc\x19\x81\
\x08`u\x04\x00\xabb\xfc\x19\x91\x08`U\x04\x00\xab\
a\xfc\x99\x80\x08`5\x04\x00\xab`\xfc\x99\x90\x08`\
\x15\x04\x00\x8bg\xfc\xe9@\x04\xb0x\x02\x80E3\xfe\
t$\x02X4\x01\xc0b\x19\x7ff@\x04\xb0X\x02\
\x80E2\xfe\xcc\x88\x08`\x91\x04\x00\x8bc\xfc\x99!\
\x11\xc0\xe2\x08\x00\x16\xc5\xf83c\x22\x80E\x11\x00,\
\x86\xf1g\x01D\x00\x8b!\x00X\x04\xe3\xcf\x82\x88\x00\
\x16A\x000{\xc6\x9f\x05\x12\x01\xcc\x9e\x00`\xd6\x8c\
?\x0b&\x02\x985\x01\xc0l\x19\x7fV@\x040[\
\x02\x80Y2\xfe\xac\x88\x08`\x96\x04\x00\xb3c\xfcY\
!\x11\xc0\xec\x08\x00f\xc5\xf8\xb3b\x22\x80Y\x11\x00\
\xcc\x86\xf1g\x03D\x00\xb3!\x00\x98\x05\xe3\xcf\x86\x88\
\x00fA\x00\xd0\x9d\xf1g\x83D\x00\xdd\x09\x00\xba2\
\xfel\x98\x08\xa0+\x01@7\xc6\x1fD\x00\xfd\x08\x00\
\xba0\xfe\xf0\x02\x11@\x17\x02\x80\xc9\x19\x7fx\x09\x11\
\xc0\xe4\x04\x00\x932\xfep%\x11\xc0\xa4\x04\x00\x931\
\xfep#\x11\xc0d\x04\x00\x930\xfe\xb03\x11\xc0$\
\x04\x00\xa33\xfe\xb07\x11\xc0\xe8\x04\x00\xa32\xfep\
0\x11\xc0\xa8\x04\x00\xa31\xfep4\x11\xc0h\x04\x00\
\xa30\xfe0\x18\x11\xc0(\x04\x00\x833\xfe08\x11\
\xc0\xe0\x04\x00\x832\xfe0\x1a\x11\xc0\xa0\x04\x00\x831\
\xfe0:\x11\xc0`\x04\x00\x830\xfe0\x19\x11\xc0 \
\x04\x00G3\xfe09\x11\xc0\xd1\x04\x00G1\xfe\xd0\
\x8d\x08\xe0(\x02\x80\x83\x19\x7f\xe8N\x04p0\x01\xc0\
A\x8c?\xcc\x86\x08\xe0 \x02\x80\xbd\x19\x7f\x98\x1d\x11\
\xc0\xde\x04\x00{1\xfe0[\x22\x80\xbd\x08\x00vf\
\xfca\xf6D\x00;\x13\x00\xec\xc4\xf8\xc3b\x88\x00v\
\x22\x00\xb8\x91\xf1\x87\xc5\x11\x01\xdcH\x00p-\xe3\x0f\
\x8b%\x02\xb8\x96\x00\xe0J\xc6\x1f\x16O\x04p%\x01\
\xc0\xa5\x8c?\xac\x86\x08\xe0R\x02\x80\x970\xfe\xb0:\
\x22\x80\x97\x10\x00\xdc\xc1\xf8\xc3j\x89\x00\xee \x00x\
\x81\xf1\x87\xd5\x13\x01\xbc@\x00\x90\xc4\xf8\xc3\x86\x88\x00\
\x92\x08\x00b\xfca\x83D\x00\x02`\xeb\x8c?l\x96\
\x08\xd88\x01\xb0a\xc6\x1f6O\x04l\x98\x00\xd8(\
\xe3\x0f\x9c\x12\x01\x1b%\x006\xc8\xf8\x03\x17\x88\x80\x0d\
\x12\x00\x1bc\xfc\x81+\x88\x80\x8d\x11\x00\x1bb\xfc\x81\
\x1b\x88\x80\x0d\x11\x00\x1ba\xfc\x81\x1d\x89\x80\x8d\x10\x00\
\x1b`\xfc\x81=\x89\x80\x0d\x10\x00+g\xfc\x81\x03\x89\
\x80\x95\x13\x00+f\xfc\x81#\x89\x80\x15\x13\x00+e\
\xfc\x81\x81\x88\x80\x95\x12\x00+d\xfc\x81\x81\x89\x80\x15\
\x12\x00+c\xfc\x81\x91\x88\x80\x95\x11\x00+b\xfc\x81\
\x91\x89\x80\x15\x11\x00+a\xfc\x81\x89\x88\x80\x95\x10\x00\
+`\xfc\x81\x89\x89\x80\x15\x10\x00\x0bg\xfc\x81ND\
\xc0\xc2\x09\x80\x053\xfe@g\x22`\xc1\x04\xc0B\x19\
\x7f`&D\xc0B\x09\x80\x052\xfe\xc0\xcc\x88\x80\x05\
\x12\x00\x0bc\xfc\x81\x99\x12\x01\x0b#\x00\x16\xc4\xf8\x03\
3'\x02\x16D\x00,\x84\xf1\x07\x16B\x04,\x84\x00\
X\x00\xe3\x0f,\x8c\x08X\x00\x010s\xc6\x1fX(\
\x110s\x02`\xc6\x8c?\xb0p\x22`\xc6\x04\xc0L\
\x19\x7f`%D\xc0L\x09\x80\x192\xfe\xc0\xca\x88\x80\
\x19\x12\x003c\xfc\x81\x95\x12\x013#\x00f\xc4\xf8\
\x03+'\x02fD\x00\xcc\x84\xf1\x076B\x04\xcc\x84\
\x00\x98\x01\xe3\x0fl\x8c\x08\x98\x01\x01\xd0\x99\xf1\x076\
J\x04t&\x00:2\xfe\xc0\xc6\x89\x80\x8e\x04@'\
\xc6\x1f \x89\x08\xe8F\x00t`\xfc\x01\xee \x02:\
\x10\x00\x133\xfe\x00\x97\x12\x01\x13\x13\x00\x132\xfe\x00\
\xd7\x12\x01\x13\x12\x00\x131\xfe\x00;\x11\x01\x13\x11\x00\
\x130\xfe\x00{\x11\x01\x13\x10\x00#3\xfe\x00\x07\x11\
\x01#\x13\x00#2\xfe\x00G\x11\x01#\x12\x00#1\
\xfe\x00\x83\x10\x01#\x11\x00#0\xfe\x00\x83\x12\x01#\
\x10\x00\x033\xfe\x00\xa3\x10\x01\x03\x13\x00\x032\xfe\x00\
\xa3\x12\x01\x03\x12\x00\x031\xfe\x00\x93\x10\x01\x03\x11\x00\
\x030\xfe\x00\x93\x12\x01\x03\x10\x00G2\xfe\x00]\x88\
\x80#\x09\x80#\x18\x7f\x80\xaeD\xc0\x11\x04\xc0\x81\x8c\
?\xc0,\x88\x80\x03\x09\x80\x03\x18\x7f\x80Y\x11\x01\x07\
\x10\x00{2\xfe\x00\xb3$\x02\xf6$\x00\xf6`\xfc\x01\
fM\x04\xecA\x00\xec\xc8\xf8\x03,\x82\x08\xd8\x91\x00\
\xd8\x81\xf1\x07X\x14\x11\xb0\x03\x01p\x03\xe3\x0f\xb0H\
\x22\xe0\x06\x02\xe0\x1a\xc6\x1f`\xd1D\xc05\x04\xc0\x15\
\x8c?\xc0*\x88\x80+\x08\x80K\x18\x7f\x80U\x11\x01\
\x97\x10\x00\x17\x18\x7f\x80U\x12\x01\x17\x08\x80s\x8c?\
\xc0\xaa\x89\x80s\x04\xc0)\xe3\x0f\xb0\x09\x22\xe0\x94\x00\
\x88\xf1\x07\xd8\x18\x11\x10\x01`\xfc\x01\xb6i\xf3\x11\xb0\
\xe9\x000\xfe\x00\x9b\xb6\xe9\x08\xd8l\x00\x18\x7f\x00\xb2\
\xe1\x08\xd8d\x00\x18\x7f\x00\xce\xd9d\x04l.\x00\x8c\
?\x00\x97\xd8\x5c\x04l*\x00\x8c?\x00\xd7\xd8T\x04\
l&\x00\x8c?\x00;\xd8L\x04l\x22\x00\x8c?\x00\
{\xd8D\x04\xac>\x00\x8c?\x00\x07X}\x04\xac:\
\x00\x8c?\x00GXu\x04\xac6\x00\x8c?\x00\x03X\
m\x04\xac2\x00\x8c?\x00\x03Ze\x04\xac.\x00\x8c\
?\x00#X]\x04\xac*\x00\x8c?\x00#ZU\x04\
\xac&\x00\x8c?\x00\x13XM\x04\xac\x22\x00\x8c?\x00\
\x13ZE\x04,>\x00\x8c?\x00\x1d,>\x02\x16\x1d\
\x00\xc6\x1f\x80\x8e\x16\x1d\x01\x8b\x0d\x00\xe3\x0f\xc0\x0c,\
6\x02\x16\x19\x00\xc6\x1f\x80\x19Yd\x04,.\x00\x8c\
?\x003\xb4\xb8\x08XT\x00\x18\x7f\x00flQ\x11\
\xb0\x98\x000\xfe\x00,\xc0b\x22`\x11\x01`\xfc\x01\
X\x90ED\xc0\xec\x03\xc0\xf8\x03\xb0@\xb3\x8f\x80Y\
\x07\x80\xf1\x07`\xc1f\x1d\x01\xb3\x0d\x00\xe3\x0f\xc0\x0a\
\xcc6\x02f\x19\x00\xc6\x1f\x80\x15\x99e\x04\xcc.\x00\
\x8c?\x00+4\xbb\x08\x98U\x00\x18\x7f\x00VlV\
\x110\x9b\x000\xfe\x00l\xc0l\x22`\x16\x01`\xfc\
\x01\xd8\x90YD@\xf7\x000\xfe\x00lP\xf7\x08\xe8\
\x1a\x00\xc6\x1f\x80\x0d\xeb\x1a\x01\xdd\x02\xc0\xf8\x03@\xbf\
\x08\xe8\x12\x00\xc6\x1f\x00^\xd0%\x02&\x0f\x00\xe3\x0f\
\x00/1y\x04L\x1a\x00\xc6\x1f\x00\xae4i\x04L\
\x16\x00\xc6\x1f\x00n4Y\x04L\x12\x00\xc6\x1f\x00v\
6I\x04\x8c\x1e\x00\xc6\x1f\x00\xf66z\x04\x8c\x1a\x00\
\xc6\x1f\x00\x0e6j\x04\x8c\x16\x00\xc6\x1f\x00\x8e6Z\
\x04\x8c\x12\x00\xc6\x1f\x00\x063J\x04\x0c\x1e\x00\xc6\x1f\
\x00\x067x\x04\x0c\x1a\x00\xc6\x1f\x00F3h\x04\x0c\
\x16\x00\xc6\x1f\x00F7X\x04\x0c\x12\x00\xc6\x1f\x00&\
3H\x04\x1c\x1d\x00\xc6\x1f\x00&wt\x04\x1c\x15\x00\
\xc6\x1f\x00\xba9*\x02\x0e\x0e\x00\xe3\x0f\x00\xdd\x1d\x1c\
\x01\x07\x05\x80\xf1\x07\x80\xd98(\x02\xf6\x0e\x00\xe3\x0f\
\x00\xb3\xb3w\x04\xec\x15\x00\xc6\x1f\x00fk\xaf\x08\xd8\
9\x00\x8c?\x00\xcc\xde\xce\x11p\xb2\xcb\x8d\xaa\xea\xd1\
\x18\x7f\x00\x98\xbb\xdf\xa9\xaa\x0f\xecr\xc3\x1b\xaf\x00T\
\xd5{\x92<v\xf4\x91\x00\x80\xa9\xbc\xb3\xb5\xf6G\xd7\
\xdd\xe0\xda\x00\xa8\xaa\x87\x93<\x9e\x1d\xaf\x14\x00\x00\xb3\
\xf0|\x92\xb7\xb5\xd6\x1e\xbf\xea\x06W\x06@U\xfdx\
\x92\xbfKr\xd7\x08\x07\x03\x00\xc6\xf5\x5c\x927\xb5\xd6\
\xfe\xf9\xb2O^\x1a\x00Uu_\x92O%\xb9\x7f\xc4\
\x83\x01\x00\xe3\xba\x95\xe4\x0d\xad\xb5\xaf_\xfc\xc4U\x97\
\xf6?\x14\xe3\x0f\x00K\xf7\x9a$\x7fv\xd9'^r\
\x05\xa0\xaa~>\xc9_\x8f}\x22\x00`2on\xad\
}\xfc\xfc\x07\xee\x08\x80\xaa\xba+\xc9\x13I^=\xe5\
\xa9\x00\x80Q}&\xc9\x83\xad\xb5\xe7\xce>p\xf1W\
\x00\xef\x8e\xf1\x07\x80\xb5\xf9\xe1$\x8f\x9c\xff\xc0\x0bW\
\x00\xaa\xea\xee\xdc.\x84\xef\x9d\xf8P\x00\xc0\xf8\xbe\x94\
\xe4U\xad\xb5g\x93;\xaf\x00\xfcZ\x8c?\x00\xac\xd5\
+\x92\xfc\xfa\xd9\x1f\xce_\x01\xf8\xd7$\xaf\xedq\x22\
\x00`\x12\xb7Zk\xafMN\xaf\x00T\xd5\xebc\xfc\
\x01`\xed^SUoJ^\xfc\x15\xc0\xdb;\x1e\x06\
\x00\x98\xce\xdb\x93\x17\x03\xe0\xa1\x8e\x07\x01\x00\xa6\xf3P\
\x92\xb4\xaaze\x92/t>\x0c\x000\x9d\xef;I\
\xf2S\xbdO\x01\x00L\xeagO\x92<\xd8\xfb\x14\x00\
\xc0\xa4\x1e<I\xf2@\xefS\x00\x00\x93z\xe0$\xde\
\xf5\x0f\x00\xb6\xe6\xd5'I^\xde\xfb\x14\x00\xc0\xa4^\
q\x92\xe4e\xbdO\x01\x00L\xea\x9eVU\xdfL\xf2\
\xed\xbdO\x02\x00L\xe6\x7f/\xbe\x1d0\x00\xb0\x01'\
I\xbe\xde\xfb\x10\x00\xc0\xa4\x9e9I\xf2L\xefS\x00\
\x00\x93z\xf6$\xc9\x97{\x9f\x02\x00\x98\xd4\x7f\x9e$\
y\xaa\xf7)\x00\x80I=-\x00\x00`{\x9e:I\
\xf2/\xbdO\x01\x00L\xea\x09o\x07\x0c\x00\xdb\xf3\x03\
'\xad\xb5/&y\xb2\xf7I\x00\x80I|\xba\xb5\xf6\
\xf9\xb3\x17\x02\xfaD\xd7\xa3\x00\x00S\xf9xr\xfb\x85\
\x80\x92\xe4\xc3\x1d\x0f\x02\x00L\xe7#I\xd2\xce\xfeT\
U\xb7\x92\xfcH\xb7\xe3\x00\x00c\xbb\xd5Z{m\xf2\
\xe2\x15\x80$\xf9P\xa7\xc3\x00\x00\xd3\xf8\xd3\xb3\xff9\
\x7f\x05\xe0\xee$\x9fM\xf2==N\x04\x00\x8c\xeaK\
I^\xd5Z{69w\x05\xa0\xb5\xf6\x8d$\xbf\xd7\
\xebT\x00\xc0\xa8\x1e;\x1b\xff\xe4\xdc\x15\x80$\xa9\xaa\
{r\xfb\x85\x81~h\xeaS\x01\x00\xa3\xf9l\x92\x07\
O\x7f\xd8Or\xe7s\x00rZ\x06\xef\x9a\xfaT\x00\
\xc0\xa8\xdeu~\xfc\x93\x0b\x01\x90$\xad\xb5\xbfI\xf2\
\xf8dG\x02\x00\xc6\xf4\xb1\xd6\xda\xdf^\xfc`\xbb\xec\
\x96Uu_\x92O%\xb9\x7f\xecS\x01\x00\xa3\xf9L\
\x92\xd7\xb7\xd6\xbez\xf1\x13/\xb9\x02\x90$\xad\xb5\xff\
N\xf2\xd6$\xff3\xf2\xc1\x00\x80q<\x97\xe4\x17/\
\x1b\xff\xe4\x8a\x00H\x92\xd6\xda?&\xf9\x95$\xcf\x8f\
t0\x00`\x1c\xcf'\xf9\xd5\xd6\xda?]u\x83+\
\x03 IZk\x1fM\xf2\x9bC\x9f\x0a\x00\x18\xd5\xbb\
[k\x7fy\xdd\x0d\xae\x0d\x80$i\xad=\x96\xe4\xb7\
\x06;\x12\x000\xa6G[k7\xbe\xba\xef\xa5O\x02\
\xbcLU=\x92\xdb/\x14\xb4\xf3\xd7\x00\x00\x93y>\
\xc9{Zk\x7f\xb8\xcb\x8d\xf7\x1a\xf3\xaa\xfa\xe5$\x7f\
\x9e\xe4\xae\x03\x0e\x06\x00\x8c\xe3\x9b\xb9\xfd;\xff\x8f\xec\
\xfa\x05{\xff4_UoL\xf2\xd1$?\xb8\xef\xd7\
\x02\x00\x83\xfbt\x92\xb7\x9c>y\x7fg7>\x07\xe0\
\xa2\xd6\xda?$y]\x92\x8f\xed\xfb\xb5\x00\xc0\xa0\xfe\
*\xc9\x1b\xf6\x1d\xff\xe4\x80\x00H\x92\xd6\xdaW[k\
oI\xf2p\x92/\x1cr\x1f\x00\xc0\xc1>\x97\xe4\x17\
Zk\xbf\xd4Z\xfb\xafC\xee\xe0\xe8'\xf4\x9d\xbe\x8d\
\xf0#I\xde\x9b\xe4\xe5\xc7\xde\x1f\x00p\xa5/'y\
,\xc9\xef\x9f\x7fg\xbfC\x0c\xf6\x8c\xfe\xd3w\x12\xfc\
\x8d$\xefH\xf2\xc0P\xf7\x0b\x00\xe4\xe9$\x7f\x92\xe4\
\x8f[k\xcf\x0cq\x87\xa3\xfc\x93\xbe\xaa\xfa\xc9$o\
K\xf2P\x92W\x8f\xf1w\x00\xc0\xca}&\xc9'\x92\
|8\xc9\xdf\xb7\xd6j\xc8;\x1f\xfd\xdf\xf4W\xd5\xf7\
'\xf9\x99$?\x9a\xdbW\x06\xeeO\xf2\xddI^\x96\
\xe4\xde$\xdf6\xf6\x19\x00`\x86\xbe\x95\xe4kI\x9e\
I\xf2\x95$O\xe5\xf6O\xfaO$\xf9dk\xed\xf3\
\x1d\xcf\x06\x00\x00\x00\x00\x00\x00\x00\x00\x00\x00\x00\x00\x00\
\x00\x00\x00\x00\x00\x00\x00\x00\x00\x00\x00\x00\x00\x00\x00\x00\
\x00\x00\x00\x00\x00\x00\x00\x00\x00\x00\x00\x00\x00\x00\x00\x00\
\x00\x00\x00\x00\x00\x00\x00\x00\x00\x00\x00\x00\x00\x00\x00\x00\
\x00\x00\x00\x00\x00\x00\x00\x00\x00\x00\x00\x00\x00\x00\x00\x00\
\x00\x00\x00\x00\x00\x00\x00\x00\x00\x00\x00\x00\x00\x00\x00\x00\
\x00\x00\x00\x00\x00\x00\x00\x00\x00\x00\x00\x00\x00\x00\x00\x00\
\x00\x00\x00\x00\x00\x00\x00\x00\x00\x00\x00\x00\x00\x00\x00\x00\
\x00\x00\x00\x00\x00\x00\x00\x00\x00\x00\x00\x00\x00\x00\x00\x00\
\x00\x00\x00\x00\x00\x00\x00\x00\x00\x00\x00\x00\x00\x00\x00\x00\
\x00\x00\x00\x00\x00\x00\x00\x00\x00\x00\x00\x00\x00\x00\x00\x00\
\x00\x00\x00\x00\x00\x00\x00\x00\x00\x00\x00\x00\x00\x00\x00\x00\
\x00\x00\x00\x00\x00\x00\x00\x00\x00\x00\x00\x00\x00\x00\x00\x00\
\x00\x00\x00\x00\x00\x00\x00\x00\x00\x00\x00\x00\x00\x00\x00\x00\
\xc0\xc8\xfe\x1f\x07\xf1\xd4\xa8\xa9\xdd\x9e\x9c\x00\x00\x00\x00\
IEND\xaeB`\x82\
\x00\x00\x10\xb2\
\x89\
PNG\x0d\x0a\x1a\x0a\x00\x00\x00\x0dIHDR\x00\
\x00\x02\x00\x00\x00\x02\x00\x08\x06\x00\x00\x00\xf4x\xd4\xfa\
\x00\x00\x00\x09pHYs\x00\x00\x0e\xc3\x00\x00\x0e\xc3\
\x01\xc7o\xa8d\x00\x00\x00\x19tEXtSof\
tware\x00www.inksca\
pe.org\x9b\xee<\x1a\x00\x00\x10?ID\
ATx\x9c\xed\xddK\x88\xee\xf7]\xc7\xf1\xcfoD\
4\x97Fm\xad\x8b\xb6X\x1a\x13\x834P\x91\xa0\x14\
\xa1\x057\xb5\xa0+1ZZ\x5c\x08\xb6\xa5\x11\x9a\xb8\
\xa9\xa8\xf5\xb2s\xa3\xb6U\xa9\xd5\x9d\xc4PR\xb7\x95\
,\xd5\x85ED\x05\x89p\xda\x93P\xbc4\xd0Z\xc5\
\xb6\xb9Ql\xbe.\xce9\xc9\x9c\xc9\xcc\x9c\xe7\xf2\xbf\
\xff^/8p\xce\xcc\xff\x99\xf9\xcd\xb3\xf9\xbc\xcf\xff\
\xcc\x99'\x01\x00\x00\x00\x00\x00\x00\x00\x00\x00\x00\x00\x00\
\x00\x00\x00\x00\x00\x00\x00\x00\x00\x00\x00\x00\x00\x00\x00\x00\
\x00\x00\x00\x00\x00\x00\x00\x00\x00\x00\x00\x00\x00\x00\x00\x00\
\x00\x00\x00\x00\x00\x00\x00\x00\x00\x00\x00\x00\x00\x00\x00\x00\
\x00\x00\x00\x00\x00\x00\x00\x00\x00\x00\x00\x00\x00\x00\x00\x00\
\x00\x00\x00\x00\x00\x00\x00\x00\x00\x00\x00\x00\x00\x00\x00\x00\
\x00\x00\x00\x00\x00\x00\x00\x00\x00\x00\x00\x00\x00\x00\x00\x00\
\x00\x00\x00\x00\x00\x00\x00\x00\x00\x00\x00\x00\x00\x00\x00\x00\
\x00\x00\x00\x00\x00\x00\x00\x00\x00\x00\x00\x00\x00\x00\x00\x00\
\x00\x00\x00\x00\x00\x00\x00\x00\x00\x00\x00\x00\x00\x00\x00\x00\
\x00\x00\x00\x00\x00\x00\x00\x00\x00\x00\x00\x00\x00\x00\x00\x00\
\x00\x00\x00\x00\x00\x00\x00\x00\x00\x00\x00\x00\x00\x00\x00\x00\
\x00\x00\x00\x00\x00\x00\x00\x00\x00\x00\x00\x00\x00\x00\x00\x00\
\x00\x00\x00\x00\x00\x00\x00\x00\x00\x00\x00\x00\x00\x00\x00\x00\
\x00`Nm\xecOPUoJ\xf2\xce$\xf7'\xb9\
'\xc9\xbdI^\x9b\xe4\xce$w%\xf9\xb6\xb1\xcf\x00\
\x00\x0b\xf4\xad$_O\xf2l\x92\xffN\xf2T\x92\xab\
I\xfe5\xc9\xdf\xb4\xd6\xfes\xccO>x\x00TU\
K\xf2\xf6$\xefK\xf2\xae$w\x0f\xfd9\x00\xa0\x03\
O'y\x22\xc9_\xb4\xd6>7\xf4\x07\x1f,\x00\xaa\
\xea\xce$\x1fL\xf2\x81\x5c\xfb\x9b>\x000\x8c\xabI\
\xfe$\xc9\xa7Zk\xcf\x0d\xf1\x01\x8f\x0e\x80\xaa\xba#\
\xc9\xaf$\xf9p\x92\xd7\x1d}\x22\x00\xe0\x22_M\xf2\
\xb1$\x7f\xd0Z{\xfe\x98\x0ftT\x00T\xd5O'\
\xf9\xc3$o>\xe6\xe3\x00\x00{\xf9R\x92\x87[k\
\x7fy\xe8\x078(\x00\xaa\xea{\x92\xfcY\x92\x9f9\
\xf4\x13\x03\x00G\xfbL\x92\xf7\xb7\xd6\xfew\xdf\x07\xee\
\x1d\x00U\xf5#I\x1eO\xf2\x03\xfb>\x16\x00\x18\xdc\
\xbf'y\xb0\xb5\xf6\xf7\xfb<\xe8d\x9f\x8b\xab\xea\xbd\
I\xfe.\xc6\x1f\x00\x96\xe2\xfb\x93\xfcuU\xfd\xfc>\
\x0f\xda9\x00\xaa\xea\xa1$\x7f\x9e\xe4;\xf6<\x18\x00\
0\xae\xefL\xf2XU=\xb2\xeb\x03v\x0a\x80\xaa\xfa\
\xf5$\x7f\xb4\xeb\xf5\x00\xc0\xe4Z\x92\xdf\xaf\xaa_\xdb\
\xf5\xe2KU\xd5\x87\x92\xfc\xf1\xb1\xa7\x02\x00&\xf3p\
k\xed\xe3\x97]pi\x00T\xd5{\x92<\x1a\x7f\xf3\
\x07\x805y)\xc9{Zk\x8f_t\xc1\x85\x01P\
UoK\xf2\xb9$\xb7\x8dp0\x00`\x5c/&\xf9\
\xf1\xd6\xda?\x9d\xf7\xces\x03\xa0\xaa\xbe;\xc9?\xc6\
\xcf\xf1\x07\x805{*\xc9\x03\xad\xb5\xaf\x9d}\xc7E\
\xb7\xf6\xff4\xc6\x1f\x00\xd6\xee\x9e\x5c{\x0d\x81Wy\
\xd5\x1d\x80\xaazw\x92\xbf\x1a\xfbD\x00\xc0d~\xaa\
\xb5\xf6\xd9\xd3o\xb8)\x00\xaa\xea\xf6$O&y\xcb\
\x94\xa7\x02\x00F\xf5oI\xdez\xfa\x95\x04\xcf\xfe\x13\
\xc0#1\xfe\x00\xb05oN\xf2\xd0\xe97\xbc|\x07\
\xe0\xfa\xcb\xfa~1\xc9\xeb'>\x14\x000\xbe\xaf$\
y\xcb\x8d\x97\x11>}\x07\xe0\x031\xfe\x00\xb0U\xdf\
\x97\xe4\x97n\xfc\xe1\xf4\x1d\x80+I\xee\x9b\xe3D\x00\
\xc0$\xbe\xd0Z\xbb/\xb9~\x07\xa0\xaa\xde\x1e\xe3\x0f\
\x00[\xf7\x83U\xf5@\xf2\xca?\x01\xbcw\xc6\xc3\x00\
\x00\xd3y_\xf2J\x00\xfc\xe4\x8c\x07\x01\x00\xa6\xf3\xae\
$iU\xf5\xa6$\xff1\xf3a\x00\x80\xe9\xbc\xf1$\
\xc9;\xe6>\x05\x000\xa9w\x9c$\xb9\x7f\xeeS\x00\
\x00\x93z\xebI\x92{\xe7>\x05\x000\xa9{Or\
\xed\x95\x82\x00\x80~\xdc{\x92\xe4{\xe7>\x05\x000\
\xa9\xd7\x9d$\xb9c\xeeS\x00\x00\x93\xba\xb3U\xd57\
\x93|\xfb\xdc'\x01\x00&\xf3\xcd\xb3/\x07\x0c\x00t\
\xe0$\xc9\xb3s\x1f\x02\x00\x98\xd47N\x92<7\xf7\
)\x00\x80I={\x92\xe4\xbf\xe6>\x05\x000\xa9\xaf\
\x9e$yz\xeeS\x00\x00\x93z\xea$\xc9\xd5\xb9O\
\x01\x00L\xea\xeaI\x92'\xe7>\x05\x000\xa9'[\
U\xbd!\xc9\x97\xe6>\x09\x000\x997\x9e\xb4\xd6\x9e\
\x89\xef\x03\x00\x80^\x5ci\xad=s\xe3\x07\x01=1\
\xebQ\x00\x80\xa9<\x91\x5c\xfbA@I\xf2\xe8\x8c\x07\
\x01\x00\xa6\xf3h\x92\xb4\x1b\x7f\xaa\xaa+I\xee\x9b\xed\
8\x00\xc0\xd8\xae\xb4\xd6~(y\xe5\x0e@\x92|j\
\xa6\xc3\x00\x00\xd3\xf8\xe4\x8d\xdf\x9c\xbe\x03pG\x92/\
&y\xfd\x1c'\x02\x00F\xf5\xe5$w\xb7\xd6\x9eO\
N\xdd\x01h\xad=\x97\xe4cs\x9d\x0a\x00\x18\xd5\xef\
\xdd\x18\xff\xe4\xd4\x1d\x80$\xa9\xaa\xdbr\xed\x07\x03\xdd\
=\xf5\xa9\x00\x80\xd1<\x9d\xe4\xfe\xd6\xda\x8b7\xdep\
\xfa{\x00\xd2Z{!\xc9CS\x9f\x0a\x00\x18\xd5\x87\
O\x8f\x7fr&\x00\x92\xa4\xb5\xf6D\x92\xc7';\x12\
\x000\xa6\xc7Zk\x9f=\xfb\xc6v\xde\x95U\xf5\x9a\
$\xff\x10\xff-\x10\x00\xd6\xec\xa9$\x0f\xb4\xd6\xbev\
\xf6\x1d\xaf\xba\x03\x90$\xad\xb5o$y0\xc9\x0b#\
\x1f\x0c\x00\x18\xc7\x8bI\x1e<o\xfc\x93\x0b\x02 I\
Zk\xff\x92\xe4\x17\x93\xbc4\xd2\xc1\x00\x80q\xbc\x94\
\xe4\x17Zk\xff|\xd1\x05\x17\x06@\x92\xb4\xd6>\x9d\
\xe4\x97\x87>\x15\x000\xaaGZk\x9f\xb9\xec\x82K\
\x03 IZk\x9fL\xf2\x9b\x83\x1d\x09\x00\x18\xd3G\
[k\x9f\xb8\xd5E\xe7~\x13\xe0y\xaa\xea#I~\
\xf7\xa8#\x01\x00c\xfa\xed\xd6\xda\xef\xecr\xe1\xce\x01\
\x90\x88\x00\x00X\xb0\x9d\xc7?\xd93\x00\x12\x11\x00\x00\
\x0b\xb4\xd7\xf8'\x07\x04@\x22\x02\x00`A\xf6\x1e\xff\
\xe4\xc0\x00HD\x00\x00,\xc0A\xe3\x9f\x1c\x11\x00\x89\
\x08\x00\x80\x19\x1d<\xfe\xc9\x91\x01\x90\x88\x00\x00\x98\xc1\
Q\xe3\x9f\x0c\x10\x00\x89\x08\x00\x80\x09\x1d=\xfe\xc9@\
\x01\x90\x88\x00\x00\x98\xc0 \xe3\x9f\x0c\x18\x00\x89\x08\x00\
\x80\x11\x0d6\xfe\xc9\xc0\x01\x90\x88\x00\x00\x18\xc1\xa0\xe3\
\x9f\x8c\x10\x00\x89\x08\x00\x80\x01\x0d>\xfe\xc9H\x01\x90\
\x88\x00\x00\x18\xc0(\xe3\x9f\x8c\x18\x00\x89\x08\x00\x80#\
\x8c6\xfe\xc9\xc8\x01\x90\x88\x00\x008\xc0\xa8\xe3\x9fL\
\x10\x00\x89\x08\x00\x80=\x8c>\xfe\xc9D\x01\x90\x88\x00\
\x00\xd8\xc1$\xe3\x9fL\x18\x00\x89\x08\x00\x80KL6\
\xfe\xc9\xc4\x01\x90\x88\x00\x008\xc7\xa4\xe3\x9f\xcc\x10\x00\
\x89\x08\x00\x80S&\x1f\xffd\xa6\x00HD\x00\x00d\
\xa6\xf1Of\x0c\x80D\x04\x00\xd0\xb5\xd9\xc6?\x999\
\x00\x12\x11\x00@\x97f\x1d\xffd\x01\x01\x90\x88\x00\x00\
\xba2\xfb\xf8'\x0b\x09\x80D\x04\x00\xd0\x85E\x8c\x7f\
\xb2\xa0\x00HD\x00\x00\x9b\xb6\x98\xf1O\x16\x16\x00\x89\
\x08\x00`\x93\x165\xfe\xc9\x02\x03 \x11\x01\x00l\xca\
\xe2\xc6?Yh\x00$\x22\x00\x80MX\xe4\xf8'\x0b\
\x0e\x80D\x04\x00\xb0j\x8b\x1d\xffd\xe1\x01\x90\x88\x00\
\x00Vi\xd1\xe3\x9f\xac \x00\x12\x11\x00\xc0\xaa,~\
\xfc\x93\x95\x04@\x22\x02\x00X\x85U\x8c\x7f\xb2\xa2\x00\
HD\x00\x00\x8b\xb6\x9a\xf1OV\x16\x00\x89\x08\x00`\
\x91V5\xfe\xc9\x0a\x03 \x11\x01\x00,\xca\xea\xc6?\
Yi\x00$\x22\x00\x80EX\xe5\xf8'+\x0e\x80D\
\x04\x000\xab\xd5\x8e\x7f\xb2\xf2\x00HD\x00\x00\xb3X\
\xf5\xf8'\x1b\x08\x80D\x04\x000\xa9\xd5\x8f\x7f\xb2\x91\
\x00HD\x00\x00\x93\xd8\xc4\xf8'\x1b\x0a\x80D\x04\x00\
0\xaa\xcd\x8c\x7f\xb2\xb1\x00HD\x00\x00\xa3\xd8\xd4\xf8\
'\x1b\x0c\x80D\x04\x000\xa8\xcd\x8d\x7f\xb2\xd1\x00H\
D\x00\x00\x83\xd8\xe4\xf8'\x1b\x0e\x80D\x04\x00p\x94\
\xcd\x8e\x7f\xb2\xf1\x00HD\x00\x00\x07\xd9\xf4\xf8'\x1d\
\x04@\x22\x02\x00\xd8\xcb\xe6\xc7?\xe9$\x00\x12\x11\x00\
\xc0N\xba\x18\xff\xa4\xa3\x00HD\x00\x00\x97\xeaf\xfc\
\x93\xce\x02 \x11\x01\x00\x9c\xab\xab\xf1O:\x0c\x80D\
\x04\x00p\x93\xee\xc6?\xe94\x00\x12\x11\x00@\x92N\
\xc7?\xe98\x00\x12\x11\x00\xd0\xb9n\xc7?\xe9<\x00\
\x12\x11\x00\xd0\xa9\xae\xc7?\x11\x00ID\x00@g\xba\
\x1f\xffD\x00\xbcL\x04\x00t\xc1\xf8_'\x00N\x11\
\x01\x00\x9bf\xfcO\x11\x00g\x88\x00\x80M2\xfeg\
\x08\x80s\x88\x00\x80M1\xfe\xe7\x10\x00\x17\x10\x01\x00\
\x9b`\xfc/ \x00.!\x02\x00V\xcd\xf8_B\x00\
\xdc\x82\x08\x00X%\xe3\x7f\x0b\x02`\x07\x22\x00`U\
\x8c\xff\x0e\x04\xc0\x8eD\x00\xc0*\x18\xff\x1d\x09\x80=\
\x88\x00\x80E3\xfe{\x10\x00{\x12\x01\x00\x8bd\xfc\
\xf7$\x00\x0e \x02\x00\x16\xc5\xf8\x1f@\x00\x1cH\x04\
\x00,\x82\xf1?\x90\x008\x82\x08\x00\x98\x95\xf1?\x82\
\x008\x92\x08\x00\x98\x85\xf1?\x92\x00\x18\x80\x08\x00\x98\
\x94\xf1\x1f\x80\x00\x18\x88\x08\x00\x98\x84\xf1\x1f\x88\x00\x18\
\x90\x08\x00\x18\x95\xf1\x1f\x90\x00\x18\x98\x08\x00\x18\x85\xf1\
\x1f\x98\x00\x18\x81\x08\x00\x18\x94\xf1\x1f\x81\x00\x18\x89\x08\
\x00\x18\x84\xf1\x1f\x89\x00\x18\x91\x08\x008\x8a\xf1\x1f\x91\
\x00\x18\x99\x08\x008\x88\xf1\x1f\x99\x00\x98\x80\x08\x00\xd8\
\x8b\xf1\x9f\x80\x00\x98\x88\x08\x00\xd8\x89\xf1\x9f\x88\x00\x98\
\x90\x08\x00\xb8\x94\xf1\x9f\x90\x00\x98\x98\x08\x008\x97\xf1\
\x9f\x98\x00\x98\x81\x08\x00\xb8\x89\xf1\x9f\x81\x00\x98\x89\x08\
\x00Hb\xfcg#\x00f$\x02\x80\xce\x19\xff\x19\x09\
\x80\x99\x89\x00\xa0S\xc6\x7ff\x02`\x01D\x00\xd0\x19\
\xe3\xbf\x00\x02`!D\x00\xd0\x09\xe3\xbf\x10\x02`A\
D\x00\xb0q\xc6\x7fA\x04\xc0\xc2\x88\x00`\xa3\x8c\xff\
\xc2\x08\x80\x05\x12\x01\xc0\xc6\x18\xff\x05\x12\x00\x0b%\x02\
\x80\x8d0\xfe\x0b%\x00\x16L\x04\x00+g\xfc\x17L\
\x00,\x9c\x08\x00V\xca\xf8/\x9c\x00X\x01\x11\x00\xac\
\x8c\xf1_\x01\x01\xb0\x12\x22\x00X\x09\xe3\xbf\x12\x02`\
ED\x00\xb0p\xc6\x7fE\x04\xc0\xca\x88\x00`\xa1\x8c\
\xff\xca\x08\x80\x15\x12\x01\xc0\xc2\x18\xff\x15\x12\x00+%\
\x02\x80\x850\xfe+%\x00VL\x04\x0033\xfe+\
&\x00VN\x04\x0031\xfe+'\x006@\x04\x00\
\x133\xfe\x1b \x006B\x04\x00\x131\xfe\x1b!\x00\
6D\x04\x00#3\xfe\x1b\x22\x006F\x04\x00#1\
\xfe\x1b#\x006H\x04\x00\x033\xfe\x1b$\x006J\
\x04\x00\x031\xfe\x1b%\x006L\x04\x00G2\xfe\x1b\
&\x006N\x04\x00\x072\xfe\x1b'\x00: \x02\x80\
=\x19\xff\x0e\x08\x80N\x88\x00`G\xc6\xbf\x13\x02\xa0\
#\x22\x00\xb8\x05\xe3\xdf\x11\x01\xd0\x19\x11\x00\x5c\xc0\xf8\
wF\x00tH\x04\x00g\x18\xff\x0e\x09\x80N\x89\x00\
\xe0:\xe3\xdf)\x01\xd01\x11\x00\xdd3\xfe\x1d\x13\x00\
\x9d\x13\x01\xd0-\xe3\xdf9\x01\x80\x08\x80\xfe\x18\x7f\x04\
\x00\xd7\x88\x00\xe8\x86\xf1'\x89\x00\xe0\x14\x11\x00\x9bg\
\xfcy\x99\x00\xe0&\x22\x006\xcb\xf8s\x13\x01\xc0\xab\
\x88\x00\xd8\x1c\xe3\xcf\xab\x08\x00\xce%\x02`3\x8c?\
\xe7\x12\x00\x5cH\x04\xc0\xea\x19\x7f.$\x00\xb8\x94\x08\
\x80\xd52\xfe\x5cJ\x00pK\x22\x00V\xc7\xf8sK\
\x02\x80\x9d\x88\x00X\x0d\xe3\xcfN\x04\x00;\x13\x01\xb0\
x\xc6\x9f\x9d\x09\x00\xf6\x22\x02`\xb1\x8c?{\x11\x00\
\xecM\x04\xc0\xe2\x18\x7f\xf6&\x008\x88\x08\x80\xc50\
\xfe\x1cD\x00p0\x11\x00\xb33\xfe\x1cL\x00p\x14\
\x11\x00\xb31\xfe\x1cE\x00p4\x11\x00\x933\xfe\x1c\
M\x000\x08\x11\x00\x931\xfe\x0cB\x000\x18\x11\x00\
\xa33\xfe\x0cF\x000(\x11\x00\xa31\xfe\x0cJ\x00\
08\x11\x00\x833\xfe\x0cN\x000\x0a\x11\x00\x831\
\xfe\x8cB\x000\x1a\x11\x00G3\xfe\x8cF\x000*\
\x11\x00\x073\xfe\x8cJ\x000:\x11\x00{3\xfe\x8c\
N\x000\x09\x11\x00;3\xfeLB\x000\x19\x11\x00\
\xb7d\xfc\x99\x8c\x00`R\x22\x00.d\xfc\x99\x94\x00\
`r\x22\x00^\xc5\xf839\x01\xc0,D\x00\xbc\xcc\
\xf83\x0b\x01\xc0lD\x00\x18\x7f\xe6#\x00\x98\x95\x08\
\xa0c\xc6\x9fY\x09\x00f'\x02\xe8\x90\xf1gv\x02\
\x80E\x10\x01t\xc4\xf8\xb3\x08\x02\x80\xc5\x10\x01t\xc0\
\xf8\xb3\x18\x02\x80E\x11\x01l\x98\xf1gQ\x04\x00\x8b\
#\x02\xd8 \xe3\xcf\xe2\x08\x00\x16I\x04\xb0!\xc6\x9f\
E\x12\x00,\x96\x08`\x03\x8c?\x8b%\x00X4\x11\
\xc0\x8a\x19\x7f\x16M\x00\xb0x\x22\x80\x152\xfe,\x9e\
\x00`\x15D\x00+b\xfcY\x05\x01\xc0j\x88\x00V\
\xc0\xf8\xb3\x1a\x02\x80U\x11\x01,\x98\xf1gU\x04\x00\
\xab#\x02X \xe3\xcf\xea\x08\x00VI\x04\xb0 \xc6\
\x9fU\x12\x00\xac\x96\x08`\x01\x8c?\xab%\x00X5\
\x11\xc0\x8c\x8c?\xab&\x00X=\x11\xc0\x0c\x8c?\xab\
'\x00\xd8\x04\x11\xc0\x84\x8c?\x9b \x00\xd8\x0c\x11\xc0\
\x04\x8c?\x9b!\x00\xd8\x14\x11\xc0\x88\x8c?\x9b\x22\x00\
\xd8\x1c\x11\xc0\x08\x8c?\x9b#\x00\xd8$\x11\xc0\x80\x8c\
?\x9b$\x00\xd8,\x11\xc0\x00\x8c?\x9b%\x00\xd84\
\x11\xc0\x11\x8c?\x9b&\x00\xd8<\x11\xc0\x01\x8c?\x9b\
'\x00\xe8\x82\x08`\x0f\xc6\x9f.\x08\x00\xba!\x02\xd8\
\x81\xf1\xa7\x1b\x02\x80\xae\x88\x00.a\xfc\xe9\x8a\x00\xa0\
;\x22\x80s\x18\x7f\xba#\x00\xe8\x92\x08\xe0\x14\xe3O\
\x97\x04\x00\xdd\x12\x01\xc4\xf8\xd31\x01@\xd7D@\xd7\
\x8c?]\x13\x00tO\x04t\xc9\xf8\xd3=\x01\x00\x11\
\x01\x9d1\xfe\x10\x01\x00/\x13\x01]0\xfep\x9d\x00\
\x80SD\xc0\xa6\x19\x7f8E\x00\xc0\x19\x22`\x93\x8c\
?\x9c!\x00\xe0\x1c\x22`S\x8c?\x9cC\x00\xc0\x05\
D\xc0&\x18\x7f\xb8\x80\x00\x80K\x88\x80U3\xfep\
\x09\x01\x00\xb7 \x02V\xc9\xf8\xc3-\x08\x00\xd8\x81\x08\
X\x15\xe3\x0f;\x10\x00\xb0#\x11\xb0\x0a\xc6\x1fv$\
\x00`\x0f\x22`\xd1\x8c?\xecA\x00\xc0\x9eD\xc0\x22\
\x19\x7f\xd8\x93\x00\x80\x03\x88\x80E1\xfep\x00\x01\x00\
\x07\x12\x01\x8b`\xfc\xe1@\x02\x00\x8e \x02fe\xfc\
\xe1\x08\x02\x00\x8e$\x02fa\xfc\xe1H\x02\x00\x06 \
\x02&e\xfca\x00\x02\x00\x06\x22\x02&a\xfca \
\x02\x00\x06$\x02Fe\xfca@\x02\x00\x06&\x02F\
a\xfca`\x02\x00F \x02\x06e\xfca\x04\x02\x00\
F\x22\x02\x06a\xfca$\x02\x00F$\x02\x8eb\xfc\
aD\x02\x00F&\x02\x0eb\xfcad\x02\x00& \
\x02\xf6b\xfca\x02\x02\x00&\x22\x02vb\xfca\x22\
\x02\x00&$\x02.e\xfcaB\x02\x00&&\x02\xce\
e\xfcab\x02\x00f \x02nb\xfca\x06\x02\x00\
f\x22\x02\x92\x18\x7f\x00zTU\x1f\xa9~\xfd\xd6\xdc\
\xcf?\x00\xcc\xa6\xfa\x8c\x00\xe3\x0f\x00\xd5W\x04\x18\x7f\
\x00\xb8\xa1\xfa\x88\x00\xe3\x0f\x00g\xd5\xb6#\xc0\xf8\x03\
\xc0Ej\x9b\x11`\xfc\x01\xe0Vj[\x11`\xfc\x01\
`W\xb5\x8d\x080\xfe\x00\xb0\xafZw\x04\x18\x7f\x00\
8TU}t\xee%?\xc0o\xcc\xfd\xbc\x01\xc0\xea\
U\xd5\x87\xaa\xea[s\xaf\xfa\x0e\xfe\xaf\xaa>8\xf7\
\xf3\x05\x00\x9bQU?WU/\xcc<\xf0\x97y\xbe\
\xaa~v\xee\xe7\x09\x006\xa7\xaa~\xb8\xaa\xae\xce<\
\xf4\xe7\xf9BU\xbdm\xee\xe7\x07\x006\xab\xaa\xbe\xab\
\xaa>=\xf3\xe0\x9f\xf6XU\xdd5\xf7\xf3\x02\x00]\
\xa8\xaa\x9f\xa8\xaa+3\x0e\xff\xd3U\xf5\xee\xb9\x9f\x07\
\x00\xe8NU\xdd^U\xbfZU_\x99p\xf8\xbf\x5c\
\xd7\xfe{\xe2ms\x7f\xfd\x00\xd0\xb5\xaa\xba\xa3\xaa\x1e\
\xa9\xaa\xcf\x8f8\xfcW\xaa\xea\xe1\xaa\xba}\xee\xaf\x17\
\x008\xa3\xaa~\xac\xaa>Q\xd7\xbe1\xefX\x9f\xaf\
\xaa\x8fW\xd5\x8f\xce\xfdu\x01\xc3js\x1f\x00\x18O\
U\xbd!\xc9;\x93\xdc\x9f\xe4\x9e$\xf7&ym\x92\
\xbb\x92\xbc\xe6\xfae\xdfH\xf2\xf5$\xff\x93\xe4\xea\xf5\
_O&\xf9\xdb\xd6\xda3S\x9f\x19\x00\x00\x00\x00\x00\
\x00\x00\x00\x00\x00\x00\x00\x00\x00\x00\x00\x00\x00\x00\x00\x00\
\x00\x00\x00\x00\x00\x00\x00\x00\x00\x00\x00\x00\x00\x00\x00\x00\
\x00\x00\x00\x00\x00\x00\x00\x00\x00\x00\x00\x00\x00\x00\x00\x00\
\x00\x00\x00\x00\x00\x00\x00\x00\x00\x00\x00\x00\x00\x00\x00\x00\
\x00\x00\x00\x00\x00\x00\x00\x00\x00\x00\x00\x00\x00\x00\x00\x00\
\x00\x00\x00\x00\x00\x00\x00\x00\x00\x00\x00\x00\x00\x00\x00\x00\
\x00\x00\x00\x00\x00\x00\x00\x00\x00\x00\x00\x00\x00\x00\x00\x00\
\x00\x00\x00\x00\x00\x00\x00\x00\x00\x00\x00\x00\x00\x00\x00\x00\
\x00\x00\x00\x00\x00\x00\x00\x00\x00\x00\x00\x00\x00\x00\x00\x00\
\x00\x00\x00\x00\x00\x00\x00\x00\x00\x00\x00\x00\x00\x00\x00\x00\
\x00\x00\x00\x00\x00\x00\x00\x00\x00\x00\x00\x00\x00\x00\x00\x00\
\x00\x00\x00\x00\x00\x00\x00\x00\x00\x00\x00\x00\x00\x00\x00\x00\
\x00\x00\x00\x00\x00\x00\x00\x00\x00\x00\x00\x00\x00\x00\x00\x00\
\x00\x00\x00\x00\x00\x00\x00\x00\x00\xa0\x07\xff\x0f\x97\xcc\xdc\
\x09'_\x04\xa7\x00\x00\x00\x00IEND\xaeB`\
\x82\
"

qt_resource_name = b"\
\x00\x0c\
\x0a+\xa9\xf3\
\x00F\
\x00i\x00r\x00s\x00t\x00_\x00A\x00s\x00s\x00e\x00t\x00s\
\x00\x06\
\x04\x8a\x9c\xb3\
\x00A\
\x00s\x00s\x00e\x00t\x00s\
\x00\x0e\
\x038\x93\x87\
\x00u\
\x00s\x00e\x00r\x00_\x00w\x00h\x00i\x00t\x00e\x00.\x00p\x00n\x00g\
\x00\x15\
\x02\x82\xbb\xa7\
\x00t\
\x00r\x00a\x00n\x00s\x00a\x00c\x00t\x00i\x00o\x00n\x00_\x00w\x00h\x00i\x00t\x00e\
\x00.\x00p\x00n\x00g\
\x00\x0f\
\x0f5M\xe7\
\x00i\
\x00n\x00p\x00u\x00t\x00_\x00w\x00h\x00i\x00t\x00e\x00.\x00p\x00n\x00g\
\x00\x10\
\x0d\x96\xbdg\
\x00r\
\x00e\x00p\x00o\x00r\x00t\x00_\x00w\x00h\x00i\x00t\x00e\x00.\x00p\x00n\x00g\
\x00\x11\
\x06\x96\xaf\x87\
\x00c\
\x00a\x00r\x00e\x00t\x00u\x00p\x00_\x00w\x00h\x00i\x00t\x00e\x00.\x00p\x00n\x00g\
\
\x00\x13\
\x0bO\xa5'\
\x00c\
\x00a\x00r\x00e\x00t\x00d\x00o\x00w\x00n\x00_\x00w\x00h\x00i\x00t\x00e\x00.\x00p\
\x00n\x00g\
"

qt_resource_struct = b"\
\x00\x00\x00\x00\x00\x02\x00\x00\x00\x01\x00\x00\x00\x01\
\x00\x00\x00\x00\x00\x00\x00\x00\
\x00\x00\x00\x00\x00\x02\x00\x00\x00\x01\x00\x00\x00\x02\
\x00\x00\x00\x00\x00\x00\x00\x00\
\x00\x00\x00\x1e\x00\x02\x00\x00\x00\x06\x00\x00\x00\x03\
\x00\x00\x00\x00\x00\x00\x00\x00\
\x00\x00\x00R\x00\x00\x00\x00\x00\x01\x00\x00,g\
\x00\x00\x01\x9bJ.\xc7\x01\
\x00\x00\x000\x00\x00\x00\x00\x00\x01\x00\x00\x00\x00\
\x00\x00\x01\x9bJ2\xd3\x03\
\x00\x00\x00\xcc\x00\x00\x00\x00\x00\x01\x00\x00\xd5\xd0\
\x00\x00\x01\x9bJR\xda\x8f\
\x00\x00\x00\xf4\x00\x00\x00\x00\x00\x01\x00\x00\xe6\x1d\
\x00\x00\x01\x9bJQ\x83\x87\
\x00\x00\x00\xa6\x00\x00\x00\x00\x00\x01\x00\x00\x93=\
\x00\x00\x01\x9bJ1/\x9b\
\x00\x00\x00\x82\x00\x00\x00\x00\x00\x01\x00\x00o\x03\
\x00\x00\x01\x9bJ* \xa0\
"

def qInitResources():
    QtCore.qRegisterResourceData(0x03, qt_resource_struct, qt_resource_name, qt_resource_data)

def qCleanupResources():
    QtCore.qUnregisterResourceData(0x03, qt_resource_struct, qt_resource_name, qt_resource_data)

qInitResources()
